99401 -1
1
2
2
4
5
6
4
5
6
7
7
11
11
14
15
16
14
17
19
15
16
17
19
20
20
1
27
27
29
29
30
30
33
34
35
36
33
37
34
39
41
35
36
37
39
41
42
42
48
48
26
52
53
53
55
55
56
56
59
60
59
61
63
64
65
60
66
61
63
68
64
65
66
68
71
71
52
78
79
78
79
80
80
84
85
84
86
88
89
90
91
85
86
92
88
89
90
91
92
95
95
77
103
104
104
105
107
105
108
110
111
107
112
108
114
110
111
112
114
116
116
122
123
122
123
124
124
103
129
129
131
131
133
133
135
135
136
136
139
139
140
140
143
143
145
145
146
146
149
149
151
151
128
154
155
155
157
157
159
159
161
161
162
162
164
164
167
168
169
170
167
171
168
169
170
171
173
173
154
180
180
182
182
184
184
186
186
187
187
190
191
190
192
194
191
192
194
195
199
195
199
200
200
179
205
206
206
208
209
208
210
212
209
210
213
216
217
218
212
219
213
221
216
217
218
219
221
223
223
205
231
231
232
234
232
234
235
235
239
239
241
241
243
243
245
245
246
246
248
248
250
250
253
253
230
256
257
257
259
259
261
262
261
263
262
263
265
268
269
265
270
268
272
274
269
270
272
274
275
275
256
282
282
284
285
286
287
284
288
290
291
292
293
285
294
286
287
288
290
291
292
293
294
296
296
281
307
308
309
310
311
312
306
314
315
315
317
318
317
319
321
318
319
321
322
322
326
326
329
329
330
330
333
333
335
335
337
337
314
340
340
342
342
344
344
345
345
348
348
350
351
352
350
351
353
356
357
352
353
356
357
358
358
339
365
366
366
367
369
370
371
367
372
374
375
376
369
377
370
371
372
379
374
375
376
377
379
383
383
365
391
391
393
394
395
393
394
395
396
396
401
401
403
403
405
405
406
406
409
410
409
410
411
411
390
416
417
417
419
419
420
420
423
424
423
424
425
425
429
429
431
431
433
433
434
434
436
436
439
439
416
442
443
444
442
445
447
443
444
448
445
447
451
448
454
451
454
456
456
459
459
462
462
463
463
441
466
468
469
470
471
472
415
474
475
475
477
477
479
480
481
479
482
480
481
482
484
484
488
488
491
492
491
492
493
493
496
496
474
500
500
502
502
504
504
506
507
506
507
508
508
512
512
514
515
516
514
517
515
516
517
519
519
499
524
526
527
528
529
530
531
532
533
534
535
364
537
538
538
539
539
541
543
544
541
545
547
548
543
544
545
549
547
553
555
548
549
553
555
556
556
537
563
563
565
565
567
567
568
568
571
572
573
574
575
571
572
576
573
574
579
575
576
579
582
582
562
588
589
590
591
592
593
594
595
596
597
598
599
600
601
602
603
604
605
606
607
608
609
610
611
612
613
614
615
616
617
618
619
620
621
622
623
624
625
626
627
628
629
630
631
632
633
634
635
587
637
638
255
640
641
641
643
643
644
644
646
646
649
650
651
649
650
651
652
652
656
656
659
660
659
660
661
661
640
666
666
667
667
670
670
672
672
674
675
676
674
677
679
680
675
676
677
679
680
681
681
688
688
665
691
692
692
694
694
696
696
698
699
700
698
699
701
704
700
705
707
708
701
704
705
707
708
709
709
691
717
717
719
719
721
722
721
723
722
723
725
725
728
728
731
731
733
733
734
736
734
736
737
737
716
741
743
744
745
746
747
748
749
750
751
752
753
754
755
756
757
758
759
760
761
762
763
764
765
766
767
768
769
770
771
772
773
774
775
776
777
778
779
780
781
782
783
784
785
786
787
788
789
790
791
792
690
794
795
796
797
795
798
800
801
802
796
803
797
805
798
800
807
810
801
802
803
805
807
810
811
811
794
820
820
821
821
823
823
825
825
827
827
830
831
832
830
833
835
836
831
832
833
835
836
837
837
819
845
846
847
848
849
850
851
852
853
854
855
856
857
858
859
860
861
862
863
864
844
866
867
868
869
870
871
872
873
874
875
876
877
204
879
880
881
880
881
882
882
886
886
887
887
889
889
891
891
894
894
895
895
898
899
898
899
900
900
879
905
906
907
908
905
906
907
908
909
909
915
915
917
918
917
918
919
919
922
922
924
924
927
927
904
930
931
931
932
932
934
934
936
936
939
940
941
942
943
939
940
941
942
943
944
944
951
951
952
952
930
956
956
958
958
959
959
962
962
964
965
966
967
968
969
964
970
965
966
967
968
969
970
972
972
955
981
982
983
982
983
984
984
988
988
989
989
991
993
991
994
993
996
998
999
994
996
998
999
1000
1000
981
1007
1007
1008
1008
1010
1010
1013
1014
1015
1016
1013
1014
1017
1015
1020
1016
1022
1017
1024
1020
1022
1024
1026
1026
1006
1032
1033
1033
1035
1036
1037
1038
1039
1040
1035
1036
1041
1044
1045
1046
1037
1038
1039
1040
1041
1044
1045
1046
1047
1047
1032
1058
1058
1059
1059
1062
1062
1064
1064
1066
1066
1067
1069
1070
1071
1072
1073
1067
1069
1070
1071
1072
1073
1074
1074
1057
1083
1084
1084
1086
1087
1086
1087
1088
1088
1091
1091
1094
1094
1096
1097
1098
1099
1100
1096
1097
1098
1099
1100
1101
1101
1083
1109
1109
1111
1111
1113
1113
1115
1115
1116
1116
1119
1119
1121
1121
1123
1123
1124
1124
1127
1128
1127
1128
1129
1129
1108
1134
1135
1136
1137
1138
1139
1140
1141
1142
1143
1144
1145
1146
1147
1148
1149
1150
1151
1152
1153
1154
1155
1156
1157
1158
1159
1160
1161
1162
1163
1164
1165
1166
1167
1168
1133
1170
1171
1172
1173
1174
1175
1176
1177
1178
1179
1180
1181
1182
1183
1184
1185
1186
1187
1188
1189
1190
1191
1192
1193
1194
1195
1196
1197
1198
1199
1200
1201
1202
1203
1204
1205
1206
1207
1208
1209
1210
1211
1212
1213
1214
1215
1216
1217
1218
1082
1220
1221
1222
1221
1223
1225
1222
1223
1225
1226
1226
1230
1230
1232
1234
1235
1232
1234
1236
1235
1239
1236
1239
1241
1241
1220
1246
1247
1248
1249
1246
1247
1250
1248
1253
1255
1256
1249
1257
1250
1253
1259
1262
1255
1256
1257
1259
1262
1263
1263
1245
1271
1272
1273
1274
1275
1276
1277
1278
1270
1280
1031
1282
1283
1283
1284
1284
1287
1288
1287
1288
1289
1289
1292
1292
1295
1295
1297
1297
1298
1300
1301
1298
1300
1301
1302
1302
1282
1308
1308
1310
1310
1311
1311
1314
1315
1316
1317
1314
1315
1316
1318
1317
1318
1322
1325
1326
1322
1325
1326
1327
1327
1307
1333
1334
1335
1336
1334
1337
1339
1335
1340
1342
1336
1337
1343
1339
1340
1342
1346
1343
1346
1350
1350
1354
1354
1355
1355
1333
1359
1359
1361
1361
1363
1364
1363
1364
1365
1365
1369
1369
1370
1370
1373
1373
1375
1375
1377
1377
1379
1379
1380
1380
1358
1384
1385
1386
1387
1388
1389
1390
1391
1392
1393
1394
1395
1396
1397
1383
1399
1400
1401
1402
1403
1404
1405
1406
1407
1408
1409
1410
1411
1412
1413
1414
1415
1416
1417
1418
1419
1420
1421
1422
1423
1424
1332
1426
1427
1427
1429
1430
1429
1430
1431
1431
1434
1436
1434
1436
1437
1440
1437
1441
1440
1443
1441
1443
1445
1445
1448
1448
1426
1452
1452
1454
1454
1455
1457
1455
1458
1460
1461
1457
1462
1458
1460
1464
1467
1468
1461
1462
1464
1467
1468
1469
1469
1451
1477
1478
1479
1480
1481
1482
1483
1484
1485
1486
1487
1488
1489
1490
1491
1492
1493
1494
1495
1496
1497
1498
1499
1500
1501
1502
1503
1504
1505
1506
1507
1508
1509
1510
1511
1512
1513
1514
1476
1516
1517
1518
1519
1517
1520
1522
1523
1524
1518
1525
1519
1520
1522
1523
1524
1525
1527
1534
1535
1527
1534
1535
1536
1536
1516
1542
1543
1542
1543
1544
1544
1547
1547
1550
1550
1551
1551
1554
1554
1555
1557
1558
1559
1555
1557
1558
1559
1560
1560
1541
1567
1568
1569
1570
1571
1572
1573
1574
1575
1576
1577
1566
1579
1580
1581
1582
1583
1584
1585
1586
1587
1588
1589
1590
980
1592
1593
1593
1594
1596
1597
1598
1594
1599
1596
1597
1598
1601
1605
1599
1601
1605
1606
1606
1610
1610
1613
1613
1614
1614
1592
1618
1619
1618
1620
1619
1620
1622
1625
1622
1626
1628
1629
1625
1630
1632
1633
1626
1628
1629
1630
1632
1633
1634
1634
1617
1643
1644
1644
1646
1646
1648
1649
1648
1649
1650
1653
1654
1655
1650
1653
1656
1654
1659
1661
1655
1656
1659
1661
1662
1662
1643
1669
1669
1670
1670
1673
1673
1675
1675
1676
1676
1678
1678
1680
1680
1682
1682
1684
1684
1687
1687
1688
1688
1691
1691
1668
1694
1695
1696
1697
1698
1699
1695
1700
1696
1702
1704
1697
1698
1699
1700
1705
1702
1710
1704
1712
1705
1710
1712
1714
1714
1694
1720
1720
1722
1723
1722
1723
1724
1724
1728
1728
1730
1731
1730
1731
1732
1735
1736
1732
1737
1735
1736
1737
1739
1739
1719
1745
1746
1746
1747
1747
1749
1749
1752
1752
1753
1753
1755
1755
1758
1758
1760
1760
1761
1761
1763
1763
1765
1765
1767
1767
1745
1771
1771
1773
1773
1774
1774
1777
1778
1777
1779
1781
1782
1778
1783
1779
1781
1785
1782
1783
1785
1788
1788
1792
1792
1770
1796
1795
1798
1799
1800
1801
1802
1803
1804
1805
1806
1807
1808
1809
1810
1811
1812
1813
1814
1815
1816
1817
1818
1819
1820
1821
1822
1823
1824
1825
1826
1827
1828
1829
1830
1831
1744
1833
1834
1834
1836
1836
1838
1838
1840
1840
1842
1842
1844
1845
1846
1847
1848
1844
1845
1846
1849
1847
1848
1849
1853
1853
1833
1859
1859
1861
1861
1863
1863
1865
1865
1867
1867
1869
1869
1871
1871
1873
1873
1875
1875
1877
1878
1877
1878
1879
1879
1858
1884
1885
1886
1887
1888
1889
1890
1891
1892
1893
1894
1895
1896
1883
1693
1899
1900
1900
1901
1901
1904
1904
1905
1905
1907
1909
1907
1909
1910
1910
1914
1914
1915
1915
1918
1918
1920
1920
1921
1921
1899
1925
1925
1927
1927
1928
1928
1931
1932
1933
1931
1932
1933
1934
1934
1938
1938
1941
1941
1942
1944
1942
1944
1945
1945
1924
1950
1951
1952
1953
1954
1955
1956
1957
1958
1959
1960
1961
1962
1963
1964
1965
1966
1967
1968
1969
1970
1971
1972
1973
1974
1975
1976
1977
1978
1979
1980
1981
1982
1983
1984
1985
1986
1987
1988
1989
1990
1991
1992
1949
1994
1995
1996
1997
1998
1999
2000
2001
2002
2003
2004
2005
2006
2007
2008
2009
2010
2011
2012
2013
2014
2015
2016
2017
1642
2019
2020
2020
2022
2022
2024
2024
2025
2025
2027
2029
2030
2027
2031
2029
2033
2035
2030
2031
2033
2035
2036
2036
2041
2041
2019
2045
2045
2047
2048
2047
2048
2049
2049
2053
2053
2055
2056
2055
2056
2057
2057
2061
2061
2063
2063
2065
2065
2067
2067
2044
2070
2071
2071
2073
2073
2074
2074
2077
2077
2079
2080
2079
2080
2081
2081
2085
2085
2087
2087
2089
2089
2091
2091
2092
2092
2070
2096
2096
2098
2098
2099
2099
2102
2102
2104
2104
2106
2106
2107
2109
2107
2110
2109
2110
2112
2112
2116
2116
2117
2117
2095
2121
2122
2123
2122
2124
2123
2124
2126
2126
2130
2130
2131
2131
2134
2134
2136
2137
2138
2139
2136
2137
2138
2139
2140
2140
2121
2147
2147
2148
2148
2151
2151
2153
2154
2153
2155
2157
2154
2158
2155
2160
2157
2158
2162
2160
2162
2165
2165
2169
2169
2146
2172
2173
2173
2175
2175
2176
2176
2179
2179
2181
2181
2183
2183
2185
2186
2185
2186
2187
2187
2191
2192
2191
2192
2193
2193
2172
2198
2199
2198
2199
2200
2203
2204
2205
2200
2206
2203
2204
2205
2206
2208
2208
2214
2214
2215
2215
2218
2218
2219
2219
2197
2222
2171
2225
2226
2226
2228
2228
2230
2231
2232
2233
2234
2235
2236
2237
2230
2231
2232
2238
2233
2234
2235
2236
2237
2238
2242
2242
2225
2251
2251
2252
2252
2255
2255
2257
2257
2259
2259
2261
2261
2262
2262
2265
2265
2266
2266
2268
2268
2271
2271
2273
2273
2250
2276
2277
2278
2279
2280
2281
2282
2283
2284
2285
2286
2287
2288
2289
2290
2291
2292
2293
2294
2295
2296
2275
2298
2299
2299
2300
2300
2303
2303
2305
2305
2307
2307
2309
2310
2311
2312
2313
2309
2310
2311
2314
2312
2313
2314
2318
2318
2298
2324
2324
2325
2327
2325
2328
2327
2328
2330
2333
2330
2334
2336
2333
2337
2334
2339
2336
2341
2337
2339
2341
2343
2343
2348
2349
2120
2351
2352
2352
2354
2354
2356
2356
2357
2357
2360
2360
2362
2362
2364
2365
2364
2366
2368
2369
2365
2366
2368
2369
2370
2370
2351
2377
2377
2379
2379
2381
2382
2381
2382
2383
2386
2383
2386
2387
2387
2391
2391
2392
2392
2395
2395
2396
2396
2399
2399
2376
2402
2403
2404
2405
2401
2407
2408
2409
2410
2411
2412
2413
2069
2415
2416
2417
2418
2416
2419
2421
2417
2418
2419
2422
2421
2426
2428
2422
2426
2429
2432
2433
2428
2429
2432
2433
2434
2434
2415
2441
2441
2442
2442
2445
2446
2445
2447
2449
2450
2451
2446
2452
2447
2449
2454
2450
2451
2452
2457
2454
2457
2461
2461
2440
2466
2467
2467
2469
2469
2471
2471
2472
2474
2472
2475
2474
2475
2477
2477
2481
2481
2483
2483
2485
2485
2487
2487
2489
2489
2466
2492
2493
2492
2493
2494
2494
2497
2497
2499
2499
2502
2503
2504
2505
2506
2502
2507
2503
2504
2505
2506
2507
2509
2509
2491
2517
2518
2518
2519
2519
2521
2521
2524
2525
2526
2527
2524
2525
2526
2528
2527
2532
2528
2532
2534
2534
2538
2538
2539
2539
2517
2543
2543
2545
2545
2546
2548
2549
2550
2551
2552
2546
2548
2549
2553
2557
2550
2558
2551
2552
2553
2557
2558
2560
2560
2542
2568
2569
2570
2571
2572
2573
2574
2575
2576
2577
2578
2579
2580
2581
2582
2583
2584
2585
2586
2587
2588
2589
2590
2591
2592
2593
2594
2595
2596
2597
2598
2599
2600
2601
2602
2603
2604
2605
2606
2607
2608
2609
2567
2611
2612
2613
2614
2615
2616
2617
2618
2619
2620
2621
2622
2623
2624
2625
2626
2627
2628
2629
2630
2631
2632
2633
2634
2635
2636
2637
2638
2639
2640
2641
2642
2643
2644
2645
2646
2516
2648
2649
2649
2651
2652
2653
2654
2655
2656
2651
2652
2657
2660
2661
2653
2662
2654
2655
2656
2657
2660
2661
2662
2664
2664
2648
2674
2674
2676
2676
2678
2678
2680
2681
2680
2681
2682
2685
2682
2686
2685
2688
2690
2691
2686
2688
2690
2691
2692
2692
2673
2699
2700
2700
2701
2703
2704
2705
2701
2706
2708
2709
2703
2704
2705
2706
2710
2708
2715
2717
2709
2710
2715
2717
2718
2718
2699
2725
2725
2727
2728
2727
2729
2731
2732
2728
2729
2733
2736
2731
2732
2733
2737
2736
2741
2737
2743
2741
2743
2745
2745
2724
2750
2749
2752
2753
2754
2755
2756
2757
2758
2759
2760
2761
2762
2763
2764
2765
2766
2767
2768
2769
2770
2771
2772
2773
2774
2775
2776
2777
2778
2779
2780
2781
2782
2783
2784
2785
2786
2787
2788
2789
2790
2791
2792
2793
2794
2795
2796
2797
2798
2698
2800
2801
2801
2802
2802
2805
2805
2806
2806
2809
2809
2810
2812
2813
2814
2810
2815
2812
2813
2817
2814
2815
2817
2820
2820
2800
2826
2826
2828
2828
2829
2829
2831
2831
2834
2835
2836
2834
2835
2837
2840
2841
2836
2842
2837
2840
2841
2842
2844
2844
2825
2850
2852
2853
2854
2855
2856
2857
2858
2859
2860
2861
2862
2863
2465
2865
2866
2866
2868
2868
2869
2869
2872
2872
2874
2874
2876
2876
2878
2879
2878
2879
2880
2880
2883
2883
2886
2886
2888
2888
2865
2891
2891
2893
2893
2894
2894
2897
2897
2899
2900
2901
2899
2902
2904
2905
2900
2901
2902
2904
2906
2905
2906
2911
2911
2890
2916
2917
2917
2919
2920
2919
2920
2921
2921
2925
2925
2927
2927
2929
2930
2931
2932
2933
2929
2930
2931
2932
2933
2934
2934
2916
2942
2942
2944
2944
2945
2947
2945
2947
2948
2948
2952
2953
2954
2952
2955
2957
2953
2958
2954
2955
2957
2958
2960
2960
2941
2967
2968
2969
2970
2966
2972
2973
2974
2973
2975
2977
2978
2979
2974
2980
2982
2975
2983
2977
2985
2978
2987
2979
2980
2982
2983
2985
2987
2989
2989
2972
2998
2998
3000
3000
3001
3001
3003
3003
3006
3006
3008
3008
3010
3010
3011
3011
3014
3014
3016
3017
3016
3017
3018
3018
3022
2915
3024
3025
3026
3027
3028
3029
3030
3031
3032
3033
3034
3035
3036
3037
3038
3039
3040
3041
3042
3043
3044
3045
3046
3047
3048
3049
3050
3051
3052
3053
3054
929
3056
3057
3057
3058
3058
3061
3061
3062
3062
3065
3065
3067
3068
3069
3067
3068
3070
3073
3069
3070
3074
3073
3074
3077
3077
3056
3082
3082
3084
3084
3086
3086
3088
3088
3090
3090
3092
3092
3093
3093
3096
3096
3098
3098
3100
3100
3101
3101
3104
3104
3081
3107
3108
3108
3109
3109
3111
3111
3114
3114
3115
3115
3118
3118
3120
3121
3120
3122
3121
3124
3122
3126
3124
3126
3128
3128
3107
3133
3133
3135
3135
3137
3137
3138
3140
3138
3141
3143
3144
3145
3146
3147
3140
3141
3143
3144
3145
3146
3147
3148
3148
3132
3157
3106
3160
3161
3161
3163
3163
3165
3166
3167
3165
3166
3168
3171
3167
3168
3172
3175
3176
3177
3171
3172
3175
3176
3177
3178
3178
3160
3186
3186
3188
3188
3190
3191
3190
3191
3192
3192
3196
3197
3198
3199
3200
3196
3197
3198
3201
3199
3200
3201
3205
3205
3185
3211
3212
3212
3214
3214
3216
3217
3218
3219
3216
3220
3222
3223
3224
3217
3225
3218
3219
3220
3222
3223
3224
3225
3227
3227
3211
3237
3237
3238
3238
3241
3241
3243
3243
3244
3246
3244
3247
3246
3249
3251
3252
3253
3247
3249
3251
3252
3253
3254
3254
3236
3262
3263
3264
3265
3266
3267
3268
3269
3270
3271
3272
3273
3274
3275
3276
3277
3278
3279
3280
3281
3282
3261
3284
3285
3286
3287
3288
3289
3290
3291
3292
3293
3294
3295
3296
3297
3298
3299
3300
3301
3302
3210
3304
3305
3306
3307
3308
3309
3310
3311
3312
3313
3314
3315
3316
3317
3318
3319
3320
3321
3322
3323
3324
3325
3326
3327
3328
3329
3330
3331
3332
3333
3334
3335
3336
153
3338
3339
3339
3340
3340
3343
3344
3343
3345
3347
3344
3345
3347
3348
3352
3348
3352
3353
3353
3356
3358
3356
3358
3359
3359
3338
3364
3364
3365
3365
3368
3368
3370
3371
3372
3373
3374
3375
3376
3370
3371
3377
3372
3373
3374
3375
3376
3377
3380
3380
3363
3389
3390
3390
3392
3392
3394
3394
3396
3396
3398
3398
3400
3401
3402
3403
3400
3404
3406
3401
3402
3403
3404
3406
3407
3407
3389
3415
3415
3417
3418
3419
3420
3417
3418
3421
3419
3424
3420
3421
3426
3424
3429
3426
3431
3429
3431
3433
3433
3436
3436
3414
3439
3441
3442
3443
3444
3445
3446
3447
3448
3449
3450
3451
3452
3453
3454
3455
3456
3388
3458
3459
3460
3461
3462
3463
3464
3465
3466
3467
3468
3469
3470
3471
3472
3473
3474
3475
3476
3477
3478
3479
3480
3481
3482
3483
3484
3485
3486
3487
3488
102
3490
3491
3491
3493
3493
3495
3495
3497
3497
3499
3499
3501
3501
3503
3503
3505
3505
3507
3507
3509
3509
3511
3511
3512
3512
3490
3516
3516
3518
3518
3520
3520
3522
3522
3524
3525
3526
3524
3527
3525
3529
3526
3527
3531
3534
3529
3531
3534
3535
3535
3515
3541
3542
3542
3544
3544
3546
3546
3548
3549
3548
3549
3550
3550
3554
3554
3556
3556
3557
3559
3557
3559
3560
3560
3563
3563
3541
3567
3567
3569
3569
3571
3571
3573
3573
3575
3576
3577
3575
3576
3577
3578
3582
3578
3582
3583
3586
3583
3586
3587
3587
3566
3592
3593
3594
3595
3593
3596
3594
3598
3600
3601
3595
3596
3598
3600
3602
3601
3607
3602
3609
3607
3609
3611
3611
3615
3615
3592
3618
3619
3620
3618
3621
3623
3624
3619
3625
3620
3627
3621
3629
3631
3632
3623
3624
3625
3627
3629
3631
3632
3633
3633
3642
3643
3644
3645
3644
3646
3645
3648
3650
3651
3646
3652
3654
3655
3648
3650
3651
3656
3660
3652
3654
3655
3656
3660
3661
3661
3643
3669
3669
3670
3670
3673
3673
3675
3675
3677
3677
3679
3679
3681
3681
3683
3683
3685
3685
3687
3688
3687
3688
3689
3689
3668
3694
3695
3695
3697
3697
3698
3700
3701
3698
3700
3702
3701
3702
3705
3708
3709
3705
3710
3712
3708
3709
3710
3712
3713
3713
3694
3720
3720
3721
3723
3721
3724
3726
3727
3723
3724
3728
3731
3726
3727
3728
3731
3732
3732
3738
3738
3739
3739
3741
3741
3719
3745
3746
3747
3748
3749
3750
3751
3752
3753
3754
3755
3756
3757
3758
3759
3760
3744
3762
3763
3763
3765
3766
3767
3765
3766
3767
3768
3772
3768
3772
3773
3773
3777
3777
3779
3779
3780
3780
3783
3783
3784
3784
3762
3788
3789
3788
3789
3790
3793
3790
3793
3794
3794
3798
3798
3800
3800
3801
3801
3804
3804
3805
3805
3808
3808
3810
3810
3812
3813
3814
3693
3816
3817
3818
3819
3820
3821
3822
3823
3824
3591
3826
3827
3827
3829
3830
3831
3832
3833
3834
3829
3835
3830
3831
3837
3840
3841
3832
3833
3834
3835
3837
3840
3841
3842
3842
3826
3852
3853
3852
3853
3854
3854
3858
3858
3860
3861
3862
3863
3860
3864
3866
3867
3861
3862
3863
3864
3866
3867
3868
3868
3851
3877
3878
3878
3880
3880
3882
3882
3884
3884
3885
3887
3888
3889
3885
3887
3890
3893
3888
3894
3889
3890
3893
3894
3896
3896
3877
3903
3903
3905
3905
3906
3906
3909
3909
3911
3911
3913
3913
3915
3915
3916
3918
3916
3918
3919
3919
3923
3923
3925
3925
3902
3928
3929
3929
3931
3931
3932
3932
3935
3935
3937
3938
3937
3938
3939
3939
3943
3943
3944
3946
3947
3944
3946
3947
3948
3948
3928
3954
3954
3955
3955
3958
3958
3960
3960
3961
3961
3964
3964
3966
3967
3968
3966
3969
3971
3967
3968
3969
3971
3972
3972
3953
3979
3980
3981
3982
3983
3984
3985
3986
3987
3988
3989
3990
3991
3992
3993
3994
3995
3996
3997
3998
3999
4000
4001
4002
4003
4004
4005
4006
4007
4008
4009
4010
4011
4012
4013
4014
4015
4016
4017
3978
4019
4020
4021
4022
4023
4024
4020
4021
4022
4025
4023
4024
4025
4029
4029
4034
4034
4035
4035
4038
4038
4039
4039
4042
4042
4019
4045
4046
4045
4047
4046
4047
4049
4049
4052
4052
4054
4054
4057
4057
4059
4059
4061
4062
4063
4061
4062
4063
4064
4064
4044
4070
4071
4071
4072
4074
4075
4076
4072
4074
4077
4080
4081
4075
4082
4084
4076
4077
4080
4085
4081
4082
4084
4085
4089
4089
4070
4096
4096
4098
4098
4100
4101
4100
4102
4104
4101
4102
4105
4108
4104
4105
4109
4108
4112
4109
4112
4114
4114
4118
4118
4095
4121
4122
4123
4124
4125
4126
4127
4128
4129
4130
4131
4132
4133
4134
4135
4136
4137
4138
4139
4140
4141
4142
4143
4144
4145
4146
4147
4148
4149
4150
4151
4152
4153
4154
4155
4156
4120
4158
4159
4159
4161
4161
4163
4163
4165
4165
4166
4166
4169
4169
4171
4171
4173
4173
4175
4176
4177
4175
4176
4177
4178
4178
4158
4184
4185
4186
4187
4188
4184
4189
4191
4192
4193
4194
4195
4185
4186
4187
4188
4189
4191
4192
4193
4194
4195
4196
4196
4183
4209
4208
4211
4212
4213
4214
4215
4216
4069
4218
4219
4219
4220
4220
4223
4223
4224
4224
4226
4226
4228
4228
4231
4231
4233
4233
4234
4234
4236
4236
4238
4238
4240
4240
4218
4244
4245
4244
4246
4248
4245
4246
4249
4248
4249
4252
4252
4255
4255
4258
4258
4260
4260
4262
4263
4262
4263
4264
4264
4243
4269
4270
4270
4272
4273
4274
4272
4275
4273
4277
4274
4275
4279
4277
4282
4284
4285
4279
4282
4286
4284
4285
4286
4289
4289
4269
4295
4295
4297
4297
4299
4299
4300
4300
4303
4303
4304
4304
4306
4306
4309
4309
4311
4311
4313
4313
4315
4315
4317
4317
4294
4320
4321
4321
4323
4323
4325
4325
4327
4327
4329
4330
4329
4331
4330
4333
4331
4333
4335
4335
4339
4340
4339
4340
4341
4341
4320
4346
4346
4348
4348
4350
4350
4352
4352
4353
4353
4356
4357
4358
4359
4356
4360
4357
4362
4358
4359
4360
4362
4364
4364
4345
4371
4372
4372
4374
4374
4376
4376
4378
4378
4380
4381
4380
4381
4382
4382
4386
4386
4388
4388
4390
4391
4390
4391
4392
4392
4371
4397
4397
4398
4400
4398
4400
4401
4404
4401
4405
4407
4404
4408
4405
4410
4407
4408
4412
4410
4412
4415
4415
4418
4418
4396
4422
4423
4424
4425
4426
4427
4428
4429
4430
4431
4432
4433
4434
4435
4436
4437
4438
4439
4440
4441
4442
4443
4444
4445
4446
4447
4448
4449
4450
4451
4452
4453
4454
4455
4456
4457
4458
4459
4460
4461
4462
4463
4464
4465
4466
4467
4468
4421
4470
4471
4370
4473
4474
4474
4475
4475
4478
4478
4480
4480
4482
4482
4484
4484
4486
4486
4488
4489
4488
4489
4490
4493
4490
4493
4494
4494
4473
4499
4499
4500
4500
4503
4503
4505
4506
4507
4505
4508
4510
4511
4512
4506
4513
4507
4508
4510
4511
4512
4513
4515
4515
4523
4524
4525
4526
4527
4528
4529
4319
4531
4532
4532
4533
4533
4536
4536
4538
4539
4540
4538
4541
4543
4539
4540
4544
4541
4543
4547
4544
4550
4547
4550
4552
4552
4531
4557
4558
4557
4559
4558
4559
4561
4564
4565
4566
4561
4564
4567
4570
4571
4572
4565
4566
4567
4570
4571
4572
4573
4573
4556
4582
4583
4584
4585
4586
4581
4588
4589
4590
4591
4592
4593
4268
4595
4596
4597
4596
4597
4598
4598
4602
4602
4604
4604
4605
4607
4605
4607
4608
4608
4611
4611
4613
4615
4613
4615
4616
4616
4595
4621
4621
4623
4623
4625
4625
4626
4626
4629
4629
4630
4630
4633
4633
4635
4635
4636
4636
4639
4640
4639
4640
4641
4641
4620
4646
4647
4647
4649
4649
4650
4652
4653
4650
4654
4652
4656
4653
4654
4658
4656
4658
4661
4661
4665
4665
4667
4667
4668
4668
4646
4672
4672
4674
4674
4675
4675
4678
4678
4680
4681
4680
4681
4682
4685
4682
4686
4685
4686
4688
4688
4692
4692
4694
4694
4671
4697
4698
4699
4698
4700
4699
4702
4704
4700
4702
4705
4704
4705
4708
4708
4711
4711
4714
4714
4715
4715
4717
4717
4720
4720
4697
4723
4723
4725
4725
4727
4727
4729
4730
4731
4729
4732
4734
4735
4736
4730
4731
4732
4737
4734
4735
4736
4737
4741
4741
4722
4748
4749
4750
4751
4752
4753
4754
4755
4756
4757
4758
4759
4760
4761
4762
4763
4764
4765
4766
4747
4768
4769
4770
4771
4772
4773
4774
4775
4776
4777
4778
4779
4780
4781
4782
4783
4784
4785
4786
4787
4788
4789
4790
4791
4792
4793
4794
4795
4796
4797
4798
4799
4800
4801
4802
4803
4804
4805
4806
4807
4808
4809
4810
4811
4812
4813
4814
4815
4696
4817
4818
4819
4820
4821
4822
4823
4824
4825
4826
4827
4828
4829
4645
4831
4832
4833
4832
4833
4834
4834
4838
4838
4840
4840
4842
4842
4843
4843
4846
4846
4848
4848
4849
4849
4852
4852
4854
4854
4831
4857
4857
4858
4858
4861
4861
4862
4862
4865
4865
4866
4866
4869
4869
4871
4871
4873
4874
4875
4873
4874
4875
4876
4876
4856
4882
4883
4884
4881
4886
4887
4888
3927
4890
4891
4891
4892
4892
4895
4896
4895
4896
4897
4897
4900
4900
4902
4902
4905
4905
4907
4907
4909
4909
4911
4911
4913
4913
4890
4916
4916
4917
4917
4920
4920
4922
4923
4922
4924
4923
4924
4926
4926
4930
4930
4932
4932
4934
4934
4936
4936
4938
4938
4915
4941
4942
4943
4944
4942
4943
4944
4945
4945
4950
4950
4952
4952
4954
4954
4955
4957
4958
4955
4959
4957
4958
4959
4961
4961
4941
4967
4968
4967
4968
4969
4969
4973
4974
4975
4973
4976
4978
4974
4975
4979
4976
4982
4984
4978
4979
4982
4984
4985
4985
4966
4992
4993
4994
4993
4994
4995
4995
4998
4998
5001
5002
5003
5004
5005
5006
5007
5001
5002
5003
5004
5005
5006
5007
5008
5008
4992
5018
5018
5020
5020
5022
5022
5024
5024
5025
5025
5027
5027
5030
5030
5031
5031
5034
5035
5034
5036
5035
5036
5038
5038
5017
5043
5044
5044
5046
5047
5046
5048
5047
5050
5048
5050
5052
5055
5056
5052
5055
5057
5060
5061
5056
5057
5060
5061
5062
5062
5043
5069
5069
5071
5071
5073
5073
5074
5074
5076
5078
5079
5076
5080
5082
5083
5084
5078
5079
5080
5082
5083
5084
5085
5085
5068
5094
5095
5096
5097
5098
5099
5100
5101
5102
5103
5104
5105
5106
5107
5108
5109
5110
5111
5112
5113
5114
5115
5116
5117
5118
5119
5120
5121
5122
5123
5124
5125
5126
5127
5093
5129
5130
5131
5132
5133
5134
5135
5136
5137
5138
5139
5140
5141
5142
5143
5144
5145
5146
5147
5148
5149
5150
5151
5152
5153
5154
5155
5156
5157
5158
5159
5160
5161
5162
5163
5164
5165
5166
5167
5168
5169
5170
5042
5172
5173
5173
5175
5175
5177
5177
5179
5179
5180
5180
5182
5184
5182
5184
5185
5185
5188
5190
5188
5191
5190
5191
5193
5193
5172
5198
5198
5200
5200
5201
5201
5204
5204
5206
5206
5208
5209
5210
5211
5208
5212
5214
5209
5210
5211
5212
5214
5215
5215
5197
5223
5222
5225
5226
5227
5228
5229
4991
5231
5232
5232
5233
5233
5236
5236
5238
5238
5240
5241
5242
5240
5243
5241
5245
5247
5242
5243
5248
5245
5247
5248
5251
5251
5231
5257
5257
5259
5259
5261
5261
5263
5263
5265
5266
5267
5268
5265
5269
5271
5272
5266
5267
5268
5269
5271
5272
5273
5273
5256
5282
5283
5284
5285
5286
5281
5288
5289
5290
5291
5292
5293
5294
5295
5296
5297
5298
5299
5300
4940
5302
5303
5304
5303
5304
5305
5308
5309
5305
5310
5312
5313
5308
5309
5314
5310
5312
5313
5317
5314
5317
5321
5321
5325
5325
5302
5328
5328
5330
5330
5331
5331
5334
5335
5336
5337
5338
5339
5334
5340
5335
5342
5336
5337
5338
5339
5340
5342
5344
5344
5327
5353
5354
5354
5356
5356
5358
5359
5360
5361
5358
5362
5364
5359
5360
5361
5365
5362
5364
5369
5372
5365
5369
5372
5373
5373
5353
5379
5379
5381
5381
5382
5382
5385
5386
5385
5387
5386
5387
5389
5389
5392
5392
5394
5394
5396
5396
5399
5399
5400
5400
5378
5404
5405
5405
5407
5407
5409
5409
5411
5411
5413
5413
5414
5416
5414
5417
5416
5419
5421
5422
5417
5419
5421
5422
5423
5423
5404
5430
5430
5431
5431
5433
5433
5436
5436
5438
5438
5439
5439
5442
5443
5444
5445
5442
5443
5446
5444
5445
5446
5449
5449
5429
5455
5456
5456
5458
5458
5460
5461
5462
5463
5464
5465
5460
5461
5466
5469
5462
5470
5463
5464
5465
5466
5469
5470
5472
5472
5455
5481
5481
5482
5482
5484
5484
5487
5487
5488
5490
5491
5488
5490
5491
5492
5492
5496
5496
5499
5499
5500
5500
5502
5502
5480
5506
5507
5507
5508
5508
5510
5510
5512
5512
5515
5516
5515
5516
5517
5517
5521
5522
5521
5522
5523
5523
5526
5526
5528
5528
5506
5532
5532
5533
5535
5536
5533
5537
5535
5536
5537
5539
5539
5544
5544
5545
5545
5547
5547
5549
5551
5549
5551
5552
5552
5531
5557
5558
5559
5560
5561
5562
5563
5564
5565
5566
5567
5568
5569
5570
5571
5572
5573
5574
5575
5576
5577
5578
5579
5580
5581
5582
5583
5584
5585
5586
5587
5588
5556
5590
5591
5591
5593
5594
5593
5594
5595
5598
5599
5595
5600
5598
5599
5602
5600
5605
5607
5608
5602
5605
5607
5608
5609
5609
5590
5616
5616
5618
5618
5620
5620
5621
5621
5624
5625
5624
5625
5626
5629
5630
5631
5632
5626
5629
5630
5631
5632
5633
5633
5615
5641
5642
5643
5644
5645
5646
5647
5648
5649
5650
5651
5652
5653
5654
5640
5656
5657
5658
5659
5505
5661
5662
5663
5664
5665
5666
5667
5668
5669
5670
5671
5672
5673
5674
5675
5676
5677
5678
5679
5680
5681
5682
5683
5684
5454
5686
5687
5688
5689
5687
5688
5689
5690
5690
5695
5695
5697
5697
5699
5699
5701
5701
5703
5703
5704
5704
5707
5707
5708
5708
5686
5712
5713
5712
5714
5716
5717
5713
5718
5720
5721
5714
5722
5724
5725
5716
5717
5718
5720
5721
5722
5724
5725
5726
5726
5711
5737
5738
5739
5740
5736
5742
5743
5744
5745
5746
5747
5748
5749
5750
5751
5752
5753
5754
5755
5756
5757
5758
5759
5760
5761
5762
5763
5764
5765
5766
5767
5768
5403
5770
5771
5771
5773
5773
5774
5774
5777
5777
5779
5779
5780
5780
5783
5783
5785
5785
5786
5786
5788
5788
5790
5790
5792
5792
5770
5796
5796
5797
5797
5800
5800
5801
5801
5803
5803
5806
5807
5808
5806
5809
5807
5808
5811
5809
5811
5814
5814
5817
5817
5795
5821
5822
5822
5824
5824
5826
5826
5827
5827
5829
5829
5831
5833
5834
5835
5836
5837
5831
5833
5834
5835
5836
5837
5838
5838
5821
5847
5847
5849
5849
5850
5850
5853
5853
5854
5854
5856
5858
5856
5859
5858
5859
5861
5861
5865
5865
5867
5867
5868
5868
5846
5872
5873
5874
5875
5876
5877
5878
5879
5880
5881
5882
5883
5884
5885
5886
5887
5888
5889
5890
5891
5871
5893
5894
5895
5896
5897
5820
5899
5900
5901
5902
5903
5904
5905
5906
5907
5908
5909
5910
5911
5912
5913
5914
5915
5916
5917
5352
5919
5920
5920
5921
5921
5924
5925
5924
5925
5926
5926
5929
5931
5929
5931
5932
5935
5936
5932
5935
5936
5937
5937
5941
5941
5919
5945
5945
5947
5948
5949
5950
5947
5951
5953
5948
5954
5949
5956
5958
5950
5951
5953
5959
5954
5956
5958
5959
5963
5963
5969
5970
3876
5972
5973
5974
5975
5976
5977
5978
5979
5980
5981
5982
5983
5984
5985
5986
5987
5988
5989
5990
5991
5992
5993
5994
5995
5996
5997
5998
5999
6000
6001
6002
6003
6004
6005
6006
6007
3540
6009
6010
6011
6012
6010
6011
6012
6013
6013
6018
6018
6020
6021
6022
6023
6020
6021
6024
6027
6022
6023
6024
6027
6028
6028
6009
6035
6036
6037
6038
6039
6035
6040
6042
6043
6036
6037
6038
6039
6044
6040
6049
6051
6042
6043
6044
6049
6051
6052
6052
6034
6060
6061
6061
6063
6063
6065
6066
6065
6066
6067
6070
6067
6070
6071
6071
6074
6074
6077
6078
6079
6077
6078
6079
6080
6080
6060
6086
6086
6088
6088
6090
6090
6092
6092
6094
6094
6096
6097
6098
6099
6100
6101
6096
6097
6098
6099
6100
6101
6102
6102
6085
6111
6112
6113
6114
6115
6116
6117
6118
6119
6120
6121
6122
6123
6124
6125
6126
6127
6128
6129
6130
6131
6132
6133
6134
6135
6136
6137
6138
6139
6140
6141
6142
6143
6144
6145
6146
6147
6148
6149
6150
6151
6152
6153
6154
6155
6110
6157
6158
6159
6158
6160
6159
6162
6164
6160
6162
6165
6164
6168
6165
6168
6170
6170
6174
6174
6176
6177
6176
6177
6178
6178
6157
6183
6183
6185
6185
6186
6188
6189
6190
6186
6191
6193
6188
6194
6196
6197
6189
6190
6191
6193
6194
6196
6197
6198
6198
6182
6208
6209
6209
6211
6212
6213
6214
6215
6211
6212
6213
6214
6215
6216
6222
6223
6216
6222
6223
6224
6224
6229
6229
6231
6231
6208
6234
6234
6235
6235
6237
6237
6240
6240
6242
6242
6244
6244
6246
6247
6248
6246
6249
6247
6251
6248
6249
6251
6253
6253
6233
6259
6260
6260
6261
6261
6264
6264
6266
6267
6268
6266
6269
6271
6272
6273
6274
6267
6268
6269
6271
6272
6273
6274
6275
6275
6259
6285
6285
6287
6287
6288
6288
6291
6291
6292
6292
6294
6294
6297
6297
6298
6300
6301
6302
6298
6300
6301
6302
6303
6303
6284
6310
6311
6312
6313
6314
6315
6316
6317
6318
6319
6320
6321
6322
6323
6324
6309
6326
6327
6328
6329
6330
6331
6332
6333
6334
6335
6336
6337
6338
6339
6340
6341
6342
6343
6344
6345
6346
6347
6348
6349
6350
6351
6352
6353
6354
6355
6356
6357
6358
6359
6360
6361
6362
6363
6364
6365
6366
6367
6368
6369
6370
6371
6372
6258
6374
6375
6375
6377
6377
6378
6378
6380
6380
6382
6382
6384
6384
6387
6387
6388
6390
6388
6390
6391
6394
6391
6394
6395
6395
6374
6400
6401
6400
6402
6404
6401
6405
6407
6402
6408
6410
6411
6412
6413
6404
6405
6407
6408
6410
6411
6412
6413
6414
6414
6399
6425
6426
6424
6428
6429
6430
6431
6432
6433
6434
6435
6436
6437
6438
6439
6440
6441
6442
6443
6444
6445
6446
6447
6448
6449
6450
6451
6452
6453
6207
6455
6456
6456
6458
6458
6459
6459
6462
6462
6463
6463
6465
6467
6465
6468
6467
6468
6470
6470
6473
6475
6473
6475
6476
6476
6455
6481
6481
6483
6483
6485
6486
6487
6485
6486
6487
6488
6488
6492
6494
6492
6494
6495
6495
6499
6499
6500
6500
6502
6502
6480
6506
6507
6508
6509
6510
6511
6512
6513
6514
6515
6516
6517
6518
6519
6520
6521
6522
6523
6524
6525
6526
6527
6528
6529
6530
6531
6532
6533
6534
6535
6536
6537
6538
6539
6540
6541
6542
6543
6544
6505
6546
6547
6548
6549
6550
6551
6552
6553
6554
6555
6556
6557
6558
6559
6560
6561
6562
6563
6564
6565
6566
6567
6568
6569
6570
6571
6572
6573
6574
6575
6576
6577
6578
6579
6580
6581
6582
6583
6584
6585
6586
6059
6588
6589
6590
6591
6589
6592
6594
6595
6596
6597
6598
6599
6590
6591
6592
6594
6595
6596
6597
6600
6598
6599
6600
6608
6608
6588
6614
6615
6616
6617
6614
6618
6620
6621
6615
6622
6616
6624
6626
6627
6617
6618
6620
6621
6622
6624
6626
6627
6628
6628
6613
6639
6640
6640
6642
6642
6644
6645
6646
6644
6645
6647
6646
6647
6650
6650
6653
6653
6656
6656
6658
6659
6658
6659
6660
6660
6639
6665
6665
6667
6667
6669
6669
6670
6670
6673
6674
6673
6675
6677
6674
6678
6680
6675
6677
6681
6678
6680
6681
6684
6684
6664
6690
6691
6691
6693
6693
6694
6694
6697
6697
6698
6698
6701
6701
6703
6704
6705
6706
6703
6704
6707
6705
6706
6707
6710
6710
6690
6716
6717
6716
6717
6718
6721
6722
6723
6718
6721
6724
6727
6728
6722
6723
6724
6727
6729
6734
6728
6729
6734
6735
6735
6715
6741
6742
6742
6744
6744
6745
6745
6748
6748
6749
6751
6752
6749
6753
6755
6756
6757
6751
6752
6753
6755
6756
6757
6758
6758
6741
6767
6767
6768
6770
6771
6768
6770
6772
6771
6772
6775
6778
6779
6775
6780
6778
6779
6782
6785
6780
6782
6785
6786
6786
6766
6792
6793
6793
6794
6794
6797
6797
6798
6800
6801
6798
6800
6801
6802
6802
6806
6808
6806
6808
6809
6809
6813
6813
6814
6814
6792
6818
6818
6820
6820
6821
6821
6823
6823
6826
6827
6828
6829
6826
6830
6827
6828
6832
6835
6829
6830
6832
6835
6836
6836
6817
6843
6842
6845
6846
6847
6848
6849
6850
6851
6852
6853
6854
6855
6856
6857
6858
6859
6860
6861
6862
6863
6864
6865
6866
6867
6868
6869
6870
6871
6872
6873
6874
6875
6876
6877
6878
6879
6880
6881
6882
6883
6884
6791
6886
6887
6887
6889
6889
6891
6891
6892
6892
6895
6895
6896
6896
6899
6899
6901
6902
6903
6904
6901
6902
6903
6904
6905
6905
6886
6912
6912
6914
6914
6916
6916
6918
6919
6918
6920
6919
6920
6922
6922
6926
6926
6928
6928
6930
6931
6930
6931
6932
6932
6911
6937
6938
6939
6940
6941
6942
6943
6944
6936
6946
6947
6948
6949
6950
6951
6952
6953
6954
6955
6956
6947
6957
6948
6949
6950
6951
6952
6953
6954
6955
6956
6957
6959
6959
6946
6972
6972
6974
6974
6976
6977
6976
6977
6978
6978
6981
6981
6984
6984
6986
6987
6986
6987
6988
6988
6991
6991
6994
6994
6971
6997
6998
6999
7000
7001
7002
7003
7004
7005
7006
7007
7008
7009
7010
7011
6996
7013
7014
7015
7016
7017
7018
7019
7020
7021
7022
7023
7024
7025
7026
7027
7028
7029
7030
7031
7032
7033
7034
7035
7036
7037
7038
7039
7040
7041
7042
7043
7044
7045
7046
7047
7048
6740
7050
7051
7051
7053
7053
7055
7055
7057
7057
7059
7059
7061
7061
7062
7062
7065
7065
7066
7066
7069
7069
7070
7070
7072
7072
7050
7076
7076
7078
7078
7079
7079
7082
7082
7084
7084
7085
7085
7088
7088
7090
7090
7092
7092
7094
7095
7094
7095
7096
7096
7075
7101
7102
7103
7104
7105
7106
7107
7108
7109
7110
7111
7112
7113
7114
7115
7116
7100
7118
7119
7120
7121
7122
7123
7124
7125
7126
6689
7128
7129
7129
7131
7131
7133
7133
7134
7136
7137
7134
7136
7138
7137
7141
7138
7141
7143
7143
7147
7147
7149
7149
7150
7150
7128
7154
7155
7154
7155
7156
7159
7156
7160
7159
7162
7164
7160
7162
7164
7165
7169
7170
7165
7171
7169
7170
7171
7173
7173
7153
7179
7180
7181
7182
7183
7184
7185
7186
7187
7178
7189
7190
7190
7192
7192
7193
7193
7195
7195
7198
7199
7200
7201
7202
7198
7199
7200
7203
7207
7201
7202
7203
7207
7208
7208
7189
7215
7216
7217
7218
7215
7216
7219
7222
7217
7223
7218
7219
7225
7228
7222
7223
7225
7228
7229
7229
7234
7234
7237
7237
7214
7240
7241
7241
7242
7242
7245
7246
7247
7245
7246
7248
7247
7248
7251
7251
7255
7255
7256
7256
7259
7259
7260
7260
7263
7263
7240
7266
7266
7268
7268
7269
7269
7272
7272
7273
7273
7276
7276
7278
7278
7280
7280
7282
7282
7284
7285
7284
7285
7286
7286
7265
7290
7239
7293
7294
7294
7296
7296
7298
7298
7299
7299
7302
7302
7304
7304
7305
7305
7308
7308
7310
7311
7310
7312
7311
7312
7314
7314
7293
7319
7319
7321
7321
7323
7323
7324
7324
7326
7326
7329
7330
7329
7331
7330
7331
7333
7333
7336
7336
7339
7339
7340
7340
7343
6638
7345
7346
7347
7348
7349
7350
7351
7352
7353
7346
7347
7354
7357
7358
7348
7349
7350
7351
7352
7353
7354
7357
7358
7359
7359
7345
7371
7371
7373
7373
7375
7375
7376
7376
7379
7379
7381
7381
7382
7384
7382
7384
7385
7385
7389
7390
7389
7390
7391
7391
7370
7396
7397
7397
7399
7399
7401
7401
7403
7403
7404
7406
7407
7408
7409
7410
7404
7411
7406
7407
7408
7409
7410
7411
7413
7413
7396
7422
7422
7424
7425
7424
7426
7425
7426
7428
7428
7431
7431
7433
7433
7436
7436
7437
7439
7440
7437
7439
7440
7441
7441
7421
7447
7448
7448
7450
7450
7452
7452
7453
7453
7455
7455
7458
7458
7460
7460
7462
7462
7463
7463
7465
7467
7465
7467
7468
7468
7447
7473
7473
7474
7474
7477
7478
7479
7477
7480
7478
7482
7479
7480
7484
7482
7484
7487
7487
7491
7492
7491
7492
7493
7493
7472
7498
7499
7500
7499
7501
7503
7500
7504
7506
7501
7503
7504
7506
7507
7507
7512
7512
7514
7516
7517
7514
7516
7517
7518
7518
7498
7524
7524
7526
7526
7528
7528
7529
7531
7529
7532
7531
7532
7534
7537
7538
7534
7537
7538
7539
7539
7544
7544
7546
7546
7523
7549
7550
7548
7552
7553
7554
7555
7556
7497
7558
7559
7559
7560
7560
7562
7562
7565
7566
7565
7566
7567
7567
7571
7571
7572
7572
7575
7575
7577
7577
7579
7579
7580
7580
7558
7584
7585
7586
7584
7587
7589
7585
7590
7586
7587
7592
7589
7595
7590
7592
7595
7597
7597
7601
7601
7604
7604
7606
7606
7608
7609
7610
7610
7612
7613
7614
7612
7615
7613
7614
7617
7615
7620
7617
7620
7622
7625
7622
7625
7626
7626
7630
7630
7631
7631
7609
7635
7635
7637
7637
7639
7639
7641
7641
7642
7642
7645
7645
7647
7647
7649
7649
7651
7651
7652
7652
7655
7655
7657
7657
7634
7659
7661
7662
7663
7664
7665
7666
7667
7668
7669
7670
7671
7672
7673
7674
7675
7446
7677
7678
7678
7680
7680
7682
7682
7684
7685
7684
7686
7685
7688
7686
7688
7690
7693
7694
7695
7690
7693
7694
7695
7696
7696
7677
7703
7704
7703
7705
7707
7708
7704
7705
7707
7709
7713
7708
7714
7716
7709
7717
7719
7713
7714
7716
7717
7719
7720
7720
7702
7728
7729
7730
7731
7729
7730
7731
7732
7732
7737
7737
7738
7738
7741
7741
7743
7743
7745
7745
7747
7747
7749
7749
7750
7750
7728
7754
7755
7754
7755
7756
7759
7756
7759
7760
7760
7764
7764
7765
7765
7768
7769
7768
7770
7772
7769
7770
7772
7773
7773
7753
7779
7780
7778
7782
7783
7784
7785
7786
7787
7788
7789
7790
7791
7792
7793
7794
7727
7796
7797
7798
7797
7799
7798
7801
7799
7803
7805
7806
7807
7801
7808
7810
7803
7811
7805
7806
7807
7808
7810
7811
7813
7813
7796
7822
7822
7823
7823
7826
7826
7828
7829
7828
7830
7829
7830
7832
7832
7836
7837
7838
7839
7836
7837
7838
7839
7840
7840
7821
7847
7848
7849
7850
7851
7852
7853
7854
7855
7856
7857
7858
7859
7860
7861
7846
7863
7864
7864
7866
7866
7868
7868
7870
7870
7871
7871
7874
7874
7876
7876
7877
7877
7879
7879
7882
7882
7884
7884
7885
7885
7863
7889
7889
7891
7891
7892
7894
7895
7892
7894
7896
7899
7900
7901
7895
7896
7902
7899
7900
7901
7905
7902
7905
7909
7909
7888
7914
7915
7916
7917
7918
7919
7920
7921
7922
7923
7924
7925
7926
7927
7928
7929
7930
7913
7932
7933
7934
7935
7936
7937
7938
7939
7940
7941
7942
7943
7944
7945
7946
7947
7948
7395
7950
7951
7951
7952
7952
7955
7955
7957
7957
7959
7960
7961
7962
7963
7959
7964
7966
7960
7961
7962
7963
7964
7966
7967
7967
7950
7976
7976
7978
7978
7979
7979
7981
7981
7984
7985
7984
7985
7986
7986
7990
7991
7990
7991
7992
7995
7992
7995
7996
7996
7975
8001
8002
8002
8004
8005
8004
8006
8008
8009
8010
8011
8005
8012
8006
8008
8014
8017
8009
8010
8011
8012
8014
8017
8018
8018
8001
8027
8027
8028
8028
8030
8030
8033
8033
8035
8036
8037
8038
8039
8035
8036
8037
8038
8040
8039
8045
8040
8045
8047
8047
8051
8052
8053
8054
8055
8056
8057
8058
8059
8060
8061
8062
8000
8064
8065
8065
8067
8067
8068
8068
8070
8072
8070
8072
8073
8073
8077
8078
8077
8079
8078
8079
8081
8081
8085
8085
8087
8087
8064
8090
8090
8092
8092
8094
8094
8095
8097
8095
8097
8098
8098
8102
8102
8104
8104
8106
8106
8107
8107
8110
8110
8112
8112
8089
8115
8116
8117
8118
8119
8120
8121
8122
8123
8124
8125
8126
8127
8128
8129
8130
8131
8132
8133
8134
8135
8136
8137
8138
8139
8114
8141
8142
8143
8144
8145
8146
8147
8148
8149
8150
8151
51
8153
8154
8154
8155
8155
8157
8159
8160
8157
8159
8160
8161
8161
8166
8166
8168
8168
8170
8170
8172
8172
8174
8174
8176
8176
8153
8179
8179
8181
8181
8183
8183
8185
8185
8186
8186
8189
8190
8189
8191
8193
8190
8191
8193
8194
8194
8198
8198
8200
8200
8178
8204
8205
8205
8207
8207
8209
8209
8210
8210
8213
8213
8215
8215
8216
8216
8218
8218
8221
8222
8223
8221
8222
8223
8224
8224
8204
8230
8230
8232
8233
8234
8232
8233
8235
8234
8238
8240
8235
8241
8238
8240
8241
8243
8243
8247
8249
8247
8249
8250
8250
8229
8255
8256
8256
8258
8258
8259
8259
8262
8262
8264
8264
8265
8265
8268
8268
8270
8270
8271
8271
8273
8273
8276
8276
8278
8278
8255
8281
8281
8282
8282
8284
8284
8287
8287
8289
8289
8290
8290
8292
8292
8294
8294
8296
8296
8299
8299
8300
8300
8302
8302
8280
8306
8307
8308
8307
8308
8309
8309
8313
8313
8315
8316
8317
8318
8319
8320
8321
8315
8316
8317
8318
8319
8320
8321
8322
8322
8306
8332
8332
8333
8333
8336
8337
8338
8339
8336
8340
8337
8342
8338
8344
8339
8340
8346
8342
8344
8349
8346
8349
8352
8352
8331
8357
8358
8358
8359
8359
8362
8362
8363
8363
8365
8365
8367
8367
8370
8370
8372
8372
8374
8374
8375
8375
8378
8378
8379
8379
8357
8383
8383
8384
8384
8386
8386
8388
8390
8388
8391
8393
8394
8395
8390
8391
8396
8393
8399
8394
8395
8396
8399
8401
8401
8382
8408
8409
8410
8411
8412
8413
8414
8415
8416
8417
8418
8419
8420
8421
8422
8423
8424
8425
8426
8427
8428
8429
8430
8431
8432
8433
8434
8435
8436
8437
8438
8439
8440
8441
8442
8443
8444
8445
8446
8447
8448
8449
8450
8451
8452
8453
8454
8455
8407
8457
8458
8458
8459
8459
8462
8462
8464
8464
8465
8465
8467
8467
8469
8469
8471
8471
8474
8474
8476
8476
8478
8478
8480
8480
8457
8483
8483
8485
8485
8487
8487
8489
8490
8491
8489
8492
8494
8495
8496
8490
8497
8491
8492
8494
8495
8496
8497
8499
8499
8482
8508
8507
8510
8511
8512
8513
8514
8515
8516
8356
8518
8519
8520
8519
8520
8521
8521
8525
8526
8527
8525
8528
8530
8531
8532
8533
8526
8527
8528
8530
8531
8532
8533
8534
8534
8518
8544
8544
8546
8547
8546
8547
8548
8548
8551
8551
8554
8554
8556
8556
8558
8559
8560
8558
8559
8561
8560
8561
8564
8564
8543
8569
8570
8571
8570
8572
8574
8571
8575
8577
8578
8579
8572
8580
8574
8575
8577
8582
8586
8578
8579
8580
8582
8586
8587
8587
8569
8595
8595
8597
8598
8597
8598
8599
8602
8603
8599
8602
8604
8603
8604
8607
8610
8607
8610
8611
8611
8615
8615
8617
8617
8594
8620
8621
8622
8623
8624
8625
8626
8627
8628
8629
8630
8631
8632
8633
8634
8635
8636
8637
8638
8639
8640
8641
8642
8643
8644
8645
8646
8647
8648
8649
8650
8651
8652
8653
8654
8655
8656
8619
8658
8659
8660
8659
8661
8663
8664
8665
8666
8667
8660
8661
8668
8671
8663
8664
8672
8665
8666
8667
8668
8671
8672
8675
8675
8658
8684
8684
8686
8687
8688
8686
8689
8687
8691
8688
8693
8689
8695
8697
8691
8698
8700
8693
8695
8697
8698
8700
8701
8701
8683
8709
8710
8710
8711
8711
8714
8714
8715
8717
8718
8719
8715
8717
8718
8720
8719
8724
8726
8720
8724
8726
8727
8727
8731
8731
8709
8735
8735
8737
8737
8738
8740
8741
8742
8743
8744
8745
8738
8740
8746
8741
8749
8742
8743
8744
8745
8746
8749
8751
8751
8734
8760
8761
8762
8763
8764
8765
8766
8767
8768
8769
8770
8771
8772
8773
8774
8775
8776
8777
8778
8779
8780
8781
8782
8783
8784
8785
8786
8787
8788
8789
8790
8791
8792
8793
8794
8795
8796
8797
8798
8799
8800
8801
8802
8803
8804
8805
8806
8807
8808
8809
8759
8811
8812
8812
8814
8815
8814
8815
8816
8816
8820
8821
8822
8823
8820
8821
8824
8827
8822
8823
8824
8828
8827
8828
8832
8832
8811
8837
8837
8838
8840
8838
8841
8843
8844
8840
8845
8847
8848
8841
8849
8851
8843
8844
8845
8847
8848
8849
8851
8852
8852
8836
8862
8863
8864
8865
8863
8864
8865
8866
8866
8871
8872
8871
8872
8873
8876
8873
8876
8877
8880
8881
8877
8880
8881
8882
8882
8862
8888
8888
8889
8889
8892
8893
8892
8893
8894
8894
8898
8898
8900
8900
8902
8902
8903
8903
8906
8906
8908
8908
8909
8909
8887
8913
8914
8915
8914
8915
8916
8919
8916
8919
8920
8920
8924
8924
8925
8925
8927
8927
8930
8930
8931
8931
8933
8933
8936
8936
8913
8939
8940
8939
8940
8941
8941
8945
8945
8947
8947
8949
8949
8951
8951
8952
8952
8954
8954
8957
8958
8957
8958
8959
8959
8938
8964
8965
8966
8967
8968
8969
8970
8971
8972
8973
8974
8975
8976
8977
8978
8979
8980
8981
8982
8983
8984
8985
8986
8987
8988
8963
8990
8991
8992
8993
8994
8995
8996
8997
8998
8999
9000
8912
9002
9003
9003
9004
9004
9007
9008
9009
9010
9007
9008
9009
9011
9015
9010
9011
9016
9019
9015
9016
9019
9020
9020
9024
9024
9002
9028
9029
9028
9030
9029
9030
9032
9032
9035
9035
9037
9039
9040
9037
9041
9043
9039
9040
9041
9044
9043
9044
9048
9048
9027
9052
9054
8861
9056
9057
9057
9059
9059
9061
9062
9061
9062
9063
9066
9067
9068
9069
9063
9066
9067
9070
9068
9069
9070
9074
9074
9079
9079
9056
9082
9082
9084
9084
9086
9086
9088
9088
9090
9090
9092
9092
9093
9095
9093
9096
9095
9096
9098
9101
9098
9101
9102
9102
9081
9107
9108
9109
9110
9111
9112
9113
9114
9115
9116
9117
9118
9119
9120
9121
9106
9123
9124
9125
9126
9127
9128
9129
9130
9131
9132
9133
9134
9135
9136
9137
8708
9139
9140
9141
9142
9143
9144
9145
9146
9147
9148
9149
9150
9151
9152
9153
9154
9155
9156
9157
9158
9159
9160
9161
9162
9163
9164
9165
9166
9167
9168
9169
9170
9171
8568
9173
9174
9174
9175
9177
9178
9175
9179
9181
9182
9177
9183
9185
9178
9186
9179
9181
9182
9188
9183
9185
9186
9188
9192
9192
9173
9199
9199
9201
9201
9203
9203
9204
9206
9204
9206
9207
9210
9207
9211
9210
9213
9215
9211
9216
9213
9215
9216
9218
9218
9198
9224
9225
9226
9225
9227
9229
9230
9231
9232
9226
9233
9227
9235
9237
9229
9238
9230
9231
9232
9233
9235
9237
9238
9240
9240
9224
9250
9250
9252
9252
9253
9253
9255
9255
9257
9257
9260
9261
9262
9263
9264
9260
9261
9262
9263
9265
9264
9265
9270
9270
9249
9275
9276
9277
9278
9279
9280
9281
9282
9283
9284
9285
9286
9287
9288
9289
9290
9291
9292
9293
9294
9295
9296
9297
9298
9299
9300
9301
9302
9303
9304
9305
9306
9307
9308
9309
9310
9311
9312
9313
9314
9315
9316
9317
9318
9319
9320
9321
9322
9323
9324
9274
9326
9327
9327
9328
9330
9328
9331
9330
9333
9331
9335
9337
9338
9333
9335
9337
9338
9339
9344
9345
9339
9344
9345
9346
9346
9326
9352
9353
9354
9355
9356
9352
9353
9354
9357
9355
9356
9361
9364
9357
9365
9367
9368
9361
9364
9365
9367
9368
9369
9369
9351
9377
9378
9379
9380
9381
9382
9383
9384
9385
9386
9387
9388
9389
9390
9391
9392
9393
9394
9395
9396
9397
9398
9399
9400
9401
9402
9403
9404
9405
9406
9407
9408
9409
9410
9376
9412
9413
9414
9415
9413
9414
9415
9416
9416
9421
9421
9422
9422
9425
9425
9426
9428
9426
9429
9428
9431
9429
9431
9433
9433
9412
9438
9439
9438
9440
9439
9440
9442
9445
9442
9446
9448
9449
9450
9451
9445
9452
9446
9448
9449
9450
9451
9452
9454
9454
9437
9463
9464
9464
9465
9467
9468
9465
9469
9471
9472
9467
9468
9473
9469
9476
9471
9472
9473
9476
9478
9478
9484
9484
9485
9485
9463
9489
9489
9491
9491
9492
9492
9495
9495
9497
9497
9499
9499
9500
9500
9503
9503
9505
9505
9506
9508
9506
9508
9509
9509
9488
9513
9515
9462
9517
9518
9518
9519
9519
9522
9522
9524
9524
9526
9527
9526
9528
9527
9528
9530
9533
9534
9530
9535
9533
9534
9535
9537
9537
9517
9543
9544
9543
9544
9545
9548
9545
9548
9549
9552
9553
9549
9554
9556
9552
9557
9559
9553
9554
9556
9557
9559
9560
9560
9542
9568
9569
9570
9571
9572
9573
9574
9575
9576
9577
9578
9567
9580
9581
9582
9583
9584
9585
9586
9587
9588
9589
9590
9591
9592
9593
9594
9595
9596
9597
9598
9599
9600
9601
9602
9603
9604
9605
9606
9607
9608
9609
9610
9611
9612
9613
9614
9615
9223
9617
9618
9619
9620
9618
9619
9621
9620
9621
9624
9627
9624
9628
9627
9630
9632
9628
9633
9635
9630
9632
9633
9635
9636
9636
9617
9643
9643
9645
9645
9646
9646
9649
9649
9650
9652
9653
9654
9655
9650
9652
9656
9659
9653
9654
9655
9656
9659
9660
9660
9642
9668
9669
9670
9669
9670
9671
9671
9675
9676
9675
9676
9677
9677
9681
9682
9681
9683
9685
9682
9686
9683
9685
9686
9688
9688
9668
9694
9694
9696
9696
9698
9699
9700
9698
9701
9699
9703
9705
9700
9701
9703
9705
9706
9711
9706
9712
9711
9712
9714
9714
9693
9719
9720
9721
9722
9723
9724
9725
9726
9727
9728
9729
9730
9731
9732
9733
9734
9735
9736
9737
9738
9739
9740
9741
9742
9743
9744
9745
9718
9747
9748
9748
9750
9750
9751
9751
9754
9754
9756
9756
9758
9758
9760
9760
9762
9763
9762
9764
9766
9763
9764
9766
9767
9767
9747
9773
9774
9775
9773
9774
9776
9775
9779
9776
9781
9783
9779
9781
9784
9783
9787
9789
9784
9790
9787
9789
9790
9792
9792
9772
9798
9799
9797
9801
9802
9803
9804
9805
9806
9807
9808
9809
9810
9811
9812
9813
9814
9815
9816
9817
9818
9819
9820
9821
9822
9823
9824
9825
9826
9827
9828
9829
9830
9831
9832
9833
9834
9835
9836
9837
9838
9839
9840
9841
9842
9843
9667
9845
9846
9846
9847
9847
9850
9850
9851
9853
9851
9853
9854
9857
9858
9859
9860
9861
9854
9857
9858
9859
9860
9861
9862
9862
9845
9871
9871
9872
9872
9875
9875
9876
9876
9879
9879
9880
9880
9883
9884
9883
9885
9887
9888
9884
9885
9887
9888
9889
9889
9870
9896
9897
9898
9897
9898
9899
9902
9903
9904
9905
9899
9902
9903
9906
9904
9905
9906
9910
9910
9914
9914
9917
9917
9918
9918
9896
9922
9922
9924
9924
9926
9927
9926
9928
9930
9931
9927
9932
9934
9935
9936
9928
9930
9931
9932
9934
9935
9936
9937
9937
9921
9947
9948
9948
9949
9949
9951
9951
9954
9954
9956
9956
9957
9957
9960
9961
9960
9962
9961
9964
9966
9962
9964
9966
9967
9967
9947
9973
9973
9975
9976
9975
9976
9977
9977
9981
9981
9983
9983
9984
9984
9987
9987
9988
9990
9988
9991
9990
9991
9993
9993
9997
9998
9999
10000
9946
10002
10003
10004
10005
10006
10007
10008
10009
10010
9895
10012
10013
10013
10015
10015
10016
10016
10019
10019
10021
10021
10023
10024
10023
10025
10024
10027
10025
10029
10027
10029
10031
10031
10034
10034
10012
10038
10038
10040
10040
10042
10043
10042
10043
10044
10044
10048
10048
10050
10051
10050
10052
10051
10054
10056
10052
10054
10056
10057
10057
10037
10063
10064
10065
10066
10067
10068
10069
10070
10071
10072
10073
10074
10075
10076
10077
10078
10079
10080
10081
10082
10083
10084
10085
10086
10087
10088
10089
10090
10091
10092
10093
10094
10095
10096
10097
10098
10099
10100
10101
10102
10103
10104
10105
10106
10107
10108
10109
10110
10062
10112
10113
10114
10115
10116
10117
10118
10119
10120
10121
10122
10123
10124
10125
10126
10127
10128
10129
10130
10131
10132
10133
10134
10135
10136
10137
10138
10139
10140
10141
10142
10143
10144
10145
10146
10147
10148
10149
10150
8305
10152
10153
10153
10155
10156
10155
10157
10159
10160
10156
10157
10159
10161
10160
10161
10165
10168
10169
10170
10165
10168
10169
10170
10171
10171
10152
10178
10178
10180
10180
10182
10182
10184
10185
10184
10186
10185
10188
10190
10186
10191
10188
10193
10190
10191
10193
10195
10195
10199
10199
10177
10203
10204
10205
10206
10207
10208
10204
10205
10209
10212
10206
10207
10208
10209
10213
10218
10219
10212
10220
10213
10218
10219
10220
10222
10222
10203
10229
10230
10229
10230
10231
10231
10235
10235
10236
10238
10236
10238
10239
10239
10243
10243
10245
10245
10246
10246
10249
10249
10251
10251
10228
10254
10255
10255
10257
10257
10258
10258
10261
10261
10263
10263
10264
10264
10267
10268
10267
10268
10269
10269
10272
10272
10275
10275
10276
10276
10254
10280
10280
10282
10282
10283
10285
10286
10283
10285
10286
10287
10287
10292
10292
10294
10294
10296
10296
10298
10298
10299
10299
10302
10302
10279
10305
10306
10306
10308
10308
10310
10310
10311
10313
10314
10311
10313
10315
10318
10319
10320
10314
10315
10321
10318
10319
10320
10321
10324
10324
10305
10331
10332
10331
10332
10333
10333
10337
10337
10339
10339
10341
10341
10343
10343
10345
10346
10347
10348
10345
10346
10347
10348
10349
10349
10330
10356
10357
10357
10359
10360
10359
10361
10363
10360
10364
10361
10366
10363
10368
10370
10364
10366
10368
10371
10370
10371
10375
10375
10378
10378
10356
10382
10382
10384
10384
10386
10387
10386
10387
10388
10391
10392
10388
10391
10393
10392
10393
10396
10396
10400
10401
10400
10401
10402
10402
10381
10407
10408
10408
10410
10411
10410
10412
10414
10415
10411
10416
10418
10412
10419
10414
10415
10421
10424
10416
10418
10419
10421
10424
10425
10425
10407
10433
10433
10435
10435
10437
10437
10439
10440
10439
10441
10443
10440
10441
10444
10443
10447
10449
10444
10447
10450
10449
10450
10453
10453
10432
10458
10459
10460
10461
10462
10463
10464
10465
10466
10467
10468
10469
10470
10471
10472
10473
10474
10475
10476
10477
10478
10479
10480
10481
10482
10483
10484
10485
10486
10457
10488
10489
10490
10406
10492
10493
10494
10495
10496
10497
10498
10499
10500
10501
10502
10503
10504
10505
10506
10507
10508
10509
10510
10511
10512
10513
10514
10515
10516
10517
10518
10519
10355
10521
10522
10523
10524
10525
10526
10522
10527
10523
10529
10524
10531
10525
10533
10535
10536
10526
10527
10529
10531
10533
10535
10536
10537
10537
10521
10547
10547
10548
10548
10550
10550
10552
10552
10554
10554
10556
10556
10558
10558
10561
10562
10563
10564
10561
10562
10563
10564
10565
10565
10546
10572
10573
10571
10575
10576
10577
10578
10579
10580
10581
10582
10583
10584
10585
10586
10587
10588
10589
10590
10591
10592
10593
10594
10595
10596
10597
10598
10599
10600
10601
10304
10603
10604
10604
10605
10607
10608
10609
10605
10610
10612
10607
10608
10609
10613
10617
10618
10610
10612
10619
10613
10617
10618
10619
10622
10622
10603
10629
10629
10630
10632
10630
10632
10633
10636
10637
10633
10636
10638
10641
10642
10637
10643
10638
10641
10645
10642
10643
10645
10648
10648
10628
10654
10655
10656
10657
10658
10659
10660
10661
10662
10663
10664
10665
10666
10667
10668
10669
10670
10671
10672
10673
10674
10675
10676
10677
10678
10679
10680
10681
10682
10683
10684
10653
10686
10687
10688
10687
10688
10689
10692
10693
10689
10692
10694
10697
10693
10694
10698
10701
10702
10703
10697
10698
10701
10702
10703
10704
10704
10686
10712
10712
10714
10715
10716
10714
10717
10719
10720
10715
10716
10717
10721
10725
10719
10720
10721
10725
10726
10726
10732
10732
10733
10733
10711
10737
10738
10739
10740
10741
10742
10743
10744
10745
10746
10747
10748
10749
10750
10751
10752
10753
10754
10755
10736
10757
10758
10759
10253
10761
10762
10762
10764
10765
10764
10765
10766
10766
10769
10769
10772
10772
10773
10773
10776
10777
10776
10777
10778
10781
10778
10781
10782
10782
10761
10787
10788
10789
10790
10791
10787
10792
10788
10794
10796
10789
10790
10791
10797
10792
10794
10801
10804
10796
10797
10801
10804
10805
10805
10786
10812
10813
10814
10815
10816
10817
10818
10819
10820
10821
10822
10823
10824
10825
10826
10827
10828
10829
10830
10831
10832
10833
10834
10835
10836
10837
10838
10839
10840
10841
10842
10843
10844
10845
10846
10847
10848
10811
10850
10851
10851
10853
10854
10855
10853
10856
10858
10859
10854
10860
10862
10863
10855
10864
10856
10858
10859
10860
10862
10863
10864
10866
10866
10850
10876
10876
10877
10877
10880
10881
10880
10882
10884
10885
10886
10881
10887
10882
10884
10885
10889
10886
10893
10887
10889
10893
10895
10895
10875
10900
10902
10903
10904
10905
10906
10907
10908
10909
10910
10911
10912
10913
10914
10915
10202
10917
10918
10918
10919
10919
10922
10922
10924
10924
10925
10925
10927
10927
10930
10931
10932
10930
10933
10935
10931
10932
10933
10935
10936
10936
10917
10943
10944
10945
10943
10946
10944
10948
10950
10945
10951
10946
10948
10950
10953
10951
10953
10957
10957
10961
10961
10963
10963
10965
10965
10942
10968
10969
10970
10971
10972
10973
10974
10975
10976
10977
10978
10979
10980
10981
10982
10983
10984
10985
10986
10987
10988
10989
10990
10991
10992
10993
10994
10995
10996
10997
10998
10999
11000
11001
11002
11003
11004
11005
11006
11007
11008
11009
11010
11011
11012
11013
10967
11015
11016
11016
11017
11017
11019
11019
11022
11023
11022
11023
11024
11024
11028
11028
11030
11030
11032
11032
11034
11034
11036
11036
11037
11037
11015
11041
11042
11041
11043
11042
11045
11047
11043
11048
11050
11051
11045
11047
11052
11055
11048
11056
11050
11051
11052
11055
11056
11058
11058
11040
11066
11067
11067
11068
11070
11071
11072
11068
11073
11075
11076
11070
11077
11071
11072
11073
11075
11076
11079
11077
11085
11079
11085
11087
11087
11066
11092
11093
11092
11093
11094
11094
11098
11098
11100
11100
11102
11103
11102
11104
11106
11103
11107
11109
11104
11106
11107
11109
11110
11110
11091
11117
11118
11118
11120
11120
11122
11122
11124
11124
11125
11125
11128
11129
11130
11128
11129
11130
11131
11135
11131
11136
11135
11136
11138
11138
11117
11143
11143
11145
11146
11145
11147
11146
11147
11149
11152
11149
11152
11153
11153
11157
11158
11157
11159
11158
11161
11159
11161
11163
11163
11142
11168
11169
11170
11169
11170
11171
11171
11175
11175
11177
11178
11179
11177
11180
11178
11182
11184
11185
11179
11180
11182
11184
11185
11186
11186
11168
11194
11194
11196
11196
11198
11198
11200
11200
11202
11202
11204
11204
11206
11206
11208
11208
11210
11210
11212
11213
11212
11213
11214
11214
11193
11219
11220
11218
11222
11223
11224
11225
11226
11227
11228
11229
11230
11231
11167
11233
11234
11235
11236
11237
11116
11239
11240
11240
11242
11242
11244
11244
11246
11246
11247
11249
11247
11250
11249
11250
11252
11255
11256
11252
11255
11257
11256
11257
11260
11260
11239
11265
11266
11267
11265
11268
11270
11271
11266
11267
11272
11275
11276
11268
11270
11271
11277
11281
11272
11275
11276
11277
11281
11282
11282
11264
11290
11291
11292
11293
11294
11295
11296
11297
11298
11299
11300
11301
11302
11303
11304
11289
11306
11307
11308
11309
11310
11311
11312
11313
11314
11315
11316
11317
11318
11319
11320
11321
11322
11323
11324
11325
11326
11327
11328
11329
11330
11331
11332
11333
11334
11335
11336
11337
11338
11339
11340
11341
11342
11343
11344
11345
11065
11347
11348
11348
11350
11351
11352
11350
11351
11352
11353
11353
11358
11359
11360
11358
11359
11361
11364
11360
11361
11364
11365
11365
11369
11369
11347
11373
11373
11375
11375
11377
11377
11378
11378
11380
11380
11383
11383
11385
11385
11387
11388
11389
11390
11387
11388
11389
11390
11391
11391
11372
11398
11399
11400
11401
11402
11403
11404
11405
11406
11407
11408
11409
11410
11411
11412
11413
11414
11415
11416
11417
11418
11419
11420
11421
11422
11423
11424
11425
11426
11427
11428
11429
11430
11431
11432
11433
11434
11435
11436
11437
11438
11439
11440
11441
11397
11443
11444
11445
11444
11445
11446
11449
11450
11451
11452
11453
11446
11449
11454
11450
11457
11459
11451
11452
11453
11454
11457
11459
11460
11460
11443
11469
11469
11470
11470
11473
11474
11475
11476
11477
11478
11473
11474
11475
11476
11477
11478
11479
11479
11487
11487
11488
11488
11490
11490
11468
11494
11495
11496
11497
11498
11499
11500
11501
11502
11493
11504
11505
11506
11507
11508
11509
11510
11511
11512
11513
11514
11515
11516
11517
11518
11519
11520
11521
11522
11523
11524
11525
8254
11527
11528
11528
11530
11531
11532
11530
11531
11532
11533
11533
11538
11538
11539
11539
11542
11543
11544
11542
11545
11543
11544
11545
11547
11547
11527
11553
11553
11555
11555
11556
11556
11558
11558
11560
11560
11563
11563
11565
11565
11567
11568
11567
11569
11568
11569
11571
11571
11575
11575
11552
11578
11579
11580
11579
11581
11583
11580
11581
11583
11584
11584
11589
11590
11589
11591
11593
11590
11591
11594
11593
11597
11594
11597
11599
11599
11578
11604
11604
11605
11605
11608
11608
11610
11611
11612
11613
11610
11611
11614
11617
11618
11612
11613
11614
11617
11618
11619
11619
11626
11626
11603
11629
11630
11631
11630
11632
11631
11632
11634
11634
11637
11637
11640
11640
11641
11641
11644
11644
11645
11645
11647
11649
11647
11649
11650
11650
11629
11655
11656
11655
11656
11657
11657
11660
11660
11662
11662
11665
11665
11666
11666
11669
11669
11670
11672
11673
11670
11672
11673
11674
11674
11654
11680
11681
11682
11683
11681
11684
11686
11687
11682
11688
11683
11690
11692
11693
11684
11686
11687
11694
11688
11690
11692
11693
11694
11698
11698
11680
11706
11706
11708
11708
11709
11709
11711
11711
11714
11714
11715
11715
11717
11717
11720
11720
11722
11722
11724
11724
11726
11726
11727
11727
11705
11731
11732
11733
11734
11732
11733
11735
11738
11739
11740
11741
11742
11734
11743
11735
11738
11739
11745
11740
11741
11742
11743
11745
11749
11749
11731
11757
11757
11758
11758
11761
11761
11763
11763
11765
11765
11767
11767
11769
11770
11769
11771
11770
11771
11773
11773
11777
11777
11779
11779
11756
11782
11783
11783
11785
11785
11786
11786
11789
11789
11790
11790
11793
11793
11795
11795
11796
11798
11796
11799
11798
11799
11801
11801
11804
11804
11782
11808
11809
11808
11809
11810
11810
11813
11813
11815
11815
11818
11819
11818
11820
11819
11822
11824
11825
11820
11822
11824
11825
11826
11826
11807
11833
11834
11835
11834
11836
11838
11839
11840
11835
11836
11838
11839
11841
11840
11841
11846
11846
11850
11850
11851
11853
11851
11853
11854
11854
11833
11859
11859
11860
11862
11860
11862
11863
11863
11867
11867
11869
11870
11869
11870
11871
11871
11874
11874
11877
11877
11878
11878
11881
11881
11858
11884
11885
11886
11887
11888
11889
11883
11891
11892
11893
11894
11895
11896
11897
11898
11899
11900
11901
11902
11903
11904
11905
11906
11907
11908
11909
11910
11911
11912
11913
11914
11915
11916
11917
11918
11919
11920
11921
11922
11923
11924
11925
11926
11927
11928
11929
11930
11931
11932
11832
11934
11935
11936
11781
11938
11939
11940
11939
11941
11943
11944
11940
11941
11943
11944
11945
11950
11945
11950
11951
11951
11955
11955
11957
11958
11957
11958
11959
11959
11938
11964
11965
11966
11967
11964
11965
11966
11968
11972
11967
11968
11973
11976
11977
11978
11972
11973
11976
11979
11977
11978
11979
11983
11983
11963
11989
11990
11991
11992
11993
11994
11995
11996
11997
11998
11999
12000
12001
12002
12003
12004
12005
12006
12007
12008
11988
12010
12011
12012
12013
12014
12015
12016
12017
12018
11730
12020
12021
12021
12023
12023
12025
12026
12025
12027
12029
12026
12030
12032
12027
12029
12033
12036
12030
12037
12032
12033
12036
12037
12039
12039
12020
12046
12046
12047
12047
12049
12049
12052
12052
12053
12053
12056
12056
12057
12057
12060
12060
12061
12061
12064
12065
12064
12065
12066
12066
12045
12071
12072
12072
12074
12074
12076
12076
12078
12079
12078
12079
12080
12080
12084
12084
12085
12087
12085
12088
12087
12090
12088
12090
12092
12092
12071
12097
12097
12099
12100
12099
12100
12101
12101
12105
12105
12107
12107
12109
12109
12111
12111
12113
12113
12114
12114
12117
12117
12119
12119
12096
12122
12123
12124
12125
12126
12127
12128
12129
12130
12131
12132
12133
12134
12135
12136
12137
12138
12139
12140
12141
12142
12143
12144
12145
12146
12147
12148
12121
12150
12151
12152
12153
12154
12070
12156
12157
12158
12159
12160
12161
12162
12163
12164
12165
12166
12167
12168
12169
12170
12171
12172
12173
12174
12175
12176
12177
12178
12179
12180
11679
12182
12183
12183
12185
12185
12187
12188
12189
12187
12190
12188
12189
12190
12192
12192
12196
12196
12198
12200
12201
12198
12200
12201
12202
12202
12182
12208
12208
12209
12209
12212
12212
12214
12214
12215
12215
12217
12217
12220
12220
12222
12222
12223
12223
12226
12226
12227
12227
12230
12230
12207
12233
12234
12234
12236
12237
12236
12237
12238
12241
12238
12242
12241
12244
12242
12244
12246
12246
12250
12250
12251
12251
12254
12254
12255
12255
12233
12259
12260
12261
12259
12260
12262
12265
12261
12262
12266
12265
12266
12269
12269
12272
12274
12275
12276
12272
12274
12275
12276
12277
12277
12258
12284
12285
12285
12287
12287
12289
12289
12291
12292
12293
12294
12291
12295
12297
12298
12292
12299
12293
12294
12295
12297
12298
12299
12301
12301
12284
12310
12310
12311
12313
12311
12313
12314
12317
12318
12319
12320
12321
12314
12322
12317
12318
12319
12320
12324
12321
12322
12324
12329
12329
12309
12335
12336
12337
12338
12334
12340
12341
12342
12343
12344
12345
12346
12347
12348
12349
12350
12351
12352
12353
12354
12355
12356
12357
12358
12359
12360
12361
12362
12363
12364
12365
12283
12367
12368
12369
12370
12371
12372
12368
12369
12370
12371
12373
12372
12373
12378
12378
12382
12383
12384
12385
12382
12383
12384
12385
12386
12386
12367
12393
12393
12394
12394
12396
12396
12399
12399
12400
12402
12400
12403
12405
12406
12407
12408
12402
12403
12405
12406
12407
12408
12409
12409
12392
12418
12419
12420
12421
12422
12417
12424
12425
12425
12427
12428
12429
12427
12430
12432
12433
12434
12435
12428
12436
12438
12429
12430
12432
12433
12434
12435
12436
12438
12439
12439
12424
12450
12450
12452
12452
12454
12454
12455
12455
12457
12459
12457
12460
12459
12462
12464
12465
12460
12466
12462
12464
12465
12466
12468
12468
12449
12475
12476
12477
12478
12479
12480
12481
12482
12483
12474
12485
12486
12487
12488
12489
12490
12491
12232
12493
12494
12495
12496
12497
12498
11628
12500
12501
12502
12501
12503
12502
12505
12503
12505
12507
12507
12511
12511
12513
12514
12515
12513
12514
12515
12516
12516
12520
12520
12523
12523
12500
12526
12526
12527
12527
12529
12529
12531
12531
12534
12534
12535
12537
12535
12537
12538
12538
12542
12542
12543
12543
12545
12545
12547
12547
12525
12551
12552
12552
12554
12554
12556
12557
12556
12557
12558
12558
12561
12561
12564
12564
12565
12565
12568
12568
12569
12569
12571
12571
12573
12573
12551
12577
12577
12578
12580
12578
12580
12581
12581
12585
12585
12587
12588
12589
12587
12590
12588
12592
12594
12589
12590
12592
12594
12595
12595
12576
12602
12603
12603
12605
12606
12607
12608
12609
12610
12611
12605
12606
12612
12607
12615
12608
12617
12609
12610
12611
12612
12615
12617
12619
12619
12602
12628
12629
12628
12629
12630
12630
12634
12635
12636
12637
12638
12639
12640
12634
12641
12635
12636
12637
12638
12639
12640
12641
12643
12643
12627
12653
12654
12655
12656
12657
12658
12659
12660
12661
12662
12663
12664
12665
12666
12667
12668
12669
12670
12671
12672
12673
12674
12675
12676
12677
12678
12652
12680
12681
12681
12683
12683
12684
12684
12687
12687
12689
12689
12691
12691
12692
12692
12695
12695
12696
12696
12698
12698
12701
12701
12702
12702
12680
12706
12706
12708
12708
12709
12711
12709
12712
12714
12715
12716
12717
12711
12712
12718
12714
12715
12716
12717
12721
12718
12721
12726
12726
12705
12731
12732
12733
12734
12735
12736
12730
12738
12739
12740
12741
12742
12743
12744
12601
12746
12747
12747
12748
12748
12751
12752
12751
12753
12755
12756
12757
12758
12759
12760
12752
12753
12755
12756
12757
12758
12759
12760
12761
12761
12746
12772
12773
12774
12772
12773
12775
12778
12779
12780
12774
12781
12775
12778
12779
12783
12780
12781
12787
12783
12790
12787
12790
12792
12792
12771
12797
12798
12798
12799
12801
12799
12801
12802
12802
12806
12806
12808
12808
12809
12809
12811
12811
12814
12814
12815
12815
12817
12817
12820
12820
12797
12823
12823
12824
12824
12826
12826
12829
12829
12831
12831
12833
12834
12833
12835
12834
12837
12835
12839
12841
12837
12839
12841
12842
12842
12822
12848
12849
12850
12851
12852
12849
12850
12853
12851
12856
12852
12858
12860
12861
12853
12862
12864
12856
12858
12860
12861
12862
12864
12865
12865
12848
12874
12874
12876
12876
12878
12878
12880
12881
12882
12880
12883
12881
12882
12883
12885
12885
12890
12890
12892
12892
12894
12894
12895
12895
12873
12899
12900
12900
12901
12901
12904
12904
12906
12906
12907
12907
12910
12910
12912
12913
12912
12913
12914
12914
12918
12919
12918
12919
12920
12920
12899
12925
12926
12925
12927
12926
12929
12931
12932
12927
12929
12931
12933
12937
12932
12938
12933
12940
12942
12937
12938
12940
12942
12943
12943
12924
12950
12951
12952
12953
12954
12955
12956
12957
12958
12959
12960
12961
12962
12963
12949
12965
12966
12967
12968
12969
12970
12971
12972
12973
12974
12975
12976
12977
12978
12979
12980
12981
12982
12983
12984
12985
12986
12987
12898
12989
12990
12991
12992
12993
12994
12995
12996
12997
12998
12999
13000
13001
13002
13003
13004
13005
13006
13007
13008
13009
13010
13011
13012
13013
13014
13015
13016
13017
13018
13019
13020
13021
13022
13023
13024
13025
13026
13027
13028
13029
13030
13031
13032
13033
13034
13035
13036
13037
13038
12847
13040
13041
13041
13043
13044
13043
13045
13044
13045
13047
13047
13050
13050
13053
13053
13055
13055
13056
13056
13059
13059
13060
13060
13063
13063
13040
13066
13067
13068
13069
13070
13066
13067
13068
13071
13075
13076
13069
13070
13071
13077
13075
13081
13076
13077
13083
13081
13083
13086
13086
13065
13091
13092
13093
13094
13095
13096
13097
13098
13099
13100
13101
13102
13103
13104
13105
13106
13107
13108
13109
13110
13111
13112
13113
13114
13115
13116
13117
13118
13119
13120
13121
13122
13123
13124
13125
13126
13127
13128
13129
13130
13131
13132
13090
13134
13135
13136
13137
13138
13139
13140
13141
13142
13143
13144
13145
13146
13147
13148
13149
13150
13151
13152
13153
13154
13155
13156
13157
13158
13159
13160
13161
13162
13163
13164
13165
13166
13167
13168
13169
13170
12796
13172
13173
13174
13175
13176
13177
13173
13178
13174
13180
13182
13175
13183
13176
13185
13187
13177
13178
13180
13182
13183
13185
13187
13188
13188
13172
13198
13198
13200
13200
13202
13202
13204
13205
13206
13207
13204
13208
13210
13211
13205
13212
13206
13207
13208
13210
13211
13212
13214
13214
13197
13223
13224
13225
13226
13227
13228
13229
13230
13231
13232
13233
13234
13235
13236
13237
13238
13239
13240
13241
13242
13243
13244
13245
13222
13247
13248
13249
13250
13251
13252
13253
13254
13255
13256
13257
13258
13259
13260
13261
13262
13263
13264
13265
13266
13267
13268
13269
13270
13271
13272
13273
13274
13275
13276
13277
13278
13279
13280
13281
13282
13283
13284
13285
13286
13287
12550
13289
13290
13290
13292
13292
13294
13294
13296
13296
13298
13298
13300
13301
13300
13301
13302
13302
13305
13305
13308
13309
13308
13309
13310
13310
13289
13315
13315
13317
13317
13318
13318
13321
13322
13321
13323
13325
13326
13322
13327
13323
13329
13325
13326
13331
13327
13329
13331
13334
13334
13314
13340
13341
13341
13343
13343
13344
13344
13346
13346
13349
13349
13350
13350
13353
13354
13353
13354
13355
13355
13358
13358
13361
13361
13362
13362
13340
13366
13366
13368
13368
13369
13369
13372
13372
13374
13375
13376
13377
13378
13374
13379
13381
13375
13376
13377
13378
13379
13381
13382
13382
13365
13391
13392
13393
13394
13392
13393
13395
13398
13394
13399
13401
13395
13398
13399
13401
13402
13407
13408
13402
13407
13409
13408
13409
13412
13412
13391
13417
13417
13419
13419
13420
13420
13423
13423
13424
13424
13427
13427
13429
13429
13431
13431
13433
13433
13435
13435
13436
13436
13439
13439
13416
13442
13443
13443
13444
13444
13447
13447
13449
13450
13449
13451
13453
13450
13454
13451
13456
13458
13453
13454
13459
13456
13458
13459
13462
13462
13442
13468
13468
13469
13471
13472
13469
13473
13475
13471
13476
13478
13479
13472
13480
13473
13482
13475
13476
13478
13479
13480
13482
13484
13484
13467
13493
13494
13495
13496
13497
13492
13499
13441
13501
13502
13503
13504
13505
13506
13507
13502
13503
13504
13508
13505
13506
13512
13507
13508
13515
13512
13518
13520
13515
13518
13520
13521
13521
13501
13527
13528
13529
13530
13527
13531
13533
13528
13534
13529
13530
13531
13533
13534
13536
13536
13543
13544
13543
13545
13544
13545
13547
13547
13526
13552
13551
13554
13555
13555
13556
13556
13559
13560
13559
13560
13561
13561
13564
13564
13566
13566
13568
13570
13571
13568
13572
13570
13571
13572
13574
13574
13554
13580
13580
13582
13582
13583
13583
13585
13585
13587
13587
13590
13590
13592
13592
13594
13595
13594
13596
13598
13595
13596
13598
13599
13599
13579
13605
13606
13607
13608
13609
13610
13611
13612
13604
13614
13615
13616
13617
13618
13619
13620
13621
13622
13623
13624
13625
13390
13627
13628
13628
13630
13630
13632
13633
13634
13632
13635
13637
13633
13638
13640
13634
13641
13635
13637
13643
13638
13640
13641
13643
13646
13646
13627
13653
13653
13654
13654
13657
13657
13659
13659
13661
13661
13663
13663
13665
13665
13667
13668
13667
13669
13671
13668
13669
13671
13672
13672
13652
13678
13679
13680
13681
13682
13683
13684
13685
13686
13687
13688
13689
13690
13691
13677
13693
13694
13694
13696
13696
13697
13697
13700
13700
13702
13702
13704
13704
13706
13706
13708
13708
13710
13710
13712
13712
13714
13714
13716
13716
13693
13719
13719
13720
13720
13722
13722
13725
13725
13727
13727
13729
13729
13730
13732
13730
13732
13733
13736
13737
13733
13736
13737
13738
13738
13743
13744
13745
13746
13747
13748
13749
13750
13751
13752
13753
13754
13755
13756
13757
13758
13759
13760
13761
13762
13763
13764
13765
13766
13767
13768
13769
13339
13771
13772
13773
13772
13774
13776
13777
13778
13779
13773
13780
13782
13774
13776
13777
13778
13779
13783
13780
13782
13789
13783
13789
13792
13792
13771
13797
13798
13797
13799
13801
13798
13799
13801
13802
13806
13802
13807
13806
13809
13811
13807
13812
13809
13814
13811
13812
13814
13816
13816
13796
13822
13823
13824
13825
13826
13827
13828
13829
13830
13831
13832
13833
13834
13835
13836
13837
13838
13839
13840
13821
13842
13843
13844
13845
13846
13847
13848
13849
13850
13851
13852
13853
13854
13855
13856
13857
13858
13859
13860
13861
13862
13863
13864
13865
13866
13867
13868
13869
13870
13871
11577
13873
13874
13874
13875
13875
13878
13878
13879
13879
13881
13881
13884
13885
13886
13884
13885
13886
13887
13887
13892
13892
13893
13893
13895
13895
13873
13899
13899
13900
13900
13903
13903
13905
13905
13907
13907
13909
13909
13911
13911
13913
13914
13913
13915
13917
13914
13915
13917
13918
13918
13898
13924
13925
13925
13927
13927
13929
13929
13930
13930
13933
13933
13935
13935
13936
13938
13939
13940
13936
13938
13939
13940
13941
13941
13947
13947
13924
13950
13951
13952
13950
13951
13953
13952
13953
13956
13959
13960
13961
13962
13963
13964
13956
13959
13960
13961
13962
13963
13964
13965
13965
13949
13975
13976
13976
13978
13979
13978
13979
13980
13983
13984
13980
13983
13985
13988
13984
13985
13988
13989
13989
13993
13993
13995
13995
13997
13997
13975
14001
14001
14003
14003
14005
14005
14007
14008
14009
14007
14008
14010
14009
14013
14010
14013
14015
14015
14018
14020
14018
14020
14021
14021
14000
14026
14027
14028
14029
14030
14031
14032
14033
14034
14035
14036
14037
14038
14025
14040
14041
14042
14043
14044
14045
14046
14047
14048
14049
14050
14051
14052
14053
14054
14055
14056
14057
14058
14059
14060
14061
14062
14063
14064
14065
14066
14067
14068
14069
14070
14071
14072
14073
14074
14075
14076
14077
14078
13974
14080
14081
14081
14083
14083
14085
14085
14087
14087
14088
14088
14091
14091
14092
14092
14095
14095
14096
14096
14099
14099
14100
14100
14102
14102
14080
14106
14106
14108
14109
14110
14108
14109
14110
14111
14111
14115
14117
14115
14118
14117
14118
14120
14120
14124
14124
14126
14126
14128
14128
14105
14131
14132
14133
14134
14135
14136
14137
14138
14139
14140
14141
14142
14143
14144
14145
14146
14147
14148
14149
14150
14151
14152
14153
14154
14155
14156
14157
14130
14159
14160
14161
14162
14163
14164
13923
14166
14167
14168
14169
14170
14171
14167
14168
14169
14170
14172
14177
14171
14178
14172
14177
14178
14180
14180
14185
14185
14187
14187
14188
14188
14166
14192
14193
14194
14192
14193
14195
14194
14195
14198
14198
14202
14202
14204
14204
14205
14205
14208
14208
14210
14210
14212
14212
14213
14213
14191
14217
14218
14219
14220
14221
14222
14223
14224
14225
14226
14227
14228
14229
14230
14231
14232
14233
14234
14235
14236
14237
14238
14239
14240
14241
14242
14243
14244
14245
14246
14247
14248
14249
14250
14251
14252
14253
14254
14255
14256
14257
14258
14259
14260
14261
14262
14263
14264
14216
14266
14267
14267
14269
14270
14271
14269
14270
14271
14272
14272
14277
14277
14279
14279
14281
14281
14283
14283
14284
14284
14287
14287
14289
14289
14266
14292
14292
14294
14294
14296
14297
14298
14296
14297
14299
14302
14298
14299
14302
14303
14303
14308
14308
14309
14309
14312
14312
14313
14313
14291
14317
14318
14318
14319
14319
14322
14322
14324
14324
14326
14326
14327
14327
14330
14330
14332
14332
14334
14334
14336
14337
14336
14337
14338
14338
14317
14343
14343
14345
14345
14346
14346
14349
14349
14351
14352
14351
14353
14355
14352
14353
14356
14359
14355
14356
14360
14359
14360
14363
14363
14342
14368
14369
14369
14371
14371
14372
14374
14375
14376
14377
14378
14379
14372
14380
14374
14382
14375
14376
14377
14378
14379
14380
14382
14384
14384
14368
14394
14394
14395
14397
14398
14399
14400
14401
14395
14402
14397
14398
14404
14399
14400
14401
14402
14407
14412
14404
14407
14412
14413
14413
14393
14419
14420
14421
14422
14423
14424
14425
14426
14427
14428
14429
14430
14431
14432
14433
14434
14435
14436
14437
14438
14439
14440
14441
14442
14443
14444
14445
14446
14447
14448
14449
14450
14451
14452
14453
14454
14455
14456
14457
14458
14459
14460
14461
14462
14463
14464
14465
14466
14467
14418
14469
14470
14471
14472
14473
14367
14475
14476
14476
14478
14478
14480
14480
14482
14482
14484
14484
14485
14487
14485
14487
14488
14488
14492
14492
14494
14495
14494
14495
14496
14496
14475
14501
14502
14503
14501
14504
14506
14507
14508
14509
14510
14502
14503
14511
14514
14504
14506
14507
14508
14509
14510
14511
14514
14515
14515
14500
14526
14527
14528
14529
14530
14531
14532
14533
14534
14535
14536
14537
14538
14539
14540
14541
14542
14543
14544
14545
14546
14547
14548
14549
14550
14551
14552
14553
14525
14555
14556
14557
14558
14559
14560
14561
14562
14563
14564
14565
14566
14567
14568
14569
14570
14571
14572
14573
14574
14316
14576
14577
8203
14579
14580
14581
14580
14581
14582
14582
14585
14585
14588
14588
14590
14591
14590
14591
14592
14592
14596
14596
14598
14598
14599
14599
14601
14601
14579
14605
14605
14606
14606
14609
14609
14611
14612
14611
14612
14613
14613
14617
14617
14619
14619
14621
14621
14623
14623
14624
14624
14626
14626
14604
14630
14631
14631
14632
14632
14635
14635
14637
14637
14639
14640
14639
14641
14640
14641
14643
14643
14647
14647
14648
14648
14651
14651
14653
14653
14630
14656
14657
14656
14657
14658
14658
14661
14661
14663
14663
14666
14666
14667
14667
14669
14669
14672
14672
14673
14673
14676
14676
14678
14678
14655
14681
14682
14682
14684
14684
14686
14687
14686
14687
14688
14688
14692
14692
14694
14694
14695
14697
14698
14695
14699
14697
14698
14699
14701
14701
14681
14707
14707
14708
14708
14711
14711
14712
14714
14715
14716
14712
14714
14717
14720
14721
14722
14715
14716
14717
14720
14721
14722
14723
14723
14706
14732
14733
14734
14733
14735
14737
14738
14734
14735
14739
14742
14737
14738
14743
14746
14739
14747
14749
14742
14743
14746
14747
14749
14750
14750
14732
14758
14759
14760
14758
14759
14760
14761
14761
14765
14765
14767
14767
14769
14771
14769
14772
14771
14774
14776
14772
14774
14776
14777
14777
14757
14783
14784
14785
14786
14787
14788
14789
14790
14791
14792
14793
14794
14795
14796
14797
14798
14799
14800
14801
14802
14803
14804
14805
14806
14807
14808
14809
14810
14811
14812
14813
14814
14815
14816
14817
14818
14819
14820
14782
14822
14823
14823
14825
14826
14827
14828
14825
14829
14831
14832
14833
14834
14826
14835
14827
14828
14829
14831
14832
14833
14834
14835
14837
14837
14822
14848
14849
14850
14848
14849
14851
14854
14855
14856
14857
14850
14851
14854
14858
14855
14856
14857
14858
14862
14867
14862
14867
14868
14868
14847
14873
14874
14874
14876
14876
14878
14879
14878
14879
14880
14880
14883
14883
14886
14886
14888
14888
14889
14889
14892
14893
14892
14893
14894
14894
14873
14899
14900
14899
14901
14903
14904
14900
14901
14905
14903
14908
14910
14911
14912
14904
14913
14905
14908
14910
14911
14912
14913
14915
14915
14898
14924
14925
14926
14927
14928
14929
14930
14931
14932
14933
14923
14935
14936
14937
14938
14939
14940
14941
14942
14943
14944
14945
14946
14947
14872
14949
14950
14950
14952
14952
14953
14953
14956
14956
14958
14958
14960
14960
14962
14962
14964
14964
14966
14967
14966
14967
14968
14968
14971
14971
14949
14975
14975
14977
14978
14979
14977
14980
14978
14979
14982
14985
14986
14987
14980
14988
14990
14982
14985
14986
14987
14988
14990
14991
14991
14974
15000
15001
15002
15001
15003
15002
15005
15003
15007
15009
15010
15005
15007
15011
15009
15010
15011
15014
15018
15019
15014
15018
15019
15020
15020
15000
15026
15027
15026
15028
15027
15028
15030
15030
15034
15034
15036
15036
15037
15037
15040
15040
15042
15042
15044
15045
15044
15045
15046
15046
15025
15051
15052
15052
15054
15054
15056
15056
15058
15058
15060
15060
15062
15063
15064
15065
15062
15066
15063
15064
15065
15068
15066
15068
15072
15072
15051
15077
15077
15079
15080
15081
15082
15083
15084
15085
15079
15086
15080
15088
15081
15082
15083
15090
15084
15085
15086
15088
15090
15094
15094
15076
15102
15101
15104
15105
15106
15107
15108
15109
15110
15111
15112
15113
15114
15115
15116
15117
15118
15119
15120
15121
15122
15123
15124
15125
15126
15127
15128
15129
15130
15131
15132
15133
15134
15135
15136
15137
15138
15139
15140
15050
15142
15143
15144
15145
15146
15147
15148
15149
15150
15151
15152
15153
15154
15155
15156
15157
15158
15159
15160
15161
15162
15163
15164
15165
14999
15167
15168
15168
15170
15170
15172
15172
15174
15174
15176
15177
15178
15176
15177
15178
15179
15179
15184
15184
15186
15186
15188
15188
15190
15190
15167
15193
15193
15195
15195
15197
15197
15199
15199
15200
15200
15202
15202
15204
15204
15207
15207
15209
15209
15211
15211
15212
15212
15214
15214
15192
15218
15219
15217
15221
15222
15223
15224
15225
15226
15227
15228
15229
15230
15231
15232
15233
15234
15235
15236
15237
15238
15239
15240
14731
15242
15243
15243
15245
15245
15246
15246
15249
15249
15251
15251
15253
15253
15254
15254
15257
15257
15258
15260
15261
15258
15260
15261
15262
15262
15242
15268
15268
15270
15270
15272
15272
15274
15274
15275
15275
15278
15278
15280
15281
15282
15283
15284
15280
15281
15282
15283
15284
15285
15285
15267
15293
15294
15294
15296
15296
15298
15298
15300
15300
15302
15302
15304
15304
15306
15307
15308
15309
15310
15306
15307
15308
15309
15310
15311
15311
15293
15319
15319
15321
15321
15323
15324
15323
15325
15324
15325
15327
15330
15331
15332
15327
15333
15335
15330
15331
15332
15333
15335
15336
15336
15318
15344
15345
15345
15346
15346
15349
15349
15350
15352
15350
15352
15353
15353
15356
15356
15359
15359
15361
15361
15363
15364
15363
15364
15365
15365
15344
15370
15371
15370
15371
15372
15372
15375
15375
15378
15378
15379
15379
15382
15383
15384
15382
15383
15384
15385
15389
15385
15389
15390
15390
15369
15395
15396
15396
15398
15398
15399
15399
15402
15403
15402
15403
15404
15404
15407
15407
15410
15410
15412
15412
15414
15415
15414
15415
15416
15416
15395
15421
15421
15423
15423
15424
15426
15424
15426
15427
15430
15431
15427
15430
15431
15432
15432
15436
15436
15439
15439
15441
15441
15442
15442
15420
15446
15447
15448
15449
15450
15451
15445
15453
15454
15455
15394
15457
15458
15459
15460
15461
15462
15463
15464
15465
15466
15343
15468
15469
15470
15471
15472
15473
15474
15475
15476
15477
15478
15479
15480
15481
15482
15483
15484
15485
15486
15487
15488
15489
15490
15491
15492
15493
15494
15495
15496
15497
15498
15499
15500
15501
15502
15292
15504
15505
15505
15507
15507
15509
15509
15510
15510
15513
15514
15515
15516
15517
15513
15514
15518
15515
15521
15516
15517
15518
15521
15523
15523
15504
15530
15530
15531
15531
15534
15534
15535
15535
15538
15538
15540
15540
15541
15541
15543
15543
15546
15546
15548
15548
15550
15550
15551
15551
15529
15555
15556
15556
15558
15558
15560
15560
15562
15562
15564
15565
15566
15564
15567
15569
15570
15571
15565
15566
15567
15569
15570
15571
15572
15572
15555
15581
15582
15581
15583
15585
15586
15582
15587
15583
15589
15585
15591
15593
15586
15594
15596
15587
15589
15591
15593
15594
15596
15597
15597
15580
15606
15607
15607
15609
15609
15611
15612
15611
15612
15613
15616
15617
15618
15619
15620
15613
15621
15616
15617
15618
15619
15620
15621
15623
15623
15606
15632
15632
15634
15635
15634
15635
15636
15636
15640
15640
15641
15643
15644
15645
15641
15643
15644
15646
15645
15646
15650
15650
15653
15653
15631
15657
15658
15658
15660
15660
15662
15662
15664
15664
15666
15666
15668
15668
15669
15669
15672
15672
15674
15674
15676
15676
15678
15678
15680
15680
15657
15683
15683
15685
15685
15686
15686
15688
15688
15691
15692
15693
15694
15695
15691
15696
15692
15693
15698
15694
15695
15696
15698
15701
15701
15682
15708
15709
15710
15709
15710
15711
15711
15715
15715
15717
15717
15719
15719
15721
15721
15723
15724
15725
15723
15726
15724
15725
15726
15728
15728
15708
15734
15734
15736
15736
15738
15738
15740
15740
15742
15742
15744
15745
15746
15744
15747
15745
15746
15747
15749
15749
15754
15754
15756
15756
15733
15759
15760
15761
15762
15763
15764
15765
15766
15767
15768
15769
15770
15771
15772
15773
15774
15775
15776
15777
15778
15779
15780
15781
15782
15783
15784
15785
15786
15787
15788
15789
15790
15758
15792
15793
15794
15795
15796
15797
15798
15799
15800
15801
15802
15803
15804
15707
15806
15807
15808
15809
15810
15811
15812
15813
15814
15815
15816
15817
15818
15819
15820
15821
15822
15823
15824
15825
15826
15827
15828
15829
15830
15831
15832
15833
15834
15835
15836
15837
15838
15839
15840
15841
15842
15843
15844
15845
15656
15847
15848
15848
15850
15850
15852
15853
15854
15855
15852
15856
15853
15854
15855
15858
15856
15862
15858
15862
15864
15864
15868
15868
15869
15869
15847
15873
15873
15874
15874
15876
15876
15879
15879
15880
15880
15883
15883
15885
15885
15887
15888
15889
15887
15888
15889
15890
15890
15894
15894
15872
15898
15899
15900
15901
15902
15903
15904
15905
15906
15907
15908
15909
15910
15911
15912
15913
15914
15915
15916
15917
15918
15919
15920
15921
15922
15923
15924
15925
15926
15927
15928
15897
15930
15931
15931
15932
15932
15935
15936
15937
15935
15936
15938
15941
15942
15937
15943
15938
15941
15945
15948
15942
15943
15945
15948
15949
15949
15930
15956
15956
15958
15958
15960
15960
15962
15962
15963
15965
15963
15966
15965
15966
15968
15968
15972
15973
15974
15972
15973
15974
15975
15975
15955
15981
15982
15982
15984
15984
15985
15985
15987
15987
15989
15989
15991
15991
15993
15995
15993
15996
15998
15995
15999
15996
15998
15999
16001
16001
15981
16007
16007
16009
16009
16011
16011
16013
16013
16015
16015
16017
16017
16019
16020
16021
16019
16020
16022
16021
16022
16025
16025
16028
16028
16006
16032
16033
16034
16035
16036
16037
16038
16039
16040
16041
16042
16043
16044
16045
16046
16047
16048
16049
16050
16051
16052
16053
16031
16055
16056
16057
16058
16059
16060
16061
16062
16063
16064
16065
16066
16067
15980
16069
16070
16071
16072
16073
16070
16071
16072
16074
16078
16079
16073
16080
16074
16078
16082
16085
16086
16079
16080
16082
16085
16086
16087
16087
16069
16095
16095
16097
16097
16098
16098
16101
16101
16103
16103
16105
16105
16107
16107
16109
16110
16109
16110
16111
16111
16115
16115
16116
16116
16094
16120
16121
16122
16123
16124
16125
16126
16127
16128
16129
16130
16131
16132
16133
16134
16135
16119
16137
16138
16139
16140
16141
16142
15605
16144
16145
16145
16146
16146
16149
16149
16151
16152
16151
16153
16155
16152
16156
16158
16159
16153
16155
16156
16158
16160
16159
16160
16165
16165
16144
16170
16171
16172
16170
16173
16175
16176
16177
16178
16179
16171
16180
16182
16172
16173
16175
16176
16177
16178
16179
16180
16182
16183
16183
16169
16195
16196
16196
16198
16198
16199
16199
16202
16202
16204
16205
16206
16204
16205
16207
16210
16206
16207
16211
16210
16211
16214
16214
16218
16218
16195
16221
16222
16221
16222
16223
16226
16223
16227
16229
16226
16230
16227
16229
16230
16232
16232
16236
16236
16238
16238
16241
16241
16242
16242
16220
16246
16247
16247
16249
16249
16251
16251
16253
16253
16254
16254
16257
16257
16259
16259
16260
16260
16263
16263
16265
16265
16267
16267
16268
16268
16246
16272
16272
16274
16274
16276
16276
16277
16277
16280
16280
16281
16281
16283
16285
16286
16283
16285
16286
16287
16291
16287
16291
16292
16292
16271
16297
16298
16299
16300
16301
16302
16303
16304
16305
16306
16307
16308
16309
16310
16311
16312
16313
16314
16315
16316
16317
16318
16319
16320
16321
16322
16323
16324
16325
16296
16327
16328
16328
16330
16330
16332
16332
16334
16334
16336
16336
16338
16339
16340
16341
16342
16338
16343
16339
16340
16341
16342
16343
16345
16345
16327
16353
16354
16353
16355
16354
16355
16357
16357
16360
16360
16362
16362
16364
16364
16367
16368
16369
16370
16367
16368
16369
16370
16371
16371
16352
16378
16379
16377
16381
16382
16382
16384
16384
16386
16386
16387
16387
16389
16389
16391
16391
16393
16393
16396
16396
16398
16398
16400
16400
16401
16401
16404
16404
16381
16407
16407
16409
16409
16411
16412
16413
16414
16411
16412
16413
16414
16415
16415
16420
16420
16423
16423
16424
16424
16427
16427
16429
16429
16406
16432
16433
16434
16435
16431
16437
16438
16245
16440
16441
16442
16443
16444
16445
16441
16442
16446
16449
16450
16451
16443
16444
16452
16455
16445
16446
16449
16450
16451
16452
16455
16456
16456
16440
16466
16466
16467
16469
16467
16470
16469
16472
16470
16472
16474
16477
16474
16478
16477
16478
16480
16483
16484
16480
16483
16484
16485
16485
16465
16491
16492
16492
16494
16495
16496
16497
16494
16498
16495
16500
16502
16503
16496
16504
16497
16506
16498
16500
16502
16503
16504
16506
16508
16508
16491
16517
16517
16519
16520
16519
16521
16520
16521
16523
16523
16526
16526
16529
16529
16531
16531
16533
16533
16535
16535
16537
16537
16538
16538
16516
16542
16541
16544
16545
16490
16547
16548
16194
16550
16551
16551
16553
16553
16555
16556
16555
16557
16559
16560
16561
16562
16563
16564
16556
16557
16559
16560
16561
16562
16563
16564
16565
16565
16550
16576
16576
16578
16579
16580
16581
16582
16583
16584
16578
16585
16587
16588
16579
16580
16581
16582
16583
16584
16585
16587
16588
16589
16589
16575
16601
16602
16603
16604
16605
16606
16607
16608
16609
16610
16611
16612
16613
16614
16615
16616
16617
16600
16619
16620
16621
16622
15554
16624
16625
16625
16627
16627
16628
16630
16628
16630
16631
16631
16635
16635
16636
16638
16636
16638
16639
16639
16642
16642
16645
16645
16646
16646
16624
16650
16650
16652
16652
16654
16654
16655
16657
16658
16659
16655
16657
16658
16660
16659
16664
16660
16666
16668
16664
16666
16668
16669
16669
16649
16675
16676
16677
16678
16679
16676
16680
16682
16683
16684
16677
16685
16678
16687
16679
16680
16689
16682
16683
16684
16685
16687
16689
16692
16692
16675
16701
16701
16702
16702
16704
16704
16707
16708
16709
16707
16710
16712
16713
16708
16709
16710
16714
16718
16712
16713
16714
16718
16719
16719
16725
16726
16727
16674
16729
16730
16731
16732
16733
16734
16735
16736
16737
14680
16739
16740
16740
16742
16742
16744
16744
16746
16746
16748
16748
16750
16750
16751
16751
16753
16755
16753
16756
16758
16755
16756
16758
16759
16759
16739
16765
16765
16767
16767
16768
16768
16770
16772
16773
16770
16774
16772
16776
16773
16774
16778
16776
16781
16778
16783
16781
16783
16785
16785
16764
16790
16791
16791
16793
16793
16795
16795
16797
16797
16799
16799
16801
16801
16803
16803
16805
16805
16807
16807
16808
16808
16811
16811
16813
16813
16790
16816
16816
16818
16818
16820
16821
16820
16821
16822
16822
16825
16827
16825
16827
16828
16828
16831
16831
16833
16835
16833
16835
16836
16836
16815
16841
16842
16842
16843
16843
16845
16845
16848
16848
16849
16849
16852
16852
16854
16854
16855
16855
16858
16858
16860
16860
16862
16862
16864
16864
16841
16867
16867
16869
16870
16869
16870
16871
16871
16874
16874
16877
16877
16879
16879
16881
16882
16883
16884
16881
16882
16883
16884
16885
16885
16866
16892
16893
16893
16895
16896
16897
16895
16896
16898
16901
16902
16897
16898
16903
16901
16906
16908
16902
16909
16903
16906
16908
16909
16911
16911
16892
16918
16918
16920
16920
16922
16922
16924
16924
16926
16927
16926
16927
16928
16928
16931
16933
16934
16931
16933
16935
16934
16935
16938
16938
16917
16943
16944
16945
16946
16944
16947
16945
16949
16951
16952
16946
16947
16953
16956
16957
16958
16949
16951
16952
16953
16956
16957
16958
16959
16959
16943
16969
16970
16969
16970
16971
16971
16974
16974
16976
16976
16978
16978
16981
16981
16982
16984
16985
16986
16982
16984
16985
16986
16987
16987
16968
16994
16995
16995
16997
16997
16999
17000
16999
17001
17000
17003
17001
17005
17003
17007
17005
17007
17009
17009
17012
17012
17015
17015
17016
17016
16994
17020
17021
17020
17021
17022
17025
17026
17027
17028
17029
17030
17031
17022
17025
17026
17027
17032
17028
17029
17030
17031
17032
17037
17037
17019
17045
17046
17047
17048
17049
17050
17051
17052
17053
17054
17055
17056
17057
17058
17059
17060
17061
17062
17063
17064
17065
17066
17067
17068
17069
17070
17071
17072
17073
17074
17075
17076
17077
17078
17079
17044
17081
17082
17083
17084
17085
17086
17087
17088
17089
17090
17091
17092
17093
17094
17095
17096
17097
17098
17099
17100
17101
17102
17103
17104
17105
17106
17107
17108
17109
16993
17111
17112
17112
17113
17115
17116
17117
17113
17118
17120
17121
17122
17115
17123
17125
17116
17117
17118
17120
17121
17122
17123
17125
17126
17126
17111
17137
17137
17139
17139
17141
17141
17143
17143
17145
17145
17147
17147
17149
17149
17150
17150
17152
17152
17155
17155
17157
17157
17158
17158
17136
17162
17163
17163
17165
17165
17167
17168
17169
17167
17168
17169
17170
17170
17175
17175
17177
17177
17178
17178
17180
17180
17182
17182
17184
17184
17162
17188
17188
17190
17191
17192
17190
17193
17195
17196
17197
17191
17192
17193
17195
17198
17196
17203
17197
17205
17198
17203
17205
17207
17207
17187
17213
17214
17214
17216
17216
17218
17218
17219
17219
17222
17222
17223
17223
17226
17227
17226
17228
17230
17231
17227
17228
17230
17231
17232
17232
17213
17239
17239
17241
17241
17242
17242
17244
17244
17247
17247
17249
17249
17251
17251
17253
17253
17255
17256
17257
17255
17256
17257
17258
17258
17238
17264
17265
17265
17266
17268
17266
17269
17268
17269
17271
17271
17274
17274
17276
17276
17279
17279
17280
17280
17283
17284
17283
17284
17285
17285
17264
17290
17290
17291
17291
17294
17294
17296
17296
17298
17298
17299
17299
17301
17303
17301
17303
17304
17307
17308
17304
17307
17308
17309
17309
17289
17315
17316
17317
17318
17319
17320
17321
17322
17323
17324
17325
17326
17327
17328
17329
17330
17331
17332
17333
17334
17335
17336
17337
17338
17339
17314
17341
17342
17343
17344
17345
17346
17347
17348
17349
17350
17351
17352
17353
17354
17355
17356
17357
17358
17263
17360
17361
17362
17363
17364
17365
17366
17367
17368
17369
17370
17371
17372
17373
17374
17375
17376
17377
17378
17379
17380
17381
17382
17383
17384
17385
17386
17387
17388
17389
17390
17391
17212
17393
17394
17394
17395
17397
17395
17398
17400
17397
17401
17403
17404
17405
17406
17407
17398
17400
17401
17403
17404
17405
17406
17407
17408
17408
17393
17419
17420
17419
17420
17421
17421
17425
17426
17427
17428
17425
17429
17426
17427
17428
17429
17431
17431
17437
17437
17438
17438
17440
17440
17443
17444
17445
17446
17447
17448
17449
17450
17451
17452
17453
17454
17455
17456
17457
17458
17459
17460
17461
17462
17463
17464
17465
17466
17467
17468
17469
17470
17161
17472
17473
17474
17473
17474
17475
17478
17479
17475
17478
17479
17480
17484
17485
17480
17484
17485
17486
17486
17491
17491
17492
17492
17494
17494
17472
17498
17498
17500
17500
17502
17503
17504
17502
17503
17505
17504
17505
17508
17508
17512
17512
17514
17514
17516
17517
17516
17517
17518
17518
17497
17523
17524
17525
17526
17527
17528
17529
17530
17531
17532
17533
17534
17535
17536
17537
17538
17539
17540
17541
17542
17543
17544
17545
17546
17547
17548
17549
17550
17522
17552
17553
17554
17555
17556
17557
17558
17559
17560
17561
17562
17563
17564
17565
17566
17567
17568
17569
17570
17571
17572
17573
17574
17575
17576
17577
17578
17579
17580
17581
17582
17583
17584
17585
17586
17587
17588
17589
17590
17591
17592
17593
17594
17595
17596
16942
17598
17599
17599
17601
17601
17603
17603
17605
17605
17607
17608
17607
17608
17609
17609
17613
17613
17615
17615
17617
17618
17617
17618
17619
17619
17598
17624
17624
17625
17625
17628
17628
17630
17630
17631
17631
17634
17634
17635
17635
17638
17638
17639
17639
17642
17642
17644
17644
17645
17645
17623
17649
17650
17650
17652
17652
17653
17653
17655
17655
17658
17658
17659
17659
17661
17661
17664
17664
17666
17666
17668
17668
17670
17670
17671
17671
17649
17675
17675
17677
17678
17677
17678
17679
17679
17682
17682
17685
17685
17686
17686
17689
17689
17691
17691
17693
17694
17693
17694
17695
17695
17674
17700
17701
17701
17702
17704
17705
17706
17702
17704
17705
17706
17707
17707
17713
17713
17715
17715
17716
17716
17719
17719
17720
17720
17723
17723
17700
17726
17726
17727
17729
17730
17727
17729
17730
17731
17731
17736
17736
17738
17738
17740
17740
17742
17742
17744
17744
17746
17746
17747
17747
17725
17751
17752
17753
17752
17754
17756
17753
17757
17754
17756
17757
17759
17759
17764
17764
17766
17766
17767
17767
17769
17769
17771
17771
17774
17774
17751
17777
17778
17779
17780
17777
17778
17781
17779
17784
17786
17780
17781
17787
17790
17791
17792
17784
17786
17787
17790
17791
17792
17793
17793
17776
17802
17803
17804
17805
17801
17807
17808
17809
17810
17811
17812
17813
17814
17815
17816
17750
17818
17819
17820
17821
17822
17823
17824
17825
17826
17827
17828
17829
17830
17699
17832
17833
17833
17834
17834
17837
17838
17837
17839
17841
17842
17843
17838
17844
17839
17841
17846
17842
17849
17843
17844
17846
17849
17851
17851
17832
17858
17858
17860
17861
17860
17861
17862
17862
17866
17866
17868
17868
17870
17870
17871
17873
17871
17874
17876
17873
17874
17876
17877
17877
17882
17883
17884
17885
17886
17887
17888
17889
17890
17891
17892
17648
17894
17895
17896
17897
17898
17899
17900
17901
17902
17903
17904
17905
17906
17907
17908
17909
17910
17911
17912
17913
17914
17915
17916
17917
17918
17919
17920
17921
17922
17923
17924
17925
16891
17927
17928
17928
17929
17929
17932
17932
17934
17935
17936
17934
17937
17939
17935
17936
17940
17943
17937
17944
17939
17940
17943
17944
17946
17946
17927
17953
17953
17954
17956
17957
17954
17956
17957
17958
17962
17958
17962
17963
17963
17966
17968
17966
17968
17969
17969
17973
17973
17975
17975
17952
17978
17979
17979
17981
17981
17983
17983
17985
17985
17986
17986
17989
17990
17991
17992
17989
17990
17991
17992
17993
17998
17993
17998
17999
17999
17978
18004
18004
18005
18005
18007
18007
18010
18011
18012
18013
18010
18014
18011
18016
18018
18012
18013
18019
18014
18016
18018
18019
18022
18022
18003
18029
18030
18031
18032
18033
18034
18035
18036
18037
18038
18028
18040
18041
18042
18043
18044
18045
17977
18047
18048
18049
18050
18051
18052
18053
18054
18055
18056
18057
18058
18059
18060
18061
18062
18063
18064
18065
18066
18067
18068
18069
18070
18071
18072
18073
18074
18075
18076
18077
18078
18079
18080
18081
18082
16840
18084
18085
18085
18086
18086
18088
18088
18090
18090
18093
18093
18094
18094
18097
18097
18098
18098
18100
18100
18103
18103
18105
18105
18106
18106
18084
18110
18110
18112
18112
18113
18115
18113
18116
18115
18118
18116
18118
18120
18123
18120
18123
18124
18124
18128
18128
18130
18130
18132
18132
18109
18135
18136
18136
18138
18138
18140
18140
18142
18142
18144
18144
18146
18146
18148
18148
18150
18150
18152
18152
18154
18154
18156
18156
18157
18157
18135
18161
18161
18163
18163
18165
18165
18166
18166
18168
18170
18168
18171
18170
18173
18175
18171
18173
18176
18179
18175
18176
18179
18180
18180
18160
18186
18187
18187
18189
18189
18191
18191
18192
18192
18194
18194
18197
18197
18198
18198
18201
18201
18203
18203
18205
18205
18206
18206
18209
18209
18186
18212
18212
18214
18214
18216
18216
18217
18217
18219
18219
18221
18221
18224
18224
18225
18227
18228
18225
18227
18229
18228
18229
18232
18232
18211
18237
18238
18239
18240
18241
18242
18243
18244
18245
18246
18247
18248
18249
18250
18251
18252
18253
18254
18255
18256
18257
18258
18259
18260
18261
18262
18263
18264
18265
18266
18267
18268
18269
18270
18271
18272
18273
18274
18275
18276
18236
18278
18279
18280
18279
18281
18283
18280
18281
18283
18284
18284
18289
18289
18290
18292
18293
18290
18292
18294
18297
18293
18294
18297
18298
18298
18278
18304
18305
18306
18304
18305
18306
18307
18307
18312
18312
18313
18313
18315
18315
18318
18318
18320
18320
18321
18321
18323
18323
18325
18325
18303
18328
18330
18331
18332
18333
18334
18185
18336
18337
18337
18339
18339
18341
18341
18342
18342
18345
18346
18347
18348
18345
18346
18349
18347
18348
18349
18352
18352
18357
18357
18358
18358
18336
18362
18363
18362
18364
18366
18363
18367
18369
18370
18364
18371
18366
18367
18369
18370
18373
18371
18373
18378
18378
18382
18382
18383
18383
18361
18387
18388
18388
18390
18390
18392
18392
18393
18393
18396
18396
18398
18398
18400
18400
18402
18402
18403
18405
18403
18406
18405
18406
18408
18408
18387
18413
18413
18415
18415
18416
18418
18416
18418
18419
18422
18423
18424
18425
18419
18426
18428
18422
18423
18424
18425
18426
18428
18429
18429
18412
18438
18439
18440
18441
18442
18443
18444
18445
18446
18447
18448
18449
18450
18451
18437
18453
18454
18454
18455
18455
18457
18457
18460
18460
18461
18461
18464
18464
18465
18465
18467
18467
18470
18470
18471
18471
18473
18473
18476
18476
18453
18479
18479
18481
18481
18482
18482
18484
18484
18486
18486
18489
18489
18491
18491
18493
18493
18495
18495
18497
18498
18497
18498
18499
18499
18478
18504
18505
18506
18507
18508
18509
18510
18511
18512
18513
18514
18515
18516
18517
18518
18519
18520
18521
18522
18523
18524
18525
18526
18527
18528
18529
18530
18531
18532
18533
18534
18535
18503
18537
18538
18539
18540
18541
18542
18543
18544
18545
18546
18547
18548
18549
18550
18551
18552
18553
18554
18555
18556
18557
18558
18559
18560
18561
18562
18563
18564
18565
18566
18567
18568
18569
18570
18571
18572
18573
18574
18575
18576
18577
18578
18579
18580
18581
18582
18386
18584
18585
18585
18587
18587
18588
18588
18591
18591
18592
18594
18595
18592
18596
18594
18598
18600
18601
18595
18596
18598
18600
18601
18602
18602
18584
18610
18610
18612
18612
18613
18613
18616
18616
18618
18618
18620
18621
18622
18620
18623
18625
18621
18626
18622
18623
18625
18626
18628
18628
18609
18635
18636
18637
18638
18639
18640
18641
18636
18637
18642
18645
18638
18639
18646
18640
18649
18651
18641
18642
18645
18646
18649
18651
18652
18652
18635
18661
18662
18661
18662
18663
18666
18667
18663
18668
18666
18670
18672
18667
18673
18675
18668
18670
18672
18673
18676
18675
18676
18681
18681
18660
18686
18687
18688
18687
18688
18689
18689
18693
18693
18695
18695
18697
18697
18699
18699
18701
18701
18703
18703
18704
18704
18706
18706
18709
18709
18686
18712
18712
18713
18713
18715
18715
18717
18717
18719
18719
18722
18723
18722
18723
18724
18727
18728
18729
18724
18727
18728
18729
18730
18730
18711
18737
18738
18739
18740
18741
18742
18743
18744
18745
18746
18747
18748
18749
18750
18751
18752
18753
18754
18755
18756
18757
18758
18759
18760
18761
18762
18763
18764
18765
18766
18767
18768
18769
18770
18736
18772
18773
18774
18775
18685
18777
18778
18779
18780
18781
18782
18783
18784
18785
18786
18787
18788
18789
18790
18791
18792
18793
18794
18634
18796
18797
18798
18797
18799
18801
18798
18799
18801
18802
18802
18806
18806
18808
18810
18811
18808
18810
18812
18811
18815
18812
18815
18817
18817
18796
18822
18822
18823
18823
18826
18826
18827
18827
18830
18830
18832
18832
18834
18834
18836
18836
18838
18838
18839
18841
18839
18841
18842
18842
18821
18847
18848
18848
18849
18849
18852
18853
18854
18852
18853
18854
18855
18855
18860
18861
18860
18861
18862
18862
18866
18866
18867
18867
18870
18870
18847
18873
18873
18875
18875
18877
18877
18879
18879
18881
18882
18881
18882
18883
18883
18886
18886
18888
18890
18888
18890
18891
18891
18894
18894
18872
18898
18899
18899
18900
18900
18903
18904
18905
18906
18903
18907
18904
18905
18906
18909
18907
18909
18913
18913
18917
18917
18919
18919
18921
18921
18898
18924
18924
18926
18927
18928
18929
18926
18927
18928
18930
18929
18930
18934
18934
18938
18938
18939
18939
18941
18941
18943
18943
18946
18946
18923
18949
18950
18951
18952
18948
18954
18897
18956
18957
18958
18959
18960
18961
18962
18963
18964
18965
18966
18967
18968
18969
18970
18846
18972
18973
18974
18975
18973
18974
18975
18976
18976
18981
18981
18982
18982
18985
18985
18987
18988
18989
18987
18990
18988
18989
18990
18992
18992
18972
18998
18998
18999
18999
19001
19003
19001
19004
19003
19004
19006
19009
19010
19006
19009
19010
19011
19015
19011
19015
19016
19016
19019
19019
18997
19023
19024
19024
19026
19026
19028
19028
19030
19031
19032
19030
19031
19033
19032
19033
19036
19036
19040
19040
19042
19042
19043
19043
19046
19046
19023
19049
19050
19051
19049
19052
19050
19051
19052
19054
19054
19059
19060
19061
19062
19063
19059
19064
19060
19061
19062
19063
19064
19066
19066
19048
19074
19075
19075
19077
19077
19079
19080
19079
19081
19080
19083
19085
19086
19087
19088
19089
19081
19083
19085
19086
19087
19088
19089
19090
19090
19074
19100
19100
19102
19102
19103
19105
19106
19103
19105
19106
19107
19107
19111
19113
19114
19115
19116
19111
19113
19114
19115
19116
19117
19117
19099
19125
19126
19126
19127
19127
19130
19130
19132
19132
19134
19135
19136
19137
19138
19139
19140
19134
19135
19136
19137
19138
19139
19140
19141
19141
19125
19151
19151
19153
19153
19155
19155
19157
19157
19158
19158
19161
19162
19163
19161
19164
19166
19162
19167
19163
19164
19166
19167
19169
19169
19150
19176
19177
19177
19178
19178
19181
19181
19183
19183
19185
19185
19187
19188
19187
19189
19188
19191
19193
19189
19194
19191
19193
19194
19196
19196
19176
19202
19203
19204
19205
19206
19207
19208
19202
19209
19203
19211
19204
19205
19213
19216
19206
19207
19208
19209
19211
19213
19216
19217
19217
19201
19227
19228
19229
19226
19231
19232
19232
19233
19233
19236
19236
19237
19237
19240
19240
19241
19241
19244
19244
19245
19245
19248
19248
19249
19249
19252
19252
19253
19253
19231
19257
19257
19259
19259
19261
19261
19263
19263
19265
19265
19267
19268
19267
19268
19269
19269
19273
19274
19273
19275
19274
19275
19277
19277
19256
19282
19283
19284
19285
19286
19287
19288
19289
19290
19291
19281
19293
19294
19295
19296
19297
19298
19299
19300
19301
19302
19303
19304
19305
19175
19307
19308
19308
19310
19310
19312
19312
19313
19315
19313
19316
19318
19315
19316
19319
19322
19318
19323
19325
19319
19322
19323
19325
19326
19326
19307
19333
19333
19335
19335
19337
19337
19339
19339
19340
19340
19342
19344
19345
19346
19347
19348
19342
19344
19345
19346
19347
19348
19349
19349
19332
19358
19359
19360
19361
19362
19363
19364
19365
19366
19367
19368
19369
19370
19371
19372
19373
19374
19375
19376
19377
19378
19379
19380
19381
19382
19383
19384
19385
19386
19387
19388
19389
19390
19391
19392
19393
19394
19395
19396
19397
19398
19399
19357
19401
19402
19402
19404
19405
19404
19405
19406
19406
19409
19409
19411
19413
19411
19413
19414
19417
19418
19414
19417
19419
19418
19419
19422
19422
19401
19427
19427
19429
19429
19431
19431
19433
19433
19435
19435
19437
19438
19439
19440
19437
19441
19443
19438
19439
19440
19441
19443
19444
19444
19426
19452
19453
19454
19455
19456
19457
19458
19459
19460
19461
19462
19463
19464
19465
19466
19467
19468
19469
19470
19471
19472
19473
19474
19475
19476
19477
19478
19479
19480
19481
19482
19483
19484
19485
19486
19487
19488
19451
19490
19491
19492
19493
19494
19495
19496
19497
19498
19499
19500
19501
19502
19503
19504
19505
19506
19507
19508
19509
19510
19511
19512
19513
19514
19515
19516
19517
19518
19519
19520
19521
19522
19523
19524
19525
19526
19527
19528
19124
19530
19531
19531
19532
19532
19534
19534
19537
19537
19539
19539
19541
19541
19543
19543
19544
19546
19544
19546
19547
19547
19550
19550
19553
19553
19530
19556
19556
19558
19558
19559
19561
19559
19562
19564
19561
19562
19564
19565
19569
19570
19571
19565
19572
19569
19570
19571
19572
19574
19574
19555
19581
19582
19582
19583
19583
19586
19587
19588
19589
19590
19591
19586
19587
19588
19589
19592
19590
19597
19599
19591
19592
19597
19599
19600
19600
19581
19607
19607
19608
19610
19608
19610
19611
19611
19615
19615
19617
19617
19619
19620
19621
19622
19619
19620
19621
19622
19623
19623
19628
19628
19606
19632
19633
19634
19635
19636
19637
19638
19639
19640
19641
19642
19643
19644
19645
19646
19647
19631
19649
19650
19651
19652
19653
19654
19655
19656
19657
19580
19659
19660
19660
19661
19661
19664
19664
19666
19666
19668
19668
19670
19670
19672
19673
19672
19674
19673
19674
19676
19676
19679
19679
19682
19682
19659
19685
19685
19687
19687
19689
19689
19691
19691
19693
19693
19695
19695
19697
19697
19699
19699
19700
19702
19703
19700
19702
19703
19704
19704
19684
19710
19711
19712
19713
19714
19711
19715
19712
19717
19713
19719
19721
19722
19723
19724
19714
19715
19717
19719
19721
19722
19723
19724
19725
19725
19710
19736
19736
19738
19738
19740
19741
19742
19740
19741
19742
19743
19743
19748
19749
19748
19750
19749
19752
19754
19750
19752
19754
19755
19755
19735
19761
19762
19763
19764
19765
19766
19767
19768
19769
19770
19760
19772
19773
19774
19775
19776
19777
19778
19779
19780
19781
19782
19783
19784
19785
19786
19787
19788
19789
19790
19791
19792
19793
19794
19795
19796
19797
19798
19799
19800
19801
19802
19803
19804
19805
19806
19807
19808
19809
19810
19811
19812
19709
19814
19815
19816
19817
19818
19819
19820
19821
19822
19823
19824
19825
19826
19827
19828
19829
19830
19831
19832
19833
19834
19835
19836
19837
19838
19839
19840
19841
19842
19843
19844
19845
19073
19847
19848
19848
19850
19850
19851
19851
19854
19854
19856
19856
19857
19859
19857
19859
19860
19863
19860
19863
19864
19864
19868
19868
19869
19869
19847
19873
19874
19873
19874
19875
19875
19879
19879
19881
19881
19883
19883
19884
19884
19887
19887
19889
19890
19889
19890
19891
19891
19894
19894
19872
19898
19899
19899
19901
19901
19903
19903
19904
19904
19907
19907
19909
19909
19911
19911
19913
19913
19915
19915
19917
19917
19919
19919
19920
19920
19898
19924
19924
19926
19926
19928
19928
19930
19930
19932
19933
19934
19935
19936
19937
19932
19938
19933
19934
19935
19936
19937
19938
19940
19940
19923
19949
19950
19951
19952
19953
19954
19955
19956
19957
19958
19959
19960
19961
19962
19963
19964
19965
19966
19967
19968
19969
19970
19971
19972
19973
19974
19975
19976
19977
19978
19979
19980
19981
19982
19983
19984
19985
19986
19987
19948
19989
19990
19990
19992
19992
19994
19995
19996
19997
19998
19999
19994
19995
19996
19997
19998
20000
19999
20006
20008
20000
20006
20008
20009
20009
19989
20015
20016
20015
20017
20019
20020
20021
20022
20023
20016
20017
20019
20024
20020
20021
20028
20031
20022
20023
20024
20028
20031
20032
20032
20014
20040
20041
20042
20043
20044
20045
20046
20039
20048
20049
19897
20051
20052
20053
20054
20055
20056
20057
20058
20059
20060
20061
20062
20063
20064
20065
20066
20067
20068
20069
20070
19022
20072
20073
20073
20074
20074
20077
20078
20079
20080
20077
20081
20083
20084
20085
20078
20086
20079
20080
20081
20083
20084
20085
20086
20088
20088
20072
20098
20098
20100
20100
20102
20103
20102
20104
20106
20107
20103
20104
20106
20108
20107
20108
20112
20112
20115
20115
20118
20118
20119
20119
20097
20123
20124
20125
20126
20127
20128
20129
20130
20131
20132
20133
20134
20135
20136
20137
20138
20139
20140
20122
20142
20143
20144
20145
20146
20147
20148
20149
20150
18134
20152
20153
20153
20155
20155
20157
20157
20158
20158
20161
20161
20162
20164
20165
20166
20167
20162
20164
20168
20165
20166
20167
20168
20171
20171
20152
20178
20178
20180
20180
20182
20182
20184
20184
20186
20186
20188
20188
20189
20189
20192
20192
20193
20193
20196
20196
20198
20198
20199
20199
20177
20203
20204
20205
20206
20207
20208
20209
20210
20211
20212
20213
20214
20215
20216
20217
20218
20219
20220
20221
20222
20223
20224
20225
20226
20227
20228
20229
20230
20231
20232
20233
20234
20235
20236
20237
20238
20239
20240
20241
20242
20243
20202
20245
20246
20247
20248
20249
20250
20251
20252
20253
20254
20255
20256
20257
20258
20259
20260
20261
20262
20263
20264
20265
20266
20267
20268
20269
20270
20271
20272
20273
20274
20275
20276
20277
20278
20279
20280
20281
20282
20283
20284
20285
20286
20287
16789
20289
20290
20290
20291
20291
20294
20294
20296
20297
20298
20299
20296
20300
20302
20303
20304
20297
20298
20299
20300
20302
20303
20304
20305
20305
20289
20315
20316
20315
20316
20317
20317
20321
20321
20322
20322
20325
20325
20327
20327
20328
20330
20328
20330
20331
20334
20331
20334
20335
20335
20314
20340
20341
20341
20343
20344
20345
20346
20343
20347
20349
20350
20344
20345
20351
20354
20355
20346
20347
20349
20350
20351
20354
20355
20356
20356
20340
20366
20366
20368
20368
20370
20370
20371
20373
20371
20373
20374
20374
20378
20378
20380
20380
20381
20381
20384
20384
20386
20386
20388
20388
20365
20391
20392
20392
20394
20395
20396
20397
20398
20394
20395
20396
20399
20403
20404
20405
20397
20406
20398
20399
20403
20404
20405
20406
20408
20408
20391
20417
20418
20417
20419
20421
20422
20423
20418
20419
20421
20422
20424
20429
20430
20431
20423
20432
20424
20429
20430
20431
20432
20434
20434
20416
20442
20443
20444
20445
20446
20447
20448
20449
20450
20451
20452
20453
20454
20455
20456
20457
20458
20459
20460
20461
20462
20463
20464
20465
20466
20467
20468
20469
20470
20471
20472
20473
20474
20475
20476
20441
20478
20479
20480
20481
20482
20483
20484
20485
20486
20487
20488
20489
20490
20491
20492
20493
20390
20495
20496
20497
20498
20499
20500
20501
20502
20503
20504
20505
20506
20507
20508
20509
20510
20511
20512
20513
20514
20515
20516
20517
20518
20519
20520
20521
20522
20523
20524
20525
20339
20527
20528
20528
20530
20530
20532
20532
20534
20535
20536
20534
20535
20537
20540
20536
20537
20541
20540
20541
20544
20544
20547
20547
20550
20550
20527
20553
20553
20555
20555
20556
20556
20559
20560
20559
20561
20560
20563
20565
20561
20566
20568
20563
20565
20569
20566
20568
20569
20572
20572
20552
20578
20579
20580
20581
20579
20580
20581
20582
20582
20587
20587
20589
20589
20590
20590
20592
20592
20594
20596
20597
20594
20596
20597
20598
20598
20578
20604
20604
20606
20607
20608
20609
20610
20606
20607
20608
20611
20609
20610
20615
20618
20619
20611
20615
20620
20618
20619
20620
20623
20623
20603
20629
20630
20631
20628
20633
20634
20635
20636
20637
20638
20639
20640
20641
20642
20643
20644
20645
20646
20647
20648
20649
20650
20651
20652
20653
20654
20655
20656
20657
20658
20659
20660
20661
20662
20663
20664
20665
20666
20667
20668
20669
20670
20671
20577
20673
20674
20674
20676
20676
20678
20678
20680
20680
20682
20683
20684
20685
20682
20686
20688
20683
20689
20684
20685
20686
20688
20689
20691
20691
20673
20699
20699
20701
20701
20703
20704
20703
20704
20705
20705
20709
20709
20711
20711
20713
20713
20715
20716
20715
20717
20716
20717
20719
20719
20698
20724
20725
20725
20727
20727
20729
20729
20730
20730
20732
20732
20735
20735
20736
20736
20738
20738
20741
20741
20743
20743
20744
20744
20747
20747
20724
20750
20750
20752
20752
20754
20754
20756
20756
20757
20757
20760
20761
20760
20761
20762
20765
20766
20767
20762
20765
20766
20767
20768
20768
20749
20775
20776
20777
20778
20779
20780
20774
20782
20783
20784
20785
20786
20787
20788
20723
20790
20791
20792
20793
14629
20795
20796
20796
20798
20798
20800
20800
20802
20803
20804
20805
20802
20803
20804
20805
20806
20806
20811
20811
20814
20815
20814
20815
20816
20816
20795
20821
20821
20823
20823
20824
20824
20827
20827
20829
20829
20831
20831
20833
20833
20835
20836
20835
20836
20837
20837
20841
20841
20842
20842
20820
20846
20847
20847
20849
20849
20851
20851
20853
20854
20855
20853
20856
20854
20855
20858
20861
20862
20856
20858
20863
20861
20862
20863
20866
20866
20846
20872
20872
20874
20874
20876
20876
20878
20879
20878
20879
20880
20880
20884
20884
20886
20886
20888
20888
20890
20890
20892
20892
20894
20894
20871
20897
20898
20898
20900
20900
20902
20902
20904
20904
20905
20907
20908
20905
20907
20908
20909
20909
20914
20914
20916
20916
20917
20917
20920
20920
20897
20923
20923
20924
20924
20926
20926
20929
20929
20931
20931
20933
20933
20934
20934
20937
20937
20938
20938
20940
20940
20942
20942
20944
20944
20922
20948
20949
20950
20951
20952
20953
20954
20955
20956
20957
20958
20947
20960
20961
20896
20963
20964
20965
20966
20964
20967
20969
20970
20965
20966
20971
20974
20967
20975
20977
20969
20978
20970
20971
20974
20975
20977
20978
20980
20980
20963
20989
20989
20991
20991
20993
20993
20994
20996
20994
20996
20997
20997
21001
21002
21001
21002
21003
21006
21003
21006
21007
21007
21010
21010
20988
21014
21015
21016
21015
21017
21016
21019
21017
21021
21023
21024
21019
21025
21021
21023
21024
21027
21031
21025
21027
21031
21032
21032
21036
21036
21014
21040
21040
21042
21043
21042
21043
21044
21044
21048
21048
21050
21051
21052
21053
21054
21055
21050
21051
21052
21053
21054
21055
21056
21056
21039
21065
21066
21066
21068
21068
21069
21069
21071
21071
21074
21075
21074
21076
21075
21078
21076
21078
21080
21083
21084
21080
21083
21084
21085
21085
21065
21091
21091
21093
21093
21095
21095
21096
21096
21099
21100
21101
21099
21102
21100
21101
21102
21104
21104
21109
21109
21111
21111
21112
21112
21090
21116
21117
21118
21119
21120
21121
21122
21123
21124
21125
21126
21127
21128
21129
21130
21131
21132
21133
21134
21135
21136
21137
21138
21139
21140
21141
21142
21143
21144
21145
21146
21147
21148
21149
21150
21151
21152
21153
21154
21115
21156
21157
21157
21159
21159
21161
21162
21161
21162
21163
21163
21166
21166
21169
21169
21170
21170
21173
21173
21174
21174
21176
21176
21178
21178
21156
21182
21182
21184
21185
21186
21187
21184
21185
21186
21187
21188
21188
21194
21194
21195
21197
21198
21199
21195
21197
21198
21199
21200
21200
21181
21207
21208
21206
21210
21211
21212
21213
21214
21215
21216
21217
21064
21219
21220
21220
21221
21221
21223
21223
21226
21226
21228
21228
21230
21230
21232
21233
21234
21232
21235
21237
21233
21234
21235
21237
21238
21238
21219
21245
21246
21247
21248
21249
21250
21251
21252
21253
21245
21254
21246
21247
21248
21256
21249
21250
21251
21252
21253
21254
21256
21260
21260
21244
21269
21271
21272
21273
21013
21275
21276
21276
21277
21277
21279
21279
21282
21282
21283
21285
21286
21287
21288
21289
21283
21285
21286
21287
21290
21288
21289
21290
21295
21295
21275
21301
21301
21303
21304
21305
21306
21307
21303
21304
21305
21306
21308
21307
21308
21313
21313
21317
21317
21319
21319
21321
21321
21322
21322
21300
21326
21327
21328
21329
21330
21331
21332
21333
21334
21335
21336
21337
21338
21339
21340
21341
21342
21343
21344
21345
21346
21347
21348
21349
21350
21325
21352
21353
21354
21355
21356
21353
21354
21355
21357
21361
21362
21363
21364
21356
21365
21367
21357
21361
21362
21363
21364
21365
21367
21368
21368
21352
21378
21378
21380
21380
21382
21383
21382
21383
21384
21387
21388
21384
21389
21387
21388
21389
21391
21391
21395
21397
21395
21397
21398
21398
21377
21403
21404
21404
21406
21406
21407
21407
21410
21410
21412
21412
21414
21415
21416
21414
21415
21416
21417
21417
21422
21423
21422
21423
21424
21424
21403
21429
21429
21431
21432
21431
21433
21435
21436
21432
21437
21439
21440
21433
21435
21436
21437
21439
21441
21440
21447
21441
21447
21449
21449
21428
21454
21455
21456
21457
21458
21453
21460
21461
21461
21463
21464
21463
21465
21464
21467
21469
21470
21465
21467
21471
21474
21475
21476
21469
21470
21471
21474
21475
21476
21477
21477
21460
21486
21486
21488
21488
21490
21490
21492
21492
21493
21495
21496
21493
21497
21495
21499
21501
21502
21496
21497
21499
21501
21502
21503
21503
21485
21511
21512
21513
21514
21512
21513
21514
21515
21515
21519
21519
21522
21522
21524
21524
21525
21525
21528
21528
21530
21530
21532
21532
21534
21534
21511
21537
21537
21539
21539
21540
21540
21542
21542
21544
21544
21547
21547
21549
21549
21550
21550
21552
21552
21555
21555
21557
21557
21558
21558
21536
21562
21563
21564
21565
21566
21567
21568
21569
21570
21571
21561
21573
21574
21574
21576
21577
21578
21576
21579
21577
21581
21578
21583
21579
21585
21581
21583
21585
21587
21587
21592
21592
21593
21593
21596
21596
21573
21599
21599
21601
21601
21602
21602
21605
21605
21607
21607
21609
21609
21610
21612
21610
21613
21615
21616
21612
21613
21615
21616
21617
21617
21598
21624
21625
21625
21626
21626
21629
21629
21631
21631
21633
21633
21634
21636
21637
21634
21636
21638
21641
21642
21637
21638
21641
21642
21643
21643
21624
21650
21651
21650
21651
21652
21652
21656
21656
21658
21658
21660
21660
21662
21662
21664
21665
21664
21665
21666
21666
21669
21669
21671
21671
21649
21675
21676
21677
21678
21679
21680
21681
21682
21683
21684
21685
21686
21687
21688
21689
21690
21691
21692
21693
21694
21695
21696
21674
21623
21699
21700
21701
21702
21703
21704
21705
21706
21707
21708
21709
21710
21711
21712
21713
21714
21715
21716
21717
21718
21719
21510
21721
21722
21723
21722
21723
21724
21727
21724
21728
21727
21730
21732
21728
21730
21733
21732
21736
21733
21738
21736
21738
21740
21740
21744
21744
21721
21747
21747
21748
21748
21750
21750
21753
21754
21753
21755
21754
21757
21759
21760
21761
21762
21755
21757
21759
21760
21761
21762
21763
21763
21746
21772
21773
21774
21775
21776
21777
21778
21771
21780
21781
21781
21783
21783
21785
21785
21787
21787
21789
21790
21789
21790
21791
21794
21795
21796
21791
21797
21794
21795
21796
21797
21799
21799
21780
21806
21806
21808
21808
21810
21811
21810
21811
21812
21812
21816
21817
21816
21818
21817
21818
21820
21820
21824
21824
21826
21826
21828
21828
21830
21831
21832
21833
21834
21835
21836
21837
21838
21839
21840
21402
21842
21843
21843
21844
21844
21847
21847
21848
21848
21850
21852
21853
21854
21855
21850
21852
21853
21856
21860
21854
21855
21856
21860
21861
21861
21842
21868
21868
21870
21870
21872
21872
21873
21873
21876
21877
21878
21879
21876
21880
21877
21878
21879
21880
21882
21887
21882
21887
21888
21888
21867
21893
21894
21894
21896
21896
21897
21899
21897
21900
21902
21899
21900
21902
21903
21903
21908
21908
21910
21910
21911
21911
21914
21914
21916
21916
21893
21919
21919
21920
21920
21922
21922
21925
21926
21925
21927
21929
21926
21927
21929
21930
21930
21934
21934
21936
21936
21939
21939
21941
21941
21918
21944
21945
21946
21947
21948
21945
21946
21947
21949
21948
21953
21955
21956
21957
21949
21958
21953
21960
21955
21956
21957
21958
21960
21962
21962
21944
21970
21971
21972
21973
21970
21971
21972
21973
21974
21974
21980
21980
21981
21981
21983
21983
21985
21985
21988
21989
21988
21989
21990
21990
21969
21995
21996
21997
21996
21998
21997
21998
22000
22000
22003
22003
22006
22006
22007
22007
22010
22011
22012
22013
22010
22011
22012
22013
22014
22014
21995
22021
22021
22023
22023
22025
22025
22027
22027
22029
22030
22031
22032
22029
22030
22033
22031
22032
22033
22036
22040
22036
22040
22041
22041
22020
22046
22047
22048
22049
22050
22051
22052
22053
22045
22055
22056
22057
22058
22059
22060
22061
22062
22063
22064
22065
22066
22067
22068
22069
22070
22071
22072
22073
22074
21994
22076
22077
22077
22079
22079
22081
22082
22081
22083
22085
22086
22087
22088
22089
22082
22083
22085
22090
22086
22087
22088
22089
22090
22094
22094
22076
22102
22103
22102
22103
22104
22104
22107
22109
22110
22111
22112
22107
22109
22113
22110
22116
22111
22118
22112
22113
22116
22118
22120
22120
22101
22127
22128
22129
22130
22131
22132
22133
22134
22135
22136
22137
22138
22139
22140
22141
22142
22126
22144
22145
22146
22147
22148
22149
22150
22151
22152
22153
22154
22155
22156
22157
22158
22159
22160
22161
22162
22163
22164
22165
22166
22167
22168
22169
22170
22171
22172
22173
22174
22175
22176
22177
22178
22179
22180
22181
22182
22183
22184
22185
22186
22187
22188
22189
22190
22191
22192
21943
22194
22195
22195
22197
22198
22197
22198
22199
22199
22202
22202
22205
22206
22207
22208
22205
22209
22211
22206
22207
22208
22209
22211
22212
22212
22194
22220
22220
22221
22221
22223
22223
22225
22225
22227
22227
22229
22229
22231
22231
22233
22233
22236
22237
22236
22237
22238
22238
22242
22242
22219
22245
22246
22247
22248
22244
22250
22251
22252
22253
22251
22252
22254
22257
22253
22254
22257
22258
22258
22263
22264
22265
22263
22264
22266
22269
22265
22266
22269
22270
22270
22250
22276
22276
22278
22279
22280
22278
22279
22280
22281
22281
22285
22285
22288
22288
22289
22291
22292
22293
22289
22291
22292
22293
22294
22294
22275
22301
22302
22302
22303
22303
22306
22307
22308
22309
22306
22310
22307
22308
22309
22310
22312
22312
22317
22317
22319
22319
22322
22322
22323
22323
22301
22327
22327
22328
22330
22331
22332
22328
22330
22333
22331
22336
22338
22339
22340
22341
22332
22333
22336
22338
22339
22340
22341
22342
22342
22326
22352
22353
22354
22355
22356
22357
22358
22359
22360
22361
22362
22363
22364
22365
22366
22367
22368
22369
22370
22371
22372
22373
22374
22375
22376
22377
22378
22379
22380
22381
22382
22383
22384
22385
22386
22387
22388
22389
22390
22391
22392
22393
22351
22395
22396
22396
22397
22397
22399
22399
22401
22401
22404
22404
22406
22406
22408
22409
22410
22408
22409
22410
22411
22411
22416
22416
22417
22417
22395
22421
22422
22421
22423
22422
22423
22425
22425
22429
22430
22429
22430
22431
22431
22435
22436
22437
22435
22438
22436
22437
22438
22440
22440
22420
22446
22447
22448
22449
22450
22451
22445
22453
22454
22455
22456
22457
22458
22459
22460
22461
22300
22463
22464
22464
22466
22466
22468
22469
22468
22469
22470
22470
22474
22474
22475
22475
22478
22478
22480
22480
22482
22483
22482
22483
22484
22484
22463
22489
22489
22491
22491
22493
22494
22493
22495
22497
22498
22499
22494
22500
22502
22495
22503
22497
22498
22499
22500
22502
22503
22505
22505
22488
22514
22515
22516
22517
22518
22519
22520
22521
22522
22523
22524
22525
22526
22527
22528
22529
22530
22531
22532
22533
22534
22535
22536
22537
22538
22539
22540
22541
22542
22543
22544
22545
22513
22547
22548
22549
22550
22551
22552
22553
21892
22555
22556
22557
22558
22559
22560
22561
22562
22563
22564
22565
22566
22567
22568
22569
22570
22571
22572
22573
20845
22575
22576
22577
22576
22577
22578
22578
22582
22583
22582
22584
22583
22586
22584
22586
22588
22588
22592
22592
22593
22595
22593
22595
22596
22596
22575
22601
22601
22602
22604
22605
22606
22607
22608
22609
22610
22602
22604
22605
22606
22611
22607
22616
22608
22609
22610
22611
22616
22618
22618
22600
22626
22627
22627
22629
22629
22630
22630
22632
22632
22635
22635
22637
22638
22639
22637
22638
22640
22643
22639
22640
22644
22643
22644
22647
22647
22626
22652
22652
22654
22654
22656
22657
22656
22657
22658
22658
22662
22662
22664
22664
22665
22665
22667
22667
22670
22670
22672
22672
22674
22674
22651
22677
22678
22679
22680
22678
22681
22679
22680
22683
22681
22683
22686
22686
22689
22689
22692
22693
22694
22695
22692
22693
22694
22695
22696
22696
22677
22703
22703
22704
22704
22707
22708
22707
22708
22709
22712
22713
22709
22714
22712
22713
22716
22714
22716
22719
22719
22723
22723
22724
22724
22702
22728
22729
22729
22731
22731
22733
22734
22735
22733
22734
22736
22739
22740
22741
22742
22743
22735
22736
22739
22740
22741
22742
22743
22744
22744
22728
22754
22755
22754
22755
22756
22759
22760
22756
22761
22763
22759
22760
22761
22763
22764
22769
22770
22764
22771
22769
22770
22771
22773
22773
22753
22779
22780
22780
22782
22782
22784
22785
22786
22784
22787
22785
22786
22787
22789
22789
22793
22793
22796
22796
22798
22798
22800
22800
22802
22802
22779
22805
22805
22806
22806
22809
22809
22810
22810
22813
22813
22815
22815
22817
22817
22819
22819
22821
22821
22822
22824
22822
22824
22825
22825
22804
22830
22831
22832
22833
22834
22835
22836
22837
22838
22839
22840
22829
22842
22843
22778
22845
22846
22846
22848
22848
22850
22851
22850
22852
22851
22852
22854
22854
22857
22857
22860
22861
22860
22861
22862
22862
22866
22866
22868
22868
22845
22871
22871
22872
22872
22875
22875
22877
22878
22879
22877
22878
22880
22883
22884
22885
22879
22886
22880
22883
22884
22885
22886
22888
22888
22870
22896
22897
22897
22899
22899
22901
22901
22903
22903
22905
22905
22906
22906
22909
22909
22911
22911
22913
22913
22915
22915
22916
22916
22918
22918
22896
22922
22923
22924
22922
22923
22924
22925
22925
22930
22930
22931
22931
22933
22933
22935
22935
22938
22939
22940
22938
22939
22940
22941
22941
22921
22947
22948
22946
22950
22951
22951
22953
22954
22955
22956
22957
22958
22953
22959
22961
22954
22955
22962
22965
22956
22957
22958
22959
22961
22962
22965
22966
22966
22950
22976
22977
22978
22976
22977
22979
22982
22978
22979
22983
22982
22983
22986
22986
22990
22991
22992
22990
22993
22991
22992
22993
22995
22995
22975
23001
23002
23003
23004
23005
23006
23007
23008
23009
23010
23011
23012
23013
23014
23015
23016
23017
23018
23019
23020
23021
23022
23023
23024
23025
23026
23027
23028
23029
23030
23031
23032
23000
23034
23035
23035
23037
23037
23039
23039
23040
23042
23040
23042
23043
23043
23047
23047
23048
23048
23051
23051
23052
23052
23054
23054
23056
23056
23034
23060
23061
23062
23063
23064
23065
23060
23061
23062
23066
23063
23070
23072
23073
23074
23064
23065
23066
23070
23072
23073
23074
23075
23075
23059
23085
23086
23087
23088
23089
23090
23091
23092
23093
23094
23095
23096
23097
23098
23099
23100
23101
23102
23103
23104
23105
23106
23107
23108
23109
23110
23111
23112
23113
23114
23115
23116
23117
23118
23119
23120
23121
23122
23123
23124
23125
23126
23127
23128
23129
23130
23131
23084
23133
23134
23134
23135
23135
23138
23138
23139
23139
23142
23143
23144
23145
23146
23142
23147
23149
23143
23144
23145
23146
23147
23149
23150
23150
23133
23159
23159
23160
23162
23160
23162
23163
23166
23167
23168
23163
23169
23166
23171
23173
23174
23167
23168
23169
23171
23173
23174
23175
23175
23158
23184
23185
23185
23187
23187
23189
23189
23191
23192
23191
23192
23193
23193
23196
23196
23199
23200
23199
23201
23200
23201
23203
23203
23206
23206
23184
23210
23210
23211
23213
23214
23211
23213
23214
23215
23215
23220
23220
23221
23223
23221
23223
23224
23224
23227
23227
23229
23229
23231
23231
23209
23235
23236
23237
23236
23238
23237
23238
23240
23240
23244
23244
23245
23245
23248
23248
23250
23250
23252
23252
23254
23254
23255
23255
23258
23258
23235
23261
23261
23263
23264
23263
23264
23265
23265
23268
23268
23271
23272
23273
23271
23274
23276
23272
23277
23273
23274
23276
23277
23279
23279
23260
23286
23287
23288
23289
23290
23291
23292
23293
23294
23295
23296
23297
23298
23299
23300
23301
23302
23303
23304
23305
23306
23307
23308
23309
23310
23285
23312
23313
23314
23315
23316
23317
23318
23319
23320
23321
23322
23323
23324
23325
23326
23327
23328
23329
23330
23331
23332
23333
23334
23335
23336
23337
23338
23339
23340
23341
23342
23343
23344
23345
23346
23347
23348
23349
23350
23351
23352
23353
23354
23355
23356
23357
23358
23359
23360
23361
23234
23363
23183
23365
23366
23366
23368
23368
23370
23370
23372
23372
23373
23375
23373
23376
23375
23378
23380
23381
23376
23378
23380
23382
23381
23382
23386
23386
23365
23391
23392
23393
23391
23394
23392
23393
23394
23396
23396
23401
23401
23402
23402
23404
23404
23407
23407
23408
23408
23410
23410
23413
23413
23390
23416
23417
23418
23419
23420
23421
23422
23423
23424
23425
23426
23427
23428
23429
23430
23431
23432
23433
23434
23435
23436
23415
23438
23439
23439
23441
23441
23443
23443
23445
23445
23447
23448
23447
23449
23451
23448
23449
23452
23455
23451
23456
23452
23455
23456
23458
23458
23438
23464
23464
23466
23467
23468
23466
23467
23468
23469
23469
23474
23474
23476
23476
23478
23478
23480
23480
23481
23481
23484
23484
23485
23485
23463
23489
23490
23488
23492
23493
23494
23495
23496
23497
23498
23499
22895
23501
23502
23502
23503
23503
23506
23507
23506
23507
23508
23511
23508
23512
23514
23515
23511
23512
23516
23514
23515
23519
23516
23519
23522
23522
23501
23527
23528
23527
23529
23531
23532
23528
23529
23531
23532
23533
23538
23533
23539
23541
23542
23538
23539
23541
23542
23543
23543
23549
23549
23526
23552
23553
23553
23555
23555
23556
23556
23559
23559
23560
23560
23563
23563
23565
23565
23567
23567
23569
23570
23569
23571
23570
23571
23573
23573
23552
23578
23578
23580
23580
23581
23581
23583
23583
23586
23586
23588
23588
23590
23590
23592
23592
23594
23594
23596
23596
23597
23597
23599
23599
23577
23603
23604
23605
23606
23607
23608
23609
23610
23611
23602
23551
23614
23615
23615
23616
23616
23619
23619
23621
23621
23622
23622
23625
23626
23625
23626
23627
23627
23631
23631
23632
23632
23635
23635
23637
23637
23614
23640
23640
23642
23642
23644
23644
23646
23646
23648
23648
23650
23651
23650
23652
23654
23655
23651
23652
23654
23656
23655
23656
23660
23660
23639
23665
23666
23667
23668
23669
23670
23671
23672
23673
23674
23675
23676
23677
23678
23679
23680
23681
23682
23664
23684
23685
23685
23687
23687
23688
23690
23691
23688
23692
23690
23694
23696
23691
23692
23694
23696
23697
23697
23702
23702
23705
23705
23707
23707
23684
23710
23711
23710
23711
23712
23712
23716
23716
23718
23719
23720
23721
23722
23723
23718
23724
23719
23720
23721
23722
23723
23724
23726
23726
23709
23734
23736
23737
23738
23739
23740
23741
23742
23743
22727
23745
23746
23746
23748
23748
23750
23750
23751
23751
23753
23755
23756
23757
23758
23753
23755
23756
23759
23763
23757
23758
23759
23763
23764
23764
23745
23771
23771
23773
23773
23775
23775
23777
23777
23778
23778
23780
23780
23783
23783
23785
23785
23787
23788
23787
23788
23789
23789
23792
23792
23770
23796
23797
23797
23799
23799
23800
23800
23802
23802
23805
23805
23806
23808
23809
23806
23808
23810
23813
23809
23814
23810
23813
23814
23816
23816
23796
23822
23822
23824
23825
23824
23826
23828
23829
23830
23825
23826
23831
23828
23834
23836
23829
23837
23830
23831
23834
23836
23837
23839
23839
23821
23847
23848
23848
23850
23850
23852
23852
23854
23855
23854
23856
23855
23858
23860
23861
23862
23863
23856
23858
23860
23861
23862
23863
23864
23864
23847
23873
23873
23875
23875
23876
23876
23879
23879
23881
23882
23881
23882
23883
23883
23886
23886
23889
23889
23891
23891
23893
23893
23895
23895
23872
23898
23899
23899
23901
23901
23903
23903
23904
23904
23907
23908
23907
23908
23909
23912
23909
23913
23915
23912
23913
23915
23916
23916
23920
23920
23898
23924
23924
23926
23926
23928
23928
23929
23929
23931
23931
23934
23935
23934
23935
23936
23936
23940
23940
23942
23943
23942
23943
23944
23944
23923
23949
23950
23951
23952
23953
23954
23955
23956
23957
23958
23959
23960
23961
23962
23963
23964
23965
23966
23967
23968
23969
23970
23971
23972
23973
23974
23975
23976
23977
23978
23979
23980
23948
23982
23983
23983
23985
23985
23987
23987
23989
23989
23990
23990
23992
23994
23992
23995
23997
23998
23999
23994
23995
23997
23998
23999
24000
24000
23982
24008
24008
24010
24010
24012
24012
24014
24015
24016
24014
24015
24016
24017
24021
24017
24021
24022
24022
24025
24025
24028
24028
24030
24030
24007
24033
24034
24035
24036
24037
24038
24039
24040
24041
24042
24043
24044
24045
24046
24047
24048
24049
24050
24051
24052
24053
24054
24055
24056
24057
24058
24059
24060
24061
24062
24063
24064
24065
24066
24067
24068
24032
24070
24071
24071
24073
24073
24075
24075
24077
24078
24079
24080
24081
24082
24083
24077
24084
24078
24079
24080
24081
24082
24083
24084
24086
24086
24070
24096
24097
24096
24098
24100
24097
24101
24103
24098
24104
24100
24106
24101
24108
24110
24103
24104
24106
24108
24110
24111
24111
24117
24117
24095
24121
24122
24123
24124
24125
24126
24127
24128
24129
24130
24120
24132
24133
24134
24135
24136
24137
24138
24139
24140
24141
24142
24143
24144
24145
24146
24147
24148
24149
24150
24151
24152
24153
24154
24155
24156
24157
24158
24159
24160
24161
24162
24163
24164
24165
24166
24167
24168
23897
24170
24171
24172
24173
24174
24175
24176
24177
24178
24179
24180
24181
24182
24183
24184
24185
24186
24187
24188
24189
23846
24191
24192
24192
24194
24195
24196
24197
24198
24199
24194
24200
24195
24202
24204
24196
24205
24197
24198
24199
24200
24202
24204
24205
24207
24207
24191
24217
24217
24219
24219
24221
24222
24223
24224
24221
24225
24222
24227
24223
24224
24225
24229
24227
24229
24233
24233
24236
24236
24239
24239
24216
24242
24243
24244
24245
24246
24247
24248
24249
24250
24251
24252
24253
24254
24255
24256
24257
24258
24259
24260
24261
24262
24263
24264
24265
24266
24267
24268
24269
24270
24271
24272
24273
24274
24275
24276
24277
24278
24279
24280
24281
24282
24283
24284
24285
24286
24287
24288
24289
24290
24241
24292
24293
24294
24295
24296
24297
24298
24299
24300
24301
24302
24303
23795
24305
24306
24307
24306
24307
24308
24308
24312
24312
24314
24314
24315
24315
24317
24317
24320
24321
24320
24322
24321
24322
24324
24324
24327
24327
24305
24331
24331
24333
24334
24333
24335
24337
24338
24334
24335
24339
24337
24342
24338
24339
24344
24347
24348
24342
24344
24347
24348
24349
24349
24330
24356
24357
24357
24359
24360
24361
24359
24360
24362
24365
24361
24362
24365
24366
24366
24370
24372
24373
24374
24370
24372
24373
24374
24375
24375
24356
24382
24383
24384
24382
24385
24387
24388
24383
24389
24384
24385
24387
24391
24388
24395
24389
24397
24391
24399
24395
24397
24399
24401
24401
24406
24407
24408
24409
24410
24411
24412
24413
24414
24415
24416
24417
24418
24419
24420
24421
24422
24423
24424
24425
24426
24427
24428
24429
24430
24431
24432
24433
24434
24435
24436
24355
24438
24439
24439
24441
24441
24442
24442
24445
24445
24446
24446
24448
24448
24450
24450
24453
24454
24455
24453
24456
24454
24455
24456
24458
24458
24438
24464
24464
24465
24465
24468
24468
24469
24469
24472
24472
24473
24473
24476
24476
24478
24478
24480
24480
24482
24482
24483
24483
24486
24486
24463
24488
24490
22676
24492
24493
24493
24495
24495
24497
24497
24499
24499
24500
24500
24502
24502
24504
24504
24507
24507
24509
24510
24511
24509
24510
24511
24512
24512
24492
24518
24518
24519
24521
24522
24523
24524
24525
24526
24527
24519
24521
24522
24523
24528
24524
24525
24533
24526
24527
24528
24533
24536
24536
24517
24543
24544
24545
24544
24546
24548
24549
24545
24550
24552
24546
24548
24553
24549
24556
24558
24559
24550
24552
24553
24556
24558
24559
24560
24560
24543
24569
24569
24570
24572
24573
24570
24572
24573
24574
24574
24579
24579
24581
24581
24583
24583
24585
24585
24587
24587
24589
24589
24591
24591
24568
24594
24595
24595
24597
24597
24599
24599
24600
24600
24603
24604
24605
24603
24604
24606
24609
24605
24606
24610
24609
24613
24610
24613
24615
24615
24594
24620
24620
24622
24622
24623
24623
24626
24626
24627
24627
24629
24629
24631
24631
24633
24635
24636
24637
24633
24635
24636
24637
24638
24638
24619
24645
24646
24647
24648
24646
24649
24647
24651
24648
24653
24649
24651
24653
24655
24655
24660
24660
24662
24663
24662
24664
24663
24664
24666
24666
24645
24671
24671
24672
24674
24672
24674
24675
24675
24679
24679
24681
24681
24682
24682
24685
24685
24686
24686
24689
24690
24689
24690
24691
24691
24670
24696
24697
24697
24699
24699
24701
24701
24702
24702
24705
24705
24707
24707
24709
24710
24711
24709
24712
24710
24714
24711
24712
24714
24716
24716
24696
24722
24723
24722
24724
24726
24727
24728
24729
24730
24731
24723
24724
24732
24726
24735
24727
24728
24729
24730
24731
24732
24735
24737
24737
24721
24747
24748
24748
24750
24750
24752
24752
24753
24753
24756
24756
24758
24758
24760
24761
24760
24761
24762
24762
24766
24767
24766
24767
24768
24768
24747
24773
24773
24775
24776
24777
24775
24778
24780
24781
24776
24777
24778
24782
24780
24781
24782
24786
24786
24791
24791
24792
24792
24795
24795
24772
24798
24799
24800
24801
24802
24803
24804
24805
24806
24807
24808
24809
24810
24811
24812
24813
24814
24815
24816
24817
24818
24819
24820
24821
24822
24823
24824
24825
24826
24827
24828
24829
24830
24831
24832
24833
24834
24835
24836
24837
24838
24839
24840
24841
24842
24843
24797
24845
24846
24846
24848
24848
24849
24851
24852
24849
24851
24852
24853
24853
24858
24858
24859
24859
24862
24862
24864
24865
24864
24865
24866
24866
24845
24871
24871
24873
24873
24875
24875
24877
24877
24879
24879
24881
24881
24882
24882
24885
24885
24887
24887
24889
24889
24890
24890
24893
24893
24870
24896
24897
24898
24895
24900
24901
24902
24903
24904
24746
24906
24907
24907
24909
24910
24909
24911
24910
24911
24913
24913
24917
24918
24919
24920
24921
24917
24922
24918
24919
24920
24921
24922
24924
24924
24906
24932
24932
24934
24934
24935
24935
24938
24938
24940
24940
24942
24943
24942
24944
24943
24944
24946
24946
24950
24950
24952
24952
24953
24953
24931
24957
24958
24959
24960
24961
24962
24963
24964
24958
24959
24965
24968
24960
24969
24971
24961
24962
24963
24964
24965
24968
24969
24971
24972
24972
24957
24983
24983
24985
24985
24986
24986
24989
24989
24991
24991
24992
24992
24995
24995
24997
24997
24999
24999
25000
25000
25002
25002
25005
25005
24982
25008
25009
25009
25010
25010
25012
25012
25015
25015
25016
25016
25019
25019
25021
25021
25023
25024
25025
25026
25023
25024
25025
25026
25027
25027
25008
25034
25034
25036
25037
25036
25037
25038
25038
25042
25042
25044
25044
25046
25046
25048
25048
25050
25050
25051
25051
25054
25054
25056
25056
25058
25059
25060
25061
25062
25063
25064
25065
25007
25067
25068
25069
25068
25069
25070
25070
25074
25074
25076
25076
25078
25078
25080
25080
25082
25082
25084
25085
25086
25084
25085
25086
25087
25087
25067
25093
25094
25095
25096
25097
25098
25099
25093
25100
25094
25095
25096
25097
25098
25102
25099
25108
25100
25102
25108
25110
25110
25114
25114
25092
25118
25119
25120
25121
25122
25123
25124
25125
25126
25127
25128
25129
25130
25117
25132
25133
25134
25135
25136
25137
25138
25139
25140
25141
25142
25143
25144
25145
25146
25147
25148
25149
24956
25151
25152
25152
25154
25154
25156
25156
25158
25158
25159
25159
25162
25162
25164
25164
25166
25166
25168
25168
25170
25171
25170
25171
25172
25172
25151
25177
25177
25179
25179
25181
25181
25182
25184
25182
25184
25185
25185
25189
25189
25190
25190
25193
25193
25195
25195
25196
25196
25198
25198
25176
25202
25203
25204
25205
25206
25207
25208
25209
25210
25211
25212
25213
25214
25215
25216
25217
25218
25219
25220
25221
25222
25223
25224
25225
25226
25227
25201
25229
25230
25231
25232
25233
25234
25235
25236
25237
25238
25239
25240
25241
25242
25243
25244
25245
24695
25247
25248
25248
25250
25250
25251
25251
25254
25254
25255
25255
25258
25258
25259
25259
25262
25262
25263
25263
25265
25265
25267
25267
25270
25270
25247
25273
25273
25274
25274
25276
25276
25278
25278
25281
25281
25282
25282
25284
25286
25287
25288
25289
25284
25286
25287
25288
25289
25290
25290
25272
25298
25299
25299
25300
25300
25303
25303
25305
25305
25307
25307
25309
25309
25311
25311
25312
25312
25314
25314
25317
25318
25317
25318
25319
25319
25298
25324
25324
25325
25327
25328
25325
25327
25328
25329
25329
25333
25333
25335
25335
25338
25338
25340
25341
25340
25341
25342
25342
25346
25346
25323
25349
25350
25351
25352
25353
25354
25355
25356
25348
25358
25359
25360
25361
25362
25363
25364
25365
25366
25367
25368
25369
25297
25371
25372
25373
25374
25375
25376
25377
25372
25378
25380
25373
25381
25374
25383
25375
25376
25385
25377
25378
25380
25381
25383
25385
25388
25388
25371
25397
25398
25399
25400
25397
25398
25399
25401
25400
25405
25401
25407
25405
25409
25411
25412
25407
25413
25409
25411
25412
25413
25415
25415
25396
25422
25423
25423
25424
25424
25427
25427
25429
25429
25431
25432
25431
25432
25433
25433
25437
25437
25438
25438
25441
25441
25442
25442
25445
25445
25422
25448
25448
25450
25450
25452
25452
25454
25454
25456
25457
25458
25456
25457
25458
25459
25459
25464
25464
25466
25466
25468
25468
25469
25469
25447
25473
25474
25475
25476
25477
25472
25479
25480
25481
25482
25483
25484
25485
25421
25487
25488
25488
25489
25489
25491
25491
25494
25494
25496
25496
25498
25498
25500
25500
25502
25502
25504
25504
25505
25505
25507
25507
25510
25510
25487
25513
25514
25513
25514
25515
25518
25515
25518
25519
25519
25522
25522
25525
25526
25527
25525
25528
25530
25526
25527
25528
25530
25531
25531
25512
25538
25539
25540
25541
25542
25543
25544
25545
25546
25547
25548
25549
25550
25551
25552
25553
25554
25555
25556
25557
25537
25559
25560
25560
25562
25562
25563
25563
25566
25566
25568
25568
25570
25570
25572
25573
25572
25573
25574
25574
25577
25577
25580
25580
25582
25582
25559
25585
25586
25585
25587
25586
25587
25589
25589
25592
25592
25595
25595
25597
25598
25599
25597
25598
25599
25600
25600
25605
25605
25606
25606
25584
25610
25609
25612
25613
25614
25615
25616
25617
25618
25619
25620
25621
25622
25623
25624
25625
25626
25627
25628
24644
25630
25631
25631
25632
25632
25635
25635
25637
25638
25637
25639
25638
25641
25639
25641
25643
25643
25646
25648
25649
25646
25648
25649
25650
25650
25630
25656
25656
25658
25658
25660
25660
25661
25661
25663
25665
25663
25666
25668
25665
25669
25671
25672
25666
25668
25669
25671
25672
25673
25673
25655
25681
25682
25683
25684
25685
25686
25687
25688
25689
25690
25691
25692
25693
25694
25695
25696
25697
25698
25699
25700
25701
25702
25703
25704
25705
25706
25707
25708
25709
25710
25711
25712
25713
25714
25680
25716
25717
24593
25719
25720
25720
25721
25721
25724
25725
25724
25726
25725
25726
25728
25731
25732
25728
25731
25733
25736
25737
25732
25733
25736
25737
25738
25738
25719
25745
25745
25747
25747
25749
25749
25750
25750
25752
25754
25752
25755
25757
25754
25758
25755
25757
25758
25760
25764
25760
25764
25765
25765
25744
25770
25771
25771
25772
25772
25775
25775
25777
25778
25777
25778
25779
25779
25783
25784
25785
25786
25783
25784
25787
25785
25786
25787
25790
25790
25770
25796
25796
25798
25798
25799
25799
25802
25803
25802
25804
25806
25803
25804
25806
25807
25807
25812
25812
25813
25815
25813
25815
25816
25816
25795
25821
25822
25823
25824
25825
25826
25827
25828
25829
25830
25831
25832
25833
25834
25835
25836
25837
25838
25839
25840
25841
25842
25843
25844
25845
25846
25847
25848
25849
25850
25820
25852
25853
25854
25855
25856
25857
25858
25859
25860
25861
25862
25863
25769
25865
25866
25866
25868
25868
25869
25869
25871
25871
25874
25875
25876
25877
25878
25879
25874
25880
25875
25876
25877
25878
25879
25880
25882
25882
25865
25891
25891
25892
25894
25895
25896
25892
25894
25895
25897
25896
25901
25897
25903
25901
25905
25907
25903
25908
25905
25907
25908
25910
25910
25890
25916
25917
25918
25919
25920
25921
25922
25923
25924
25925
25915
25927
25928
25929
25930
25928
25931
25929
25930
25933
25931
25933
25936
25936
25940
25940
25941
25941
25943
25943
25946
25946
25948
25948
25950
25950
25927
25953
25953
25954
25954
25956
25956
25959
25959
25960
25960
25963
25963
25965
25965
25967
25967
25969
25969
25971
25971
25972
25972
25975
25975
25952
25978
25979
25980
25981
25977
25983
25984
25985
24542
25987
25988
25988
25989
25991
25989
25992
25994
25995
25991
25992
25996
25999
25994
25995
25996
25999
26000
26000
26006
26006
26008
26008
26010
26010
25987
26013
26013
26015
26015
26017
26017
26019
26019
26020
26020
26023
26024
26025
26026
26023
26027
26029
26024
26025
26026
26027
26029
26030
26030
26012
26038
26039
26040
26041
26042
26043
26044
26045
26046
26047
26048
26049
26050
26051
26052
26053
26054
26055
26056
26057
26058
26059
26060
26061
26062
26037
26064
26065
26065
26067
26068
26069
26070
26071
26067
26072
26068
26074
26069
26076
26078
26070
26079
26071
26072
26074
26076
26078
26079
26081
26081
26064
26090
26090
26091
26091
26094
26094
26095
26095
26098
26098
26099
26101
26099
26101
26102
26102
26105
26105
26108
26108
26109
26109
26111
26111
26089
26115
26116
26117
26118
26119
26120
26121
26122
26123
26124
26125
26126
26127
26114
26129
26130
26131
26132
26133
26134
26135
26136
26137
26138
22625
26140
26141
26142
26141
26142
26143
26146
26143
26147
26149
26146
26147
26150
26149
26150
26153
26156
26153
26156
26157
26160
26157
26160
26161
26161
26140
26166
26166
26168
26169
26168
26169
26170
26170
26174
26174
26176
26176
26177
26177
26180
26180
26181
26181
26183
26183
26186
26186
26188
26188
26165
26191
26192
26192
26194
26194
26195
26197
26195
26197
26198
26198
26202
26203
26202
26203
26204
26204
26208
26209
26208
26209
26210
26210
26213
26213
26191
26217
26217
26218
26220
26221
26222
26223
26224
26225
26218
26226
26220
26221
26228
26222
26223
26224
26231
26225
26226
26228
26231
26235
26235
26216
26242
26243
26244
26245
26243
26246
26244
26245
26246
26248
26248
26253
26253
26254
26254
26257
26257
26259
26259
26261
26261
26263
26263
26264
26264
26242
26268
26268
26270
26270
26271
26271
26274
26274
26276
26276
26278
26278
26280
26281
26280
26281
26282
26282
26286
26287
26286
26287
26288
26288
26267
26293
26294
26294
26295
26295
26297
26297
26300
26301
26302
26303
26300
26301
26304
26302
26303
26304
26307
26307
26312
26312
26313
26313
26315
26315
26293
26319
26319
26321
26322
26323
26321
26322
26324
26323
26327
26324
26329
26327
26329
26331
26334
26335
26331
26336
26334
26335
26336
26338
26338
26318
26344
26345
26345
26347
26348
26347
26348
26349
26349
26352
26352
26355
26356
26355
26356
26357
26357
26361
26361
26363
26363
26365
26365
26366
26366
26344
26370
26371
26372
26370
26371
26372
26373
26377
26378
26379
26380
26373
26377
26378
26379
26381
26386
26380
26381
26386
26387
26387
26392
26392
26369
26395
26396
26397
26398
26399
26400
26396
26397
26401
26398
26399
26400
26404
26401
26408
26404
26410
26408
26410
26412
26412
26416
26416
26418
26418
26395
26421
26421
26422
26424
26425
26422
26424
26425
26426
26430
26426
26430
26431
26434
26431
26434
26435
26438
26435
26439
26438
26439
26441
26441
26420
26446
26447
26447
26448
26448
26450
26450
26453
26454
26455
26453
26454
26455
26456
26456
26461
26461
26463
26463
26465
26465
26467
26467
26469
26469
26446
26472
26472
26474
26474
26476
26476
26478
26478
26480
26480
26481
26481
26484
26484
26486
26486
26488
26488
26490
26490
26492
26492
26493
26493
26471
26497
26498
26498
26500
26500
26502
26502
26504
26504
26506
26507
26506
26507
26508
26508
26511
26513
26514
26511
26513
26515
26514
26515
26518
26518
26497
26523
26523
26525
26525
26527
26527
26529
26529
26531
26531
26533
26533
26534
26534
26537
26537
26539
26540
26539
26540
26541
26541
26545
26545
26522
26548
26549
26550
26551
26552
26553
26554
26555
26556
26557
26558
26559
26560
26561
26562
26563
26564
26565
26566
26567
26568
26569
26570
26571
26572
26573
26574
26575
26576
26577
26578
26579
26580
26581
26582
26547
26584
26585
26585
26586
26588
26589
26590
26591
26586
26588
26592
26595
26589
26596
26590
26598
26591
26592
26600
26595
26596
26598
26600
26603
26603
26584
26610
26610
26612
26612
26614
26614
26616
26617
26618
26619
26620
26621
26616
26617
26622
26625
26618
26619
26620
26621
26622
26625
26626
26626
26609
26635
26636
26636
26638
26638
26640
26641
26640
26641
26642
26645
26646
26642
26647
26649
26645
26646
26650
26647
26649
26650
26653
26653
26657
26657
26635
26661
26661
26662
26662
26665
26665
26667
26667
26668
26668
26670
26672
26670
26673
26672
26673
26675
26675
26678
26678
26681
26681
26682
26682
26660
26686
26687
26688
26689
26685
26691
26692
26693
26692
26693
26694
26697
26698
26699
26694
26697
26700
26703
26698
26704
26706
26707
26699
26700
26703
26704
26706
26707
26708
26708
26691
26717
26717
26718
26718
26720
26720
26723
26724
26723
26725
26727
26728
26729
26730
26724
26731
26725
26727
26728
26729
26730
26731
26733
26733
26716
26742
26743
26744
26745
26746
26747
26741
26749
26750
26751
26752
26753
26754
26634
26756
26757
26757
26759
26760
26761
26762
26763
26759
26760
26764
26767
26768
26761
26769
26762
26763
26771
26764
26767
26768
26769
26771
26774
26774
26756
26782
26782
26784
26784
26786
26786
26787
26787
26789
26789
26792
26792
26793
26795
26793
26796
26795
26796
26798
26798
26801
26801
26803
26803
26781
26807
26808
26809
26810
26811
26812
26813
26806
26815
26816
26816
26817
26817
26820
26821
26820
26822
26821
26824
26826
26827
26828
26822
26829
26831
26824
26826
26827
26828
26829
26831
26832
26832
26815
26841
26841
26842
26842
26844
26844
26847
26848
26847
26849
26851
26848
26849
26852
26851
26855
26852
26855
26857
26857
26861
26861
26863
26863
26840
26866
26867
26868
26869
26865
26871
26872
26873
26874
26875
26876
26877
26878
26879
26880
26881
26496
26883
26884
26885
26886
26887
26888
26889
26890
26891
26892
26893
26894
26895
26896
26897
26898
26899
26900
26901
26902
26903
26904
26905
26906
26907
26908
26445
26910
26911
26912
26913
26914
26915
26394
26917
26918
26918
26920
26920
26922
26922
26923
26923
26926
26927
26926
26928
26930
26931
26932
26933
26927
26928
26930
26931
26932
26933
26934
26934
26917
26943
26943
26944
26944
26946
26946
26949
26950
26949
26951
26950
26953
26951
26955
26957
26958
26959
26953
26955
26957
26958
26959
26960
26960
26942
26968
26969
26970
26969
26970
26971
26971
26975
26975
26977
26977
26979
26979
26981
26982
26983
26984
26985
26981
26982
26983
26984
26985
26986
26986
26968
26994
26994
26995
26997
26998
26995
26999
27001
26997
26998
27002
26999
27005
27007
27008
27001
27002
27005
27009
27007
27008
27009
27013
27013
26993
27018
27020
26967
27022
27023
27024
27025
27026
27027
27028
27029
27030
27031
27032
27033
27034
27035
27036
27037
27038
27039
27040
27041
27042
27043
27044
27045
26343
27047
27048
27049
27048
27049
27050
27050
27053
27053
27056
27056
27057
27059
27060
27057
27061
27059
27060
27061
27063
27063
27068
27068
27070
27070
27047
27073
27073
27075
27075
27077
27077
27079
27079
27080
27080
27082
27082
27085
27086
27085
27087
27089
27090
27086
27087
27089
27090
27091
27091
27072
27098
27099
27099
27100
27102
27103
27100
27104
27106
27107
27102
27108
27110
27103
27111
27113
27104
27106
27107
27108
27110
27111
27113
27114
27114
27098
27124
27125
27126
27127
27124
27128
27130
27131
27132
27125
27126
27133
27136
27137
27127
27128
27130
27131
27132
27133
27136
27137
27138
27138
27123
27149
27150
27151
27152
27153
27154
27155
27156
27157
27158
27159
27160
27148
27162
27163
27164
27165
27166
27167
27168
27169
27097
27171
27172
27172
27174
27174
27175
27175
27177
27177
27180
27180
27181
27183
27181
27184
27186
27183
27187
27189
27184
27186
27187
27189
27190
27190
27171
27197
27197
27199
27199
27201
27202
27201
27202
27203
27203
27207
27207
27209
27210
27209
27210
27211
27214
27215
27211
27214
27215
27216
27216
27196
27222
27223
27223
27225
27225
27226
27228
27229
27230
27226
27231
27228
27233
27235
27236
27237
27229
27230
27231
27233
27235
27236
27237
27238
27238
27222
27248
27248
27249
27249
27252
27252
27253
27255
27256
27253
27255
27257
27260
27261
27262
27263
27256
27257
27260
27261
27262
27263
27264
27264
27247
27273
27274
27275
27276
27277
27278
27279
27280
27281
27282
27283
27284
27285
27286
27287
27288
27289
27290
27291
27292
27293
27294
27295
27296
27297
27298
27299
27300
27301
27302
27303
27304
27305
27306
27307
27308
27309
27310
27272
27312
27313
27314
27315
27316
27317
27318
27319
27320
27321
27322
27323
27324
27325
27326
27327
27328
27329
27330
27331
27332
27333
27334
27335
27336
27337
27338
27339
27340
27341
27342
27343
27344
27345
27346
27347
27348
27349
27350
27351
27352
27353
27354
27355
27356
27357
27358
27359
27360
27361
27221
27363
27364
27365
27366
27367
27368
27369
27370
27371
27372
27373
27374
27375
27376
27377
27378
27379
27380
27381
27382
27383
27384
27385
27386
27387
27388
27389
27390
27391
27392
27393
27394
27395
27396
27397
27398
27399
27400
27401
27402
27403
27404
27405
27406
27407
27408
27409
27410
27411
26292
27413
27414
27414
27415
27417
27418
27415
27417
27419
27422
27418
27423
27425
27419
27422
27423
27426
27430
27425
27426
27431
27430
27431
27434
27434
27413
27439
27440
27439
27440
27441
27444
27441
27445
27447
27444
27448
27445
27447
27450
27453
27448
27450
27454
27457
27453
27454
27457
27458
27458
27438
27464
27465
27465
27466
27466
27469
27469
27471
27472
27473
27471
27474
27476
27477
27478
27479
27472
27473
27474
27476
27477
27478
27479
27480
27480
27464
27490
27490
27491
27493
27491
27493
27494
27497
27498
27494
27497
27498
27499
27499
27504
27504
27506
27506
27508
27509
27508
27509
27510
27510
27489
27515
27516
27516
27518
27518
27519
27519
27521
27523
27524
27521
27525
27527
27528
27523
27529
27531
27524
27525
27527
27528
27529
27531
27532
27532
27515
27541
27541
27542
27542
27544
27546
27544
27546
27547
27547
27550
27552
27553
27550
27554
27556
27552
27553
27554
27556
27557
27557
27563
27563
27540
27566
27567
27567
27569
27569
27571
27571
27572
27572
27574
27574
27577
27577
27579
27580
27579
27581
27583
27580
27581
27583
27584
27584
27588
27588
27566
27592
27592
27594
27594
27596
27596
27598
27599
27598
27599
27600
27600
27604
27604
27606
27607
27606
27608
27607
27608
27610
27610
27614
27614
27591
27617
27618
27619
27618
27619
27620
27620
27623
27623
27626
27626
27628
27628
27629
27629
27632
27632
27633
27633
27636
27636
27637
27637
27639
27639
27617
27643
27643
27645
27645
27647
27647
27648
27648
27651
27651
27653
27653
27655
27655
27657
27658
27659
27657
27658
27660
27659
27660
27663
27663
27642
27668
27669
27667
27671
27672
27673
27674
27675
27676
27677
27678
27679
27680
27681
27682
27683
27684
27685
27616
27687
27688
27688
27690
27690
27691
27691
27694
27694
27695
27697
27698
27699
27695
27700
27702
27703
27697
27698
27699
27700
27702
27703
27704
27704
27687
27713
27713
27715
27715
27716
27716
27719
27719
27721
27721
27723
27724
27723
27725
27727
27728
27724
27725
27727
27728
27729
27729
27735
27735
27712
27738
27739
27739
27741
27741
27742
27742
27745
27746
27747
27748
27745
27746
27749
27752
27747
27753
27748
27755
27749
27752
27753
27755
27757
27757
27738
27764
27764
27766
27766
27768
27769
27770
27768
27771
27773
27774
27769
27770
27775
27778
27771
27773
27779
27774
27775
27778
27779
27782
27782
27763
27789
27790
27790
27791
27793
27794
27795
27791
27793
27794
27796
27795
27800
27802
27796
27800
27802
27803
27807
27808
27803
27807
27808
27809
27809
27789
27815
27816
27817
27815
27816
27817
27818
27818
27823
27823
27825
27825
27827
27827
27829
27829
27831
27831
27833
27833
27834
27834
27836
27836
27814
27840
27841
27841
27842
27842
27845
27845
27847
27848
27847
27848
27849
27849
27853
27853
27855
27855
27857
27858
27857
27859
27858
27859
27861
27861
27840
27866
27866
27868
27868
27870
27870
27872
27872
27873
27873
27876
27877
27876
27878
27880
27877
27878
27880
27881
27885
27881
27885
27886
27886
27865
27891
27892
27893
27894
27895
27896
27897
27898
27899
27900
27901
27902
27903
27904
27905
27906
27890
27839
27909
27910
27911
27912
27913
27914
27915
27916
27917
27788
27919
27920
27920
27921
27923
27921
27924
27923
27924
27926
27929
27930
27931
27926
27929
27932
27930
27931
27932
27935
27935
27940
27940
27941
27941
27919
27945
27945
27946
27946
27949
27949
27951
27951
27953
27954
27955
27956
27957
27958
27953
27959
27954
27955
27956
27957
27958
27959
27961
27961
27944
27970
27971
27972
27973
27974
27975
27976
27977
27978
27979
27980
27981
27982
27983
27984
27985
27986
27987
27988
27989
27990
27991
27992
27993
27994
27995
27996
27997
27998
27969
28000
28001
28002
28003
28004
28005
28006
28007
28008
28009
28010
28011
28012
28013
28014
28015
28016
28017
28018
28019
28020
28021
28022
28023
28024
28025
28026
28027
28028
28029
28030
28031
28032
28033
28034
28035
27737
28037
28038
28038
28039
28039
28041
28041
28044
28044
28046
28046
28047
28047
28050
28050
28052
28053
28052
28054
28056
28053
28054
28056
28057
28057
28037
28063
28063
28065
28066
28065
28066
28067
28067
28071
28071
28073
28073
28074
28074
28076
28078
28076
28078
28079
28079
28083
28083
28084
28084
28087
27565
28089
28090
28090
28091
28091
28094
28094
28096
28097
28096
28097
28098
28098
28102
28102
28104
28104
28106
28107
28106
28108
28107
28108
28110
28110
28089
28115
28116
28117
28118
28119
28115
28120
28122
28116
28117
28118
28123
28127
28128
28129
28119
28120
28122
28123
28127
28128
28129
28130
28130
28114
28140
28141
28142
28141
28143
28142
28145
28147
28148
28143
28149
28145
28151
28147
28148
28149
28153
28151
28153
28157
28157
28160
28160
28163
28163
28140
28166
28166
28168
28168
28169
28171
28172
28169
28173
28171
28175
28172
28177
28173
28179
28181
28182
28175
28177
28179
28181
28182
28183
28183
28165
28191
28192
28193
28194
28195
28196
28197
28198
28199
28200
28201
28202
28203
28204
28205
28206
28207
28208
28190
28210
28211
28211
28213
28213
28214
28214
28217
28218
28217
28218
28219
28222
28223
28219
28222
28224
28223
28227
28229
28224
28227
28229
28230
28230
28210
28236
28236
28237
28237
28240
28240
28242
28243
28242
28244
28243
28246
28244
28248
28250
28251
28252
28246
28248
28250
28251
28252
28253
28253
28235
28261
28262
28263
28264
28265
28266
28267
28268
28269
28270
28271
28272
28273
28274
28275
28276
28277
28278
28279
28280
28281
28282
28283
28284
28285
28286
28287
28288
28289
28290
28291
28292
28293
28294
28295
28296
28260
28298
28299
28300
28301
28302
28303
28304
28305
28306
28307
28308
28309
28310
28311
28312
28313
28314
28315
28316
28317
28318
28319
28320
28321
28322
28323
28324
28325
28326
28327
28328
28329
28330
28331
28139
28333
28334
28335
28336
28337
28338
28339
28340
28341
28342
28343
28344
28345
28346
28347
28348
28349
28350
28351
28352
28353
28354
28355
28356
28357
28358
28359
28360
28361
28362
28363
28364
28365
28366
28367
28368
28369
28370
28371
28372
28373
28374
28375
28376
27514
28378
28379
28379
28381
28381
28382
28384
28382
28385
28384
28387
28385
28387
28389
28389
28393
28393
28395
28395
28397
28397
28399
28399
28401
28401
28378
28404
28404
28406
28406
28408
28408
28410
28411
28412
28410
28411
28412
28413
28413
28417
28417
28420
28420
28422
28422
28424
28424
28425
28425
28403
28429
28430
28431
28430
28431
28432
28432
28436
28437
28438
28436
28437
28439
28442
28438
28439
28442
28443
28447
28448
28443
28447
28448
28449
28449
28429
28455
28455
28457
28457
28458
28458
28460
28460
28463
28463
28465
28465
28466
28468
28469
28470
28471
28466
28468
28469
28470
28471
28472
28472
28454
28480
28481
28482
28483
28484
28485
28486
28487
28488
28489
28490
28491
28492
28493
28494
28495
28496
28497
28498
28499
28500
28501
28502
28503
28504
28505
28506
28507
28508
28509
28510
28511
28512
28513
28514
28515
28516
28517
28518
28519
28520
28521
28522
28523
28524
28525
28526
28479
28528
28529
28530
28531
28532
28533
28534
28535
28536
28537
28428
28539
28540
28541
28540
28542
28544
28545
28541
28542
28546
28549
28544
28550
28545
28552
28546
28549
28554
28550
28557
28552
28554
28557
28559
28559
28539
28565
28565
28567
28568
28569
28567
28570
28568
28569
28570
28572
28572
28576
28578
28579
28580
28576
28581
28578
28579
28580
28581
28583
28583
28564
28590
28591
28592
28593
28594
28595
28596
28597
28598
28599
28589
28601
28602
28603
28604
28605
28606
28607
28608
28609
28610
28611
27463
28613
28614
28615
28614
28616
28615
28618
28620
28616
28618
28621
28620
28621
28624
28624
28628
28628
28629
28629
28632
28632
28633
28633
28635
28635
28613
28639
28639
28641
28641
28643
28644
28643
28645
28647
28644
28648
28650
28645
28647
28651
28648
28650
28651
28654
28658
28654
28658
28659
28659
28638
28664
28665
28663
28667
28668
28669
28670
28671
28672
28673
28674
28675
28676
28677
28678
28679
28680
28681
28682
28683
28684
28685
28686
28687
28688
28689
28690
26241
28692
28693
28694
28695
28696
28697
28693
28698
28700
28701
28694
28702
28704
28705
28695
28696
28697
28698
28700
28701
28702
28704
28705
28706
28706
28692
28718
28718
28720
28721
28720
28722
28724
28721
28722
28725
28728
28729
28730
28724
28725
28728
28731
28729
28730
28735
28731
28735
28738
28738
28717
28743
28744
28744
28746
28747
28746
28747
28748
28748
28752
28752
28754
28755
28756
28754
28757
28759
28755
28760
28756
28757
28759
28760
28762
28762
28743
28769
28769
28770
28772
28770
28772
28773
28773
28776
28776
28779
28780
28779
28780
28781
28781
28785
28785
28787
28787
28789
28789
28791
28791
28768
28794
28795
28796
28797
28798
28799
28800
28795
28801
28796
28803
28797
28805
28798
28799
28800
28801
28807
28803
28812
28805
28807
28812
28814
28814
28794
28820
28820
28822
28823
28824
28822
28825
28823
28824
28827
28825
28827
28830
28833
28834
28830
28835
28833
28834
28835
28837
28837
28841
28841
28819
28845
28846
28846
28848
28848
28850
28850
28851
28851
28854
28854
28855
28855
28858
28858
28859
28859
28861
28863
28861
28863
28864
28864
28867
28867
28845
28871
28871
28872
28872
28875
28876
28875
28877
28879
28880
28881
28876
28882
28877
28879
28880
28884
28881
28882
28884
28888
28888
28893
28893
28870
28896
28897
28898
28895
28900
28901
28902
28903
28904
28905
28906
28907
28908
28909
28910
28911
28912
28913
28914
28915
28916
28917
28918
28919
28920
28921
28922
28923
28924
28925
28926
28927
28844
28929
28930
28930
28932
28932
28933
28933
28936
28936
28938
28939
28938
28940
28942
28939
28943
28945
28946
28940
28942
28943
28945
28946
28947
28947
28929
28955
28955
28957
28957
28959
28960
28959
28960
28961
28961
28965
28965
28967
28968
28969
28970
28971
28967
28968
28969
28970
28971
28972
28972
28954
28980
28981
28982
28983
28984
28985
28986
28987
28988
28989
28979
28991
28992
28992
28993
28993
28995
28997
28995
28997
28998
28998
29002
29002
29004
29004
29006
29007
29008
29006
29007
29009
29008
29009
29012
29012
28991
29017
29017
29019
29019
29021
29021
29022
29024
29022
29024
29025
29025
29029
29029
29031
29031
29033
29034
29033
29035
29034
29035
29037
29037
29016
29041
29043
29044
29045
29046
29047
29048
29049
28793
29051
29052
29053
29054
29055
29056
29057
29058
29059
29060
29061
29062
29063
29064
29065
29066
29067
29068
29069
29070
29071
29072
29073
29074
29075
29076
29077
29078
29079
29080
29081
29082
29083
29084
29085
29086
29087
29088
29089
29090
29091
29092
29093
29094
29095
29096
29097
29098
28742
29100
29101
29101
29103
29103
29105
29105
29106
29108
29106
29108
29109
29112
29109
29113
29112
29115
29113
29115
29117
29117
29120
29120
29123
29123
29100
29126
29126
29128
29129
29128
29130
29129
29130
29132
29132
29136
29136
29138
29139
29138
29140
29139
29142
29144
29140
29142
29144
29145
29145
29125
29151
29152
29152
29154
29154
29156
29156
29158
29158
29160
29160
29161
29161
29164
29165
29164
29165
29166
29166
29170
29170
29171
29171
29174
29174
29151
29177
29177
29179
29180
29179
29180
29181
29181
29184
29186
29184
29186
29187
29190
29187
29190
29191
29194
29191
29194
29195
29195
29199
29199
29176
29202
29203
29203
29205
29205
29206
29206
29209
29209
29211
29212
29213
29214
29211
29212
29215
29213
29218
29214
29215
29220
29218
29220
29223
29223
29202
29228
29228
29230
29230
29232
29233
29234
29232
29235
29237
29233
29234
29235
29238
29242
29237
29243
29238
29242
29245
29243
29245
29248
29248
29227
29253
29254
29254
29256
29256
29258
29258
29260
29261
29262
29263
29264
29260
29265
29267
29268
29261
29262
29263
29264
29265
29267
29268
29269
29269
29253
29279
29279
29280
29280
29283
29283
29285
29285
29287
29287
29289
29289
29291
29291
29292
29292
29295
29296
29295
29296
29297
29297
29301
29301
29303
29304
29305
29306
29307
29308
29309
29252
29311
29312
29313
29314
29315
29316
29317
29318
29319
29320
29321
29322
29323
29324
29325
29326
29327
29328
29329
29330
29331
29332
29333
29334
29335
29336
29337
29338
29339
29340
29201
29342
29343
29343
29345
29345
29347
29348
29349
29347
29350
29352
29348
29353
29349
29350
29355
29358
29359
29352
29353
29355
29358
29359
29360
29360
29342
29368
29369
29370
29371
29372
29373
29368
29369
29370
29371
29374
29379
29372
29380
29382
29373
29374
29383
29379
29380
29382
29383
29386
29386
29367
29393
29394
29394
29395
29397
29395
29397
29398
29398
29402
29402
29404
29404
29406
29406
29407
29407
29410
29410
29412
29412
29413
29413
29416
29416
29393
29419
29419
29421
29422
29423
29421
29424
29422
29426
29423
29428
29424
29430
29426
29432
29428
29430
29434
29437
29432
29434
29437
29438
29438
29418
29444
29445
29446
29447
29443
29449
29450
29451
29452
29453
29454
29455
29456
29457
29458
29459
29460
29461
29462
29463
29464
29465
29466
29467
29468
29469
29470
29471
29392
29473
29474
29475
29476
29477
29478
29479
29480
29481
29482
29483
29484
29485
29486
29487
29488
29489
29490
29491
29492
29493
29494
29495
29496
29497
29498
29499
29500
29501
29502
29503
29504
29505
29506
29507
29508
29150
29510
29511
29511
29512
29512
29514
29514
29516
29516
29518
29518
29521
29521
29523
29523
29525
29525
29526
29526
29529
29529
29530
29530
29532
29532
29510
29536
29536
29537
29537
29540
29540
29541
29541
29544
29544
29546
29546
29548
29548
29549
29549
29552
29552
29553
29553
29556
29556
29558
29558
29535
29561
29562
29563
29562
29564
29563
29566
29568
29569
29570
29564
29571
29573
29566
29568
29569
29570
29571
29574
29580
29573
29574
29580
29581
29581
29561
29587
29588
29589
29590
29591
29592
29587
29588
29593
29596
29597
29598
29589
29590
29591
29599
29592
29593
29596
29597
29598
29599
29603
29603
29586
29612
29613
29614
29615
29616
29617
29618
29619
29620
29611
29622
29623
29623
29625
29625
29627
29627
29629
29629
29631
29631
29633
29633
29634
29636
29637
29638
29639
29634
29636
29637
29638
29639
29640
29640
29622
29648
29648
29650
29651
29652
29653
29650
29651
29654
29652
29657
29659
29660
29661
29662
29653
29654
29657
29659
29660
29661
29662
29663
29663
29672
29560
29674
29675
29675
29676
29676
29679
29679
29681
29681
29683
29684
29685
29686
29687
29688
29683
29689
29684
29685
29686
29687
29688
29689
29691
29691
29674
29700
29700
29702
29703
29704
29705
29702
29706
29708
29703
29704
29705
29709
29713
29714
29715
29706
29708
29709
29713
29714
29715
29716
29716
29699
29725
29726
29727
29728
29729
29730
29731
29732
29733
29734
29735
29736
29737
29738
29739
29740
29741
29742
29743
29724
29745
29746
29747
29746
29748
29750
29747
29751
29753
29754
29748
29750
29755
29751
29758
29753
29754
29755
29758
29760
29760
29766
29766
29767
29767
29745
29771
29771
29773
29773
29775
29775
29776
29776
29779
29779
29781
29781
29783
29783
29785
29785
29786
29786
29789
29789
29791
29791
29792
29792
29770
29796
29797
29797
29799
29799
29801
29801
29803
29803
29804
29806
29807
29804
29806
29808
29807
29808
29811
29814
29811
29814
29815
29815
29819
29819
29796
29822
29823
29822
29823
29824
29824
29827
29827
29830
29830
29832
29832
29834
29834
29835
29835
29838
29839
29838
29840
29839
29840
29842
29842
29821
29847
29846
29849
29850
29851
29852
29853
29854
29855
29856
29857
29858
29859
29860
29861
29862
29863
29795
29865
29866
29867
29868
29869
29870
29871
29872
29873
29874
29875
29876
29877
29878
29879
29880
26190
29882
29883
29884
29883
29884
29885
29885
29889
29889
29890
29890
29893
29893
29895
29895
29896
29896
29898
29898
29901
29901
29903
29903
29904
29904
29882
29908
29908
29909
29909
29912
29912
29914
29915
29916
29914
29915
29917
29916
29917
29920
29920
29924
29924
29925
29925
29928
29928
29930
29930
29907
29933
29934
29934
29936
29936
29938
29938
29940
29940
29941
29941
29944
29944
29945
29945
29947
29947
29949
29949
29952
29952
29954
29954
29956
29956
29933
29959
29959
29961
29961
29963
29963
29965
29965
29967
29968
29969
29970
29967
29968
29971
29974
29975
29969
29970
29971
29974
29975
29976
29976
29958
29984
29985
29985
29986
29986
29989
29989
29991
29991
29992
29992
29995
29995
29997
29998
29999
29997
30000
30002
29998
29999
30000
30002
30003
30003
29984
30010
30010
30012
30012
30014
30014
30016
30016
30018
30018
30019
30021
30022
30023
30019
30021
30022
30024
30028
30023
30024
30028
30029
30029
30009
30035
30036
30036
30037
30037
30040
30040
30042
30042
30043
30043
30046
30047
30046
30047
30048
30048
30052
30052
30054
30055
30054
30055
30056
30056
30035
30061
30062
30063
30064
30061
30062
30063
30065
30069
30064
30070
30065
30072
30069
30074
30076
30070
30072
30074
30077
30076
30077
30081
30081
30060
30086
30087
30087
30089
30089
30090
30090
30093
30093
30095
30095
30097
30097
30099
30100
30101
30102
30099
30100
30101
30102
30103
30103
30108
30108
30086
30112
30112
30113
30113
30115
30115
30118
30119
30118
30119
30120
30120
30123
30125
30126
30123
30127
30129
30125
30126
30127
30129
30130
30130
30111
30137
30138
30138
30140
30140
30142
30142
30143
30145
30143
30145
30146
30149
30150
30151
30146
30152
30154
30149
30150
30151
30152
30154
30155
30155
30137
30163
30163
30164
30164
30166
30166
30169
30170
30171
30169
30172
30174
30170
30175
30177
30171
30178
30172
30174
30175
30177
30178
30180
30180
30162
30188
30189
30190
30191
30192
30193
30189
30194
30190
30191
30196
30199
30200
30192
30193
30201
30194
30196
30204
30199
30200
30201
30204
30207
30207
30188
30214
30214
30215
30215
30218
30218
30220
30221
30222
30223
30220
30221
30222
30223
30224
30224
30230
30230
30232
30232
30233
30233
30236
30236
30213
30239
30240
30240
30242
30243
30244
30245
30246
30247
30248
30242
30243
30249
30244
30252
30254
30245
30246
30247
30248
30249
30252
30254
30255
30255
30239
30265
30265
30266
30266
30268
30270
30271
30268
30270
30272
30271
30275
30277
30278
30279
30272
30280
30275
30277
30278
30279
30280
30282
30282
30264
30290
30291
30292
30293
30294
30295
30296
30297
30298
30299
30300
30301
30302
30303
30304
30305
30306
30307
30308
30309
30310
30311
30312
30313
30314
30315
30316
30317
30318
30319
30320
30321
30322
30323
30324
30325
30326
30327
30289
30329
30330
30331
30332
30333
30334
30335
30336
30337
30338
30339
30340
30341
30342
30343
30344
30345
30346
30347
30348
30349
30350
30351
30352
30353
30354
30355
30356
30357
30358
30359
30360
30361
30362
30363
30364
30365
30366
30367
30368
30369
30370
30371
30372
30238
30374
30375
30375
30376
30376
30379
30380
30381
30379
30382
30384
30385
30380
30386
30388
30389
30381
30382
30384
30385
30386
30388
30389
30390
30390
30374
30400
30400
30401
30401
30404
30404
30405
30405
30408
30409
30408
30410
30412
30413
30414
30415
30409
30410
30412
30413
30414
30415
30416
30416
30399
30425
30426
30426
30427
30427
30429
30429
30431
30433
30431
30433
30434
30434
30438
30438
30439
30439
30442
30443
30444
30442
30443
30444
30445
30445
30425
30451
30451
30453
30453
30455
30455
30456
30456
30459
30460
30459
30461
30460
30463
30465
30461
30466
30463
30465
30466
30468
30468
30473
30473
30450
30476
30477
30478
30479
30480
30481
30482
30483
30484
30475
30486
30487
30488
30489
30424
30491
30492
30493
30494
30495
30496
30497
30498
30499
30500
30501
30502
30503
30504
30505
30506
30507
30508
30509
30510
30511
30512
30513
30514
30515
30516
30517
30518
30519
30520
30521
30522
30523
30524
30525
30526
30527
30528
30187
30530
30531
30532
30533
30534
30535
30536
30537
30538
30539
30540
30541
30542
30543
30544
30545
30546
30547
30548
30549
30550
30551
30136
30553
30554
30554
30556
30557
30556
30558
30560
30561
30562
30557
30558
30563
30566
30567
30560
30561
30568
30562
30563
30566
30567
30568
30571
30571
30553
30579
30579
30581
30581
30583
30584
30583
30584
30585
30585
30589
30589
30591
30591
30593
30594
30595
30596
30593
30594
30595
30596
30597
30597
30578
30604
30605
30605
30606
30606
30609
30609
30611
30611
30613
30613
30615
30616
30617
30618
30615
30616
30617
30619
30623
30618
30619
30623
30624
30624
30604
30630
30630
30632
30632
30633
30633
30636
30636
30638
30638
30639
30639
30641
30641
30644
30644
30646
30646
30647
30647
30650
30650
30651
30651
30629
30655
30656
30656
30658
30659
30660
30661
30658
30662
30664
30659
30665
30667
30660
30661
30668
30671
30662
30664
30665
30667
30668
30671
30672
30672
30655
30681
30681
30683
30683
30685
30686
30685
30687
30689
30686
30687
30689
30690
30690
30695
30696
30697
30695
30696
30697
30698
30698
30702
30702
30680
30706
30707
30708
30709
30710
30711
30712
30713
30714
30715
30716
30717
30718
30719
30720
30721
30722
30705
30724
30725
30726
30725
30727
30726
30727
30729
30729
30732
30732
30735
30736
30735
30736
30737
30737
30741
30741
30743
30743
30745
30745
30746
30746
30724
30750
30750
30752
30752
30753
30753
30756
30757
30758
30756
30759
30761
30757
30762
30764
30765
30758
30759
30761
30762
30764
30765
30766
30766
30749
30775
30776
30777
30778
30779
30780
30781
30782
30783
30784
30785
30786
30787
30788
30774
30790
30791
30792
30793
30794
30795
30796
30797
30798
30799
30800
30801
30802
30803
30804
30805
30806
30807
30808
30809
30654
30811
30812
30813
30814
30815
30816
30817
30818
30819
30820
30821
30822
30823
30824
30603
30826
30827
30827
30829
30829
30830
30830
30832
30834
30835
30832
30834
30835
30836
30836
30840
30840
30843
30843
30844
30844
30847
30847
30849
30849
30826
30852
30853
30852
30854
30853
30856
30858
30854
30856
30858
30859
30859
30864
30864
30866
30867
30868
30866
30869
30867
30868
30869
30871
30871
30851
30877
30878
30878
30880
30880
30881
30883
30884
30881
30885
30883
30887
30884
30885
30889
30887
30892
30889
30894
30896
30892
30894
30896
30897
30897
30877
30903
30903
30905
30905
30906
30906
30909
30910
30909
30911
30910
30913
30911
30913
30915
30915
30919
30919
30920
30920
30923
30923
30925
30925
30902
30928
30929
30927
30931
30932
30933
30934
30935
30936
30937
30938
30939
30940
30941
30942
30943
30944
30945
30946
30947
30948
30949
30950
30951
30952
30953
30954
30955
30956
30957
30958
30959
30960
30961
30962
30963
30964
30965
30966
30967
30968
30876
30970
30971
30972
30973
30974
30975
30971
30972
30973
30976
30974
30975
30976
30980
30984
30980
30985
30984
30987
30989
30985
30987
30989
30990
30990
30970
30996
30996
30998
30999
30998
30999
31000
31003
31004
31005
31006
31007
31008
31009
31000
31003
31004
31005
31006
31007
31008
31009
31010
31010
30995
31021
31022
31022
31024
31024
31026
31026
31028
31028
31030
31031
31032
31033
31030
31031
31034
31037
31038
31032
31033
31034
31037
31038
31039
31039
31021
31047
31048
31047
31048
31049
31049
31053
31053
31054
31054
31057
31058
31059
31060
31061
31062
31057
31058
31059
31060
31061
31062
31063
31063
31046
31072
31073
31074
31075
31076
31077
31078
31079
31080
31081
31082
31083
31084
31085
31086
31087
31088
31089
31090
31091
31071
31093
31094
31095
31096
31097
31098
31099
31100
31101
31102
31103
31020
31105
31106
31107
31108
31109
31110
31111
31112
31113
31114
31115
31116
31117
31118
31119
31120
31121
31122
31123
31124
31125
31126
31127
31128
31129
30085
31131
31132
31132
31134
31134
31135
31135
31137
31137
31139
31141
31142
31139
31143
31145
31146
31141
31142
31147
31143
31145
31146
31147
31150
31150
31131
31157
31157
31158
31158
31161
31161
31162
31162
31165
31165
31167
31167
31169
31169
31171
31171
31173
31173
31174
31174
31176
31176
31179
31179
31156
31182
31183
31183
31184
31186
31184
31187
31186
31187
31189
31192
31189
31192
31193
31196
31197
31198
31193
31199
31196
31197
31198
31199
31201
31201
31182
31208
31208
31210
31211
31212
31213
31214
31215
31210
31216
31218
31219
31220
31211
31212
31213
31214
31215
31216
31218
31219
31220
31221
31221
31207
31233
31234
31235
31236
31237
31238
31239
31240
31241
31242
31243
31244
31245
31246
31247
31248
31249
31250
31251
31252
31253
31254
31255
31256
31257
31232
31259
31260
31260
31262
31262
31263
31263
31266
31266
31268
31268
31270
31270
31272
31272
31274
31275
31276
31274
31275
31277
31276
31277
31280
31280
31259
31285
31285
31286
31286
31289
31290
31291
31289
31292
31294
31295
31296
31290
31297
31299
31291
31292
31294
31295
31296
31297
31299
31300
31300
31284
31310
31311
31312
31311
31313
31315
31312
31313
31316
31319
31315
31320
31322
31323
31324
31325
31316
31319
31320
31322
31323
31324
31325
31326
31326
31310
31336
31336
31338
31339
31340
31341
31342
31343
31344
31345
31338
31346
31339
31348
31340
31341
31342
31343
31344
31345
31346
31348
31350
31350
31335
31361
31362
31362
31363
31363
31366
31366
31368
31369
31368
31370
31369
31372
31374
31375
31370
31372
31376
31374
31375
31379
31376
31379
31382
31382
31361
31387
31388
31387
31388
31389
31389
31393
31393
31395
31396
31397
31398
31399
31395
31396
31397
31400
31398
31399
31404
31400
31404
31407
31407
31386
31412
31413
31414
31415
31416
31417
31418
31419
31420
31421
31422
31423
31424
31425
31426
31427
31428
31429
31430
31431
31432
31433
31434
31435
31436
31437
31438
31439
31411
31441
31442
31443
31444
31445
31446
31447
31448
31449
31450
31451
31452
31453
31454
31455
31456
31457
31458
31459
31360
31461
31462
31463
31464
31465
31309
31467
31468
31468
31470
31471
31472
31470
31473
31471
31475
31472
31473
31475
31477
31481
31482
31483
31477
31481
31484
31482
31483
31484
31487
31487
31467
31493
31493
31495
31495
31496
31496
31499
31499
31500
31500
31503
31503
31504
31506
31504
31506
31507
31507
31511
31512
31511
31512
31513
31513
31492
31518
31519
31520
31521
31519
31520
31521
31522
31522
31527
31528
31529
31527
31528
31530
31529
31530
31533
31533
31536
31536
31538
31538
31541
31541
31518
31544
31544
31545
31547
31545
31547
31548
31548
31551
31553
31554
31555
31556
31551
31557
31559
31553
31554
31555
31556
31557
31559
31560
31560
31543
31569
31570
31571
31572
31573
31574
31575
31576
31577
31578
31568
31580
31581
31582
31581
31583
31585
31586
31587
31588
31582
31583
31585
31589
31593
31594
31586
31587
31595
31588
31589
31593
31594
31595
31598
31598
31580
31606
31606
31608
31608
31610
31610
31612
31612
31613
31615
31613
31615
31616
31619
31620
31616
31621
31623
31619
31620
31621
31623
31624
31624
31630
31631
31632
31633
31634
31635
31517
31637
31638
31639
31640
31641
31642
31643
31644
31645
31646
31647
31648
31649
31650
31651
31652
31653
31654
31655
31656
31657
31658
31659
31181
31661
31662
31662
31664
31664
31666
31666
31667
31667
31669
31669
31671
31671
31674
31674
31676
31676
31677
31677
31680
31680
31682
31682
31684
31684
31661
31687
31687
31689
31689
31691
31691
31692
31692
31694
31694
31697
31697
31698
31700
31698
31700
31701
31701
31705
31705
31707
31707
31709
31709
31686
31712
31713
31711
31715
31716
30034
31718
31719
31720
31719
31721
31720
31721
31723
31723
31727
31727
31728
31728
31731
31731
31732
31734
31732
31735
31734
31735
31737
31737
31740
31740
31718
31744
31744
31746
31746
31747
31747
31750
31750
31752
31752
31753
31753
31755
31755
31757
31757
31759
31761
31759
31762
31761
31762
31764
31764
31743
31769
31770
31770
31771
31773
31771
31774
31776
31777
31773
31774
31776
31777
31778
31778
31783
31785
31783
31786
31788
31785
31786
31788
31789
31789
31769
31795
31795
31797
31798
31797
31798
31799
31799
31803
31804
31803
31805
31807
31808
31804
31809
31805
31811
31807
31808
31809
31811
31813
31813
31794
31820
31821
31821
31823
31823
31825
31825
31826
31826
31829
31829
31831
31832
31831
31833
31835
31832
31833
31835
31836
31836
31841
31841
31842
31842
31820
31846
31846
31848
31848
31849
31851
31849
31851
31852
31855
31852
31856
31858
31859
31860
31861
31855
31856
31858
31859
31860
31861
31862
31862
31845
31871
31872
31872
31874
31874
31876
31876
31878
31879
31878
31880
31882
31883
31879
31880
31882
31883
31884
31889
31890
31884
31889
31890
31891
31891
31871
31897
31897
31899
31900
31901
31899
31902
31904
31900
31905
31907
31901
31908
31902
31910
31904
31912
31905
31907
31908
31910
31912
31914
31914
31896
31922
31921
31924
31870
31926
31927
31928
31929
31930
31931
31932
31933
31934
31935
31819
31937
31938
31938
31940
31941
31942
31940
31941
31942
31943
31943
31948
31948
31950
31950
31951
31953
31951
31954
31956
31953
31954
31956
31957
31957
31937
31963
31963
31965
31965
31967
31968
31969
31967
31968
31969
31970
31974
31970
31974
31975
31975
31979
31979
31980
31980
31983
31983
31985
31985
31962
31988
31989
31989
31991
31991
31992
31994
31992
31995
31994
31995
31997
31997
32000
32000
32003
32003
32005
32006
32005
32006
32007
32007
32010
32010
31988
32014
32015
32016
32014
32015
32016
32017
32021
32022
32023
32017
32021
32022
32024
32023
32028
32030
32024
32031
32028
32030
32031
32033
32033
32013
32039
32040
32041
32042
32043
32044
32045
32046
32047
32048
32049
32050
32038
32052
32053
32054
32055
32056
32057
32058
32059
32060
32061
32062
32063
32064
32065
32066
32067
32068
32069
32070
32071
31987
32073
32074
31768
32076
32077
32077
32079
32079
32080
32080
32083
32083
32084
32084
32086
32086
32089
32089
32091
32091
32093
32093
32095
32095
32097
32097
32098
32098
32076
32102
32102
32104
32104
32105
32105
32108
32108
32110
32110
32112
32112
32113
32113
32116
32116
32117
32117
32119
32119
32122
32122
32124
32124
32101
32127
32128
32129
32130
32131
32132
32133
32134
32135
32136
32137
32126
32139
32140
32141
32140
32141
32142
32142
32145
32145
32148
32148
32150
32150
32152
32152
32154
32154
32156
32156
32158
32158
32160
32160
32162
32162
32139
32165
32165
32166
32166
32168
32168
32170
32170
32173
32173
32175
32175
32177
32177
32179
32179
32180
32182
32180
32182
32183
32183
32187
32187
32164
32190
32191
32192
32193
32194
32189
32196
32197
32198
32199
32200
32201
32202
32203
29983
32205
32206
32206
32207
32207
32209
32209
32212
32212
32214
32214
32215
32215
32218
32219
32220
32221
32222
32218
32219
32220
32221
32222
32223
32223
32205
32231
32232
32231
32232
32233
32236
32233
32237
32239
32236
32240
32242
32237
32243
32239
32240
32242
32243
32245
32245
32251
32251
32253
32253
32230
32256
32257
32258
32259
32257
32260
32258
32259
32262
32265
32260
32262
32266
32265
32269
32271
32266
32272
32269
32271
32274
32272
32274
32277
32277
32256
32282
32282
32284
32285
32286
32287
32284
32288
32285
32290
32286
32287
32292
32288
32290
32292
32295
32295
32300
32301
32300
32301
32302
32302
32281
32307
32308
32308
32310
32310
32312
32313
32314
32312
32313
32315
32314
32315
32318
32318
32322
32322
32324
32325
32326
32324
32325
32326
32327
32327
32307
32333
32333
32335
32336
32337
32335
32336
32338
32337
32341
32338
32343
32341
32343
32345
32345
32349
32350
32349
32350
32351
32351
32355
32355
32332
32358
32359
32359
32360
32360
32363
32363
32364
32364
32366
32366
32369
32369
32371
32371
32372
32372
32375
32375
32377
32377
32378
32378
32381
32381
32358
32384
32385
32386
32384
32387
32389
32390
32385
32386
32387
32389
32390
32391
32391
32397
32399
32400
32397
32399
32401
32400
32401
32404
32404
32383
32409
32410
32410
32411
32413
32414
32415
32411
32413
32414
32416
32420
32415
32416
32421
32420
32421
32424
32424
32428
32429
32428
32429
32430
32430
32409
32435
32436
32435
32436
32437
32437
32440
32440
32443
32444
32443
32445
32447
32444
32445
32447
32448
32448
32452
32452
32455
32455
32457
32457
32434
32460
32461
32462
32463
32464
32465
32461
32466
32468
32469
32470
32462
32463
32464
32471
32465
32475
32466
32468
32469
32470
32471
32475
32477
32477
32460
32486
32486
32488
32488
32490
32490
32491
32493
32494
32491
32495
32497
32498
32499
32500
32493
32494
32495
32497
32498
32499
32500
32501
32501
32485
32511
32512
32512
32513
32515
32516
32513
32515
32516
32517
32521
32522
32523
32517
32524
32526
32521
32527
32522
32523
32524
32526
32527
32529
32529
32511
32537
32537
32539
32539
32541
32541
32543
32544
32545
32543
32544
32545
32546
32546
32551
32552
32553
32551
32552
32554
32553
32554
32557
32557
32536
32562
32563
32564
32565
32563
32564
32565
32566
32570
32571
32566
32570
32572
32575
32571
32572
32576
32575
32576
32579
32579
32583
32583
32584
32584
32562
32588
32588
32590
32591
32590
32591
32592
32592
32596
32596
32598
32598
32599
32599
32602
32603
32604
32602
32605
32603
32604
32605
32607
32607
32587
32613
32614
32615
32612
32617
32618
32619
32620
32621
32622
32623
32624
32625
32561
32627
32628
32629
32630
32631
32632
32633
32634
32635
32636
32637
32638
32639
32640
32641
32642
32643
32644
32645
32646
32647
32648
32649
32650
32651
32652
32653
32654
32655
32656
32657
32658
32659
32660
32661
32662
32663
32664
32665
32666
32667
32668
32669
32670
32671
32672
32510
32674
32675
32675
32676
32676
32678
32678
32681
32681
32683
32683
32685
32685
32687
32688
32689
32690
32691
32687
32688
32689
32690
32691
32692
32692
32674
32700
32700
32702
32702
32704
32704
32705
32705
32708
32708
32710
32710
32712
32712
32714
32714
32715
32717
32718
32715
32717
32718
32719
32719
32699
32725
32726
32727
32728
32724
32730
32731
32732
32733
32734
32735
32736
32737
32738
32739
32740
32741
32742
32743
32744
32745
32746
32459
32748
32749
32750
32749
32751
32750
32751
32753
32756
32757
32753
32756
32758
32761
32757
32758
32761
32762
32762
32767
32768
32767
32768
32769
32769
32748
32774
32774
32776
32777
32776
32778
32777
32780
32778
32780
32782
32782
32786
32786
32787
32787
32790
32790
32792
32792
32793
32793
32796
32796
32773
32799
32800
32800
32802
32802
32804
32804
32806
32807
32806
32807
32808
32808
32812
32813
32812
32814
32813
32816
32818
32814
32816
32818
32819
32819
32799
32825
32825
32826
32826
32829
32829
32830
32830
32833
32833
32835
32836
32837
32835
32836
32838
32837
32838
32841
32841
32845
32845
32847
32847
32824
32850
32851
32852
32853
32854
32855
32856
32857
32858
32859
32860
32861
32862
32849
32864
32865
32866
32867
32868
32869
32870
32871
32798
32873
32874
32874
32876
32876
32878
32878
32880
32880
32882
32882
32883
32883
32885
32885
32888
32888
32889
32891
32892
32889
32891
32892
32893
32893
32873
32899
32899
32900
32900
32902
32902
32904
32904
32906
32908
32906
32908
32909
32912
32913
32909
32914
32912
32916
32913
32914
32916
32918
32918
32898
32924
32925
32925
32926
32926
32929
32929
32931
32932
32931
32933
32935
32936
32937
32938
32932
32933
32935
32939
32936
32937
32938
32939
32943
32943
32924
32950
32950
32951
32951
32954
32955
32954
32956
32958
32955
32956
32958
32959
32959
32964
32964
32966
32966
32967
32967
32970
32970
32972
32972
32949
32975
32976
32976
32978
32978
32980
32980
32981
32981
32984
32985
32986
32984
32985
32987
32990
32986
32991
32993
32987
32990
32991
32993
32994
32994
32975
33001
33002
33003
33004
33005
33006
33001
33002
33007
33010
33003
33004
33011
33014
33005
33006
33007
33010
33011
33015
33014
33015
33021
33021
33000
33026
33027
33028
33029
33030
33031
33032
33033
33034
33035
33036
33037
33038
33039
33040
33041
33042
33043
33044
33045
33046
33047
33048
33049
33050
33051
33052
33053
33054
33055
33056
33057
33058
33059
33060
33061
33062
33063
33064
33065
33066
33025
33068
33069
33069
33071
33071
33073
33074
33073
33074
33075
33075
33079
33079
33081
33081
33082
33084
33082
33085
33084
33087
33085
33087
33089
33089
33068
33094
33095
33094
33095
33096
33096
33099
33099
33102
33102
33104
33104
33105
33107
33105
33107
33108
33108
33112
33112
33114
33114
33115
33115
33093
33119
33120
33121
33122
33123
33124
33125
33126
33127
33128
33129
33130
33131
33132
33133
33134
33135
33136
33137
33138
33139
33140
33141
33118
33143
33144
33145
33146
33147
33148
33149
33150
33151
33152
33153
33154
32974
33156
33157
33157
33159
33160
33161
33162
33159
33163
33165
33166
33160
33167
33161
33169
33162
33171
33163
33165
33166
33167
33169
33171
33173
33173
33156
33182
33182
33184
33185
33184
33186
33185
33188
33190
33191
33192
33186
33188
33190
33191
33193
33192
33193
33198
33198
33202
33202
33203
33203
33181
33207
33208
33209
33210
33211
33208
33209
33212
33215
33216
33217
33218
33210
33211
33212
33219
33215
33216
33217
33223
33218
33219
33223
33227
33227
33207
33233
33233
33234
33234
33237
33238
33237
33238
33239
33239
33242
33242
33244
33246
33244
33246
33247
33247
33250
33252
33250
33252
33253
33253
33232
33258
33259
33260
33261
33262
33259
33263
33260
33261
33262
33265
33263
33265
33269
33269
33273
33273
33274
33276
33277
33274
33276
33277
33278
33278
33258
33284
33284
33285
33285
33287
33287
33290
33290
33292
33292
33294
33294
33295
33297
33298
33299
33300
33295
33297
33298
33299
33300
33301
33301
33283
33309
33310
33310
33312
33312
33313
33313
33315
33315
33318
33318
33319
33319
33321
33321
33324
33324
33326
33327
33328
33326
33327
33328
33329
33329
33309
33335
33335
33337
33337
33339
33339
33341
33341
33343
33343
33345
33345
33346
33346
33348
33348
33351
33351
33352
33354
33352
33354
33355
33355
33334
33360
33361
33362
33363
33364
33365
33366
33367
33368
33369
33370
33371
33372
33359
33374
33375
33376
33377
33378
33379
33380
33381
33382
33383
33384
33385
33386
33387
33388
33308
33390
33391
33392
33393
33394
33395
33396
33397
33398
33399
33400
33401
33402
33403
33404
33405
33257
33407
33408
33408
33410
33410
33412
33413
33412
33413
33414
33414
33418
33418
33420
33420
33421
33421
33423
33425
33423
33426
33425
33426
33428
33428
33407
33433
33434
33433
33435
33434
33437
33435
33439
33441
33437
33442
33439
33444
33441
33446
33442
33448
33444
33450
33446
33448
33450
33452
33452
33432
33458
33459
33460
33461
33462
33463
33464
33465
33466
33467
33468
33469
33470
33471
33472
33473
33474
33475
33476
33477
33478
33479
33457
33481
33482
33482
33483
33485
33486
33487
33488
33489
33483
33490
33485
33486
33487
33492
33488
33496
33489
33498
33490
33492
33496
33498
33500
33500
33481
33507
33507
33508
33508
33511
33511
33513
33513
33514
33514
33517
33517
33519
33519
33520
33522
33523
33520
33522
33524
33523
33524
33527
33527
33506
33532
33533
33534
33535
33536
33537
33538
33539
33540
33541
33542
33543
33544
33545
33546
33547
33548
33549
33550
33551
33552
33531
33554
33555
33556
33557
33558
33559
33560
33561
33562
33563
33564
33565
33566
33567
33568
33569
33570
33571
33572
33573
33574
33575
33576
33577
33578
33579
33580
33581
33582
33583
33584
33585
33586
33587
33206
33589
33590
33590
33591
33593
33591
33593
33594
33594
33598
33598
33599
33599
33601
33601
33603
33603
33606
33606
33608
33608
33609
33609
33611
33611
33589
33615
33615
33616
33618
33616
33618
33619
33622
33623
33624
33625
33619
33622
33626
33629
33623
33630
33624
33625
33626
33629
33630
33632
33632
33614
33640
33641
33641
33643
33644
33645
33646
33643
33647
33644
33645
33649
33646
33652
33647
33654
33649
33652
33656
33654
33656
33659
33659
33662
33662
33640
33666
33667
33668
33669
33666
33670
33667
33672
33674
33668
33669
33670
33672
33674
33675
33675
33682
33682
33684
33684
33686
33686
33687
33687
33665
33691
33692
33690
33694
33695
33696
33697
33698
33699
33639
33701
33702
33703
33704
33705
33706
33702
33707
33709
33703
33710
33704
33712
33714
33715
33705
33706
33707
33709
33710
33712
33714
33715
33716
33716
33701
33727
33727
33729
33730
33729
33730
33731
33731
33735
33735
33736
33736
33739
33739
33741
33741
33742
33742
33745
33745
33746
33746
33749
33749
33726
33752
33753
33754
33755
33756
33757
33758
33751
33760
33761
33762
33763
33764
32923
33766
33767
33768
33769
33770
33771
33772
33773
33774
33775
33776
33777
33778
33779
33780
33781
33782
33783
33784
33785
33786
33787
33788
33789
33790
33791
33792
33793
33794
33795
33796
33797
33798
33799
33800
33801
33802
33803
33804
33805
33806
33807
33808
33809
33810
33811
33812
32408
33814
33815
33816
33817
33815
33816
33817
33818
33818
33823
33823
33824
33824
33827
33827
33828
33828
33831
33831
33833
33833
33835
33835
33836
33836
33814
33840
33840
33842
33842
33844
33844
33846
33846
33848
33848
33850
33850
33851
33851
33854
33854
33856
33856
33858
33858
33860
33860
33861
33861
33839
33865
33866
33867
33866
33867
33868
33871
33872
33868
33873
33875
33871
33876
33872
33873
33875
33878
33876
33878
33882
33882
33886
33886
33888
33888
33865
33891
33891
33893
33893
33895
33896
33895
33897
33899
33900
33896
33901
33897
33899
33900
33901
33903
33903
33908
33908
33911
33911
33912
33912
33890
33916
33917
33917
33918
33920
33918
33921
33923
33924
33925
33920
33921
33926
33923
33924
33929
33925
33932
33926
33934
33929
33932
33934
33936
33936
33916
33942
33943
33942
33944
33946
33947
33948
33943
33949
33944
33946
33951
33954
33947
33948
33955
33958
33949
33951
33954
33955
33958
33959
33959
33941
33967
33968
33969
33970
33971
33972
33973
33974
33975
33976
33977
33978
33979
33980
33981
33982
33983
33984
33985
33986
33987
33988
33966
33990
33991
33991
33992
33994
33992
33995
33997
33998
33994
33995
33997
33999
33998
33999
34003
34003
34007
34008
34007
34009
34008
34009
34011
34011
33990
34016
34017
34016
34017
34018
34018
34021
34021
34024
34025
34024
34026
34028
34025
34029
34026
34031
34033
34028
34029
34031
34033
34034
34034
34015
34041
34042
34043
34044
34045
34046
34047
34048
34049
34050
34051
34052
34053
34054
34055
34056
34057
34058
34059
34060
34061
34062
34063
34064
34065
34066
34067
34068
34069
34040
34071
34072
34072
34074
34075
34076
34077
34078
34074
34075
34079
34082
34076
34077
34083
34078
34079
34082
34083
34086
34086
34092
34092
34093
34093
34071
34097
34098
34097
34099
34101
34098
34102
34104
34105
34106
34099
34107
34101
34102
34104
34105
34109
34114
34106
34107
34109
34114
34115
34115
34096
34122
34123
34124
34125
34126
34127
34128
34129
34130
34131
34132
34133
34134
34135
34136
34137
34138
34139
34140
34141
34142
34143
34144
34145
34146
34147
34148
34149
34150
34121
34152
34153
34153
34154
34156
34157
34154
34158
34160
34161
34162
34163
34156
34164
34157
34166
34158
34160
34161
34162
34163
34164
34166
34168
34168
34152
34178
34179
34180
34178
34181
34183
34184
34185
34186
34187
34179
34180
34181
34188
34183
34192
34184
34185
34186
34187
34188
34192
34194
34194
34177
34203
34204
34204
34206
34206
34207
34207
34210
34211
34210
34211
34212
34212
34216
34216
34218
34218
34220
34220
34221
34221
34223
34223
34226
34226
34203
34229
34229
34231
34231
34233
34233
34235
34236
34235
34236
34237
34237
34241
34241
34242
34244
34245
34242
34246
34244
34245
34246
34248
34248
34228
34254
34255
34256
34257
34258
34259
34260
34261
34262
34263
34264
34265
34266
34267
34268
34269
34270
34271
34253
34273
34274
34275
34276
34277
34278
34279
34280
34202
34282
34283
34283
34285
34285
34287
34287
34288
34288
34290
34292
34293
34290
34292
34293
34294
34294
34299
34299
34300
34300
34303
34303
34305
34305
34282
34308
34309
34308
34310
34309
34312
34314
34310
34312
34315
34318
34314
34315
34319
34322
34318
34323
34325
34319
34322
34323
34325
34326
34326
34307
34332
34334
34335
34335
34336
34336
34339
34340
34339
34340
34341
34341
34345
34345
34346
34346
34349
34349
34351
34352
34351
34353
34352
34353
34355
34355
34334
34360
34360
34361
34361
34364
34364
34366
34366
34368
34369
34370
34371
34368
34372
34374
34375
34369
34370
34371
34372
34374
34375
34376
34376
34359
34385
34386
34387
34388
34389
34390
34391
34392
34393
34394
34395
34396
34397
34398
34399
34400
34401
34384
34403
34404
34404
34405
34405
34408
34408
34410
34410
34411
34413
34414
34415
34411
34416
34413
34418
34414
34420
34415
34416
34418
34420
34422
34422
34403
34429
34430
34429
34430
34431
34434
34431
34435
34437
34434
34438
34435
34437
34438
34440
34440
34444
34444
34447
34448
34447
34448
34449
34449
34428
34454
34455
34456
34457
34458
34459
34460
34453
34462
34463
34464
34465
34466
34467
34468
34469
33915
34471
34472
34473
34472
34474
34473
34476
34474
34476
34478
34478
34482
34482
34484
34484
34485
34487
34485
34488
34487
34488
34490
34490
34494
34494
34471
34497
34497
34498
34500
34498
34500
34501
34501
34504
34504
34507
34507
34509
34510
34511
34509
34512
34510
34511
34514
34512
34514
34517
34517
34496
34522
34523
34524
34523
34524
34525
34525
34529
34529
34531
34531
34533
34534
34535
34533
34534
34536
34539
34535
34540
34536
34539
34540
34542
34542
34522
34548
34548
34550
34551
34550
34551
34552
34552
34556
34557
34556
34558
34560
34557
34561
34558
34560
34561
34563
34563
34567
34567
34569
34569
34547
34573
34574
34574
34575
34575
34578
34579
34578
34579
34580
34580
34583
34585
34586
34583
34587
34589
34590
34585
34586
34587
34589
34590
34591
34591
34573
34599
34599
34600
34600
34603
34603
34605
34605
34607
34607
34609
34609
34611
34612
34611
34613
34612
34613
34615
34618
34615
34618
34619
34619
34598
34624
34625
34626
34627
34623
34572
34630
34631
34631
34633
34633
34635
34635
34637
34637
34638
34638
34641
34641
34643
34643
34645
34645
34647
34648
34649
34647
34648
34649
34650
34650
34630
34656
34656
34658
34659
34660
34661
34662
34658
34663
34659
34660
34665
34668
34669
34661
34662
34663
34670
34665
34668
34669
34670
34674
34674
34680
34681
34521
34683
34684
34684
34685
34685
34688
34688
34689
34689
34692
34693
34692
34694
34693
34694
34696
34696
34700
34700
34701
34701
34704
34704
34706
34706
34683
34709
34709
34711
34711
34712
34714
34712
34715
34717
34718
34714
34719
34715
34717
34718
34721
34719
34721
34725
34725
34729
34729
34731
34731
34708
34734
34735
34736
34735
34736
34737
34737
34741
34741
34743
34743
34745
34745
34747
34748
34747
34748
34749
34749
34752
34752
34755
34755
34757
34757
34734
34760
34760
34762
34762
34763
34763
34765
34765
34768
34769
34770
34768
34771
34773
34769
34774
34770
34776
34771
34773
34774
34776
34778
34778
34759
34784
34786
34787
34787
34789
34790
34789
34791
34793
34790
34791
34793
34794
34794
34799
34799
34801
34801
34803
34804
34803
34804
34805
34805
34808
34808
34786
34812
34812
34813
34813
34815
34815
34818
34818
34820
34821
34820
34822
34821
34822
34824
34824
34828
34829
34828
34829
34830
34830
34834
34834
34811
34837
34838
34839
34836
34841
34733
34843
34844
34845
34846
34844
34845
34846
34847
34847
34852
34852
34854
34854
34856
34857
34856
34858
34860
34857
34861
34858
34860
34861
34863
34863
34843
34869
34869
34871
34872
34873
34874
34871
34875
34877
34872
34878
34873
34874
34880
34875
34883
34877
34885
34878
34880
34883
34885
34887
34887
34893
34894
34895
34896
34897
34898
34899
34900
34901
34902
34903
34904
34905
34906
34907
34908
34909
34910
34911
34912
34913
34914
34915
34916
34917
34918
33864
34920
34921
34921
34922
34922
34924
34924
34926
34926
34928
34928
34931
34932
34931
34933
34935
34932
34936
34933
34938
34935
34936
34938
34940
34940
34920
34946
34946
34947
34947
34949
34949
34951
34951
34954
34954
34956
34956
34958
34958
34959
34961
34959
34961
34962
34962
34965
34965
34968
34968
34945
34971
34972
34973
34972
34974
34973
34976
34978
34974
34976
34978
34979
34979
34984
34985
34984
34986
34988
34985
34986
34988
34989
34989
34993
34993
34971
34997
34997
34999
34999
35001
35001
35002
35002
35005
35005
35007
35007
35009
35010
35011
35009
35012
35010
35014
35011
35012
35014
35016
35016
34996
35022
35023
35024
35025
35026
35027
35021
35029
35030
35030
35032
35032
35034
35035
35036
35034
35037
35035
35036
35039
35042
35043
35044
35037
35039
35045
35042
35043
35044
35045
35048
35048
35029
35055
35056
35057
35055
35058
35056
35057
35058
35060
35064
35060
35065
35067
35068
35064
35065
35067
35068
35069
35069
35075
35075
35077
35077
35054
35080
35081
35081
35082
35082
35085
35085
35086
35088
35089
35090
35091
35086
35088
35089
35090
35092
35091
35097
35099
35092
35097
35099
35100
35100
35080
35106
35106
35108
35108
35109
35109
35112
35112
35114
35114
35116
35116
35118
35118
35119
35119
35122
35122
35124
35124
35126
35126
35127
35127
35105
35131
35132
35133
35134
35135
35136
35137
35138
35139
35140
35141
35142
35143
35144
35145
35130
35147
35148
35149
35150
35151
35152
35153
35154
35155
35156
35157
35158
35159
35160
35161
35162
35163
35164
35165
35166
35167
35168
35169
35170
35171
35172
35173
35174
35175
35176
35177
35178
35179
35180
35181
35182
35183
35079
35185
35186
35187
34970
35189
35190
35190
35192
35193
35194
35192
35195
35193
35194
35197
35200
35201
35202
35195
35203
35197
35200
35205
35201
35202
35203
35205
35208
35208
35189
35215
35215
35217
35217
35218
35218
35220
35220
35223
35223
35224
35224
35226
35226
35228
35228
35230
35230
35233
35233
35235
35235
35236
35236
35214
35240
35241
35241
35243
35243
35245
35245
35247
35248
35247
35248
35249
35252
35249
35253
35255
35252
35256
35253
35255
35258
35256
35258
35261
35261
35240
35266
35266
35268
35268
35270
35270
35272
35272
35274
35274
35276
35276
35278
35278
35280
35281
35280
35281
35282
35285
35282
35285
35286
35286
35265
35291
35292
35293
35294
35295
35296
35297
35298
35299
35300
35301
35302
35303
35304
35305
35306
35307
35308
35309
35310
35311
35312
35313
35314
35315
35316
35317
35318
35319
35320
35321
35322
35323
35324
35325
35290
35327
35328
35328
35330
35330
35332
35332
35334
35335
35336
35334
35335
35337
35340
35341
35342
35343
35336
35337
35340
35341
35342
35343
35344
35344
35327
35353
35354
35353
35355
35357
35358
35354
35355
35357
35359
35363
35358
35364
35366
35367
35359
35363
35368
35364
35366
35367
35368
35371
35371
35352
35378
35379
35380
35381
35382
35383
35384
35385
35386
35387
35388
35389
35390
35391
35392
35393
35394
35395
35396
35397
35398
35399
35400
35401
35402
35403
35404
35405
35406
35407
35408
35409
35410
35411
35412
35413
35414
35377
35416
35417
35418
35419
35420
35421
35422
35423
35424
35425
35426
35427
35428
35429
35430
35431
35432
35433
35434
35435
35436
35437
35438
35439
35440
35441
35442
35443
35444
35445
35446
35447
35448
35449
35450
35239
35452
35453
35454
35455
35456
35457
32357
35459
35460
35461
35462
35463
35464
35465
35460
35461
35466
35462
35463
35464
35465
35466
35469
35469
35476
35477
35476
35478
35477
35478
35480
35480
35459
35485
35486
35485
35486
35487
35487
35491
35491
35493
35493
35495
35495
35496
35498
35499
35496
35498
35499
35500
35504
35500
35504
35505
35505
35484
35510
35511
35511
35512
35512
35515
35515
35516
35516
35519
35519
35520
35522
35523
35524
35525
35520
35522
35526
35523
35524
35525
35526
35529
35529
35510
35536
35536
35538
35538
35540
35541
35540
35542
35544
35541
35545
35542
35544
35545
35547
35547
35552
35552
35554
35554
35556
35556
35557
35557
35535
35561
35562
35562
35563
35563
35566
35566
35568
35568
35570
35570
35572
35573
35572
35573
35574
35574
35578
35579
35580
35578
35579
35580
35581
35581
35561
35587
35587
35588
35588
35591
35592
35591
35593
35592
35593
35595
35598
35599
35595
35600
35602
35598
35599
35603
35600
35602
35603
35606
35606
35586
35612
35613
35613
35615
35615
35616
35618
35616
35618
35619
35619
35623
35623
35625
35625
35626
35628
35626
35629
35631
35628
35629
35631
35632
35632
35612
35638
35638
35639
35639
35642
35643
35642
35643
35644
35647
35648
35644
35647
35649
35648
35652
35649
35654
35656
35652
35654
35656
35657
35657
35637
35663
35664
35665
35666
35664
35665
35666
35667
35667
35671
35671
35674
35675
35676
35677
35678
35679
35674
35675
35676
35677
35678
35679
35680
35680
35663
35689
35689
35691
35691
35692
35692
35695
35696
35695
35697
35699
35696
35700
35697
35699
35700
35702
35702
35706
35708
35706
35708
35709
35709
35688
35714
35715
35716
35715
35717
35719
35720
35721
35716
35722
35724
35725
35717
35726
35719
35720
35728
35721
35722
35724
35725
35726
35728
35731
35731
35714
35740
35740
35742
35743
35744
35745
35746
35742
35743
35744
35745
35746
35747
35747
35754
35754
35756
35756
35758
35758
35760
35760
35762
35762
35739
35765
35766
35766
35768
35768
35770
35770
35771
35771
35774
35774
35776
35776
35777
35779
35777
35780
35779
35782
35784
35780
35782
35784
35785
35785
35765
35791
35791
35793
35793
35794
35794
35797
35798
35799
35800
35801
35802
35797
35798
35799
35800
35801
35803
35809
35802
35803
35809
35810
35810
35790
35816
35817
35817
35818
35818
35821
35822
35821
35822
35823
35823
35827
35827
35829
35830
35831
35829
35832
35830
35834
35831
35832
35834
35836
35836
35816
35842
35842
35843
35843
35845
35845
35847
35849
35850
35847
35849
35850
35851
35851
35855
35855
35858
35858
35859
35859
35862
35862
35864
35864
35866
35815
35868
35869
35870
35871
35872
35873
35874
35875
35876
35877
35878
35879
35880
35881
35882
35883
35884
35885
35886
35887
35888
35889
35890
35891
35892
35893
35894
35895
35896
35897
35898
35899
35900
35901
35902
35903
35904
35905
35906
35907
35908
35909
35910
35911
35912
35913
35914
35915
35764
35917
35918
35919
35920
35921
35922
35923
35924
35925
35926
35927
35928
35929
35930
35931
35932
35933
35713
35935
35936
35936
35938
35939
35938
35939
35940
35943
35940
35943
35944
35944
35948
35949
35948
35950
35952
35953
35949
35950
35952
35953
35954
35954
35935
35961
35961
35962
35962
35964
35964
35967
35967
35969
35969
35970
35972
35973
35974
35975
35970
35976
35972
35973
35974
35975
35976
35978
35978
35960
35986
35987
35987
35989
35989
35990
35990
35992
35994
35995
35996
35992
35997
35999
35994
36000
36002
35995
35996
35997
35999
36000
36002
36003
36003
35986
36012
36012
36013
36013
36016
36017
36018
36016
36017
36019
36022
36023
36018
36019
36022
36024
36028
36029
36023
36024
36028
36029
36030
36030
36011
36036
36038
36039
36040
36041
36042
36043
36044
36045
36046
36047
36048
36049
36050
35985
36052
36053
36054
36055
36053
36054
36056
36059
36060
36055
36061
36056
36063
36065
36066
36059
36067
36060
36061
36063
36065
36066
36067
36069
36069
36052
36078
36078
36080
36080
36082
36082
36084
36084
36086
36087
36086
36088
36087
36088
36090
36090
36093
36093
36095
36095
36098
36098
36100
36100
36077
36103
36104
36104
36106
36107
36108
36106
36109
36111
36107
36112
36108
36114
36116
36117
36118
36109
36111
36112
36114
36116
36117
36118
36119
36119
36103
36129
36129
36131
36131
36132
36134
36135
36136
36137
36132
36138
36140
36134
36135
36136
36137
36141
36138
36146
36140
36141
36146
36148
36148
36128
36154
36153
36102
36157
36158
36158
36160
36160
36161
36161
36163
36163
36166
36166
36168
36168
36170
36170
36172
36172
36174
36175
36174
36176
36175
36176
36178
36178
36157
36183
36184
36185
36183
36186
36184
36185
36186
36188
36188
36193
36193
36195
36195
36197
36197
36198
36198
36201
36201
36202
36202
36205
36205
36182
36208
36209
36210
36211
36212
36213
36214
36215
36216
36217
36218
36219
36220
36221
36222
36223
36207
36225
36226
36227
36228
36229
36230
36231
36232
36233
36234
36235
35662
36237
36238
36238
36239
36239
36242
36242
36244
36244
36246
36247
36248
36246
36247
36249
36248
36249
36252
36255
36252
36255
36256
36256
36259
36259
36237
36263
36263
36265
36266
36265
36266
36267
36267
36270
36270
36272
36272
36274
36274
36277
36277
36279
36279
36280
36280
36283
36283
36285
36285
36262
36288
36289
36289
36290
36290
36293
36293
36294
36294
36296
36296
36298
36300
36301
36298
36302
36300
36304
36306
36301
36302
36304
36306
36307
36307
36288
36314
36314
36316
36317
36316
36318
36317
36318
36320
36320
36324
36324
36325
36325
36327
36327
36329
36329
36332
36332
36334
36334
36335
36335
36313
36339
36340
36340
36342
36342
36344
36344
36346
36346
36348
36349
36350
36348
36349
36350
36351
36351
36356
36356
36358
36358
36360
36360
36361
36361
36339
36365
36365
36367
36367
36368
36370
36368
36370
36371
36374
36375
36371
36376
36374
36375
36376
36378
36378
36383
36383
36384
36384
36387
36387
36364
36390
36391
36392
36393
36394
36395
36396
36397
36398
36399
36400
36401
36402
36403
36404
36405
36406
36407
36408
36409
36410
36411
36412
36413
36414
36415
36416
36417
36418
36419
36420
36421
36422
36423
36424
36425
36426
36427
36428
36429
36430
36431
36432
36433
36434
36435
36389
36437
36438
36439
36440
36438
36441
36443
36444
36439
36445
36440
36447
36449
36441
36450
36452
36443
36444
36445
36447
36449
36450
36452
36453
36453
36437
36463
36463
36465
36465
36467
36467
36469
36469
36471
36472
36471
36472
36473
36473
36477
36477
36479
36480
36479
36481
36480
36481
36483
36483
36487
36488
36338
36490
36491
36491
36493
36494
36493
36494
36495
36498
36499
36495
36500
36498
36502
36499
36500
36504
36507
36502
36504
36508
36507
36508
36511
36511
36490
36516
36516
36517
36517
36520
36520
36522
36522
36524
36524
36526
36527
36526
36528
36530
36531
36532
36527
36528
36530
36531
36532
36533
36533
36515
36541
36542
36542
36544
36544
36545
36545
36548
36548
36549
36551
36552
36553
36554
36549
36555
36557
36551
36552
36553
36554
36555
36557
36558
36558
36541
36567
36567
36569
36570
36571
36569
36572
36574
36575
36576
36577
36578
36570
36579
36571
36572
36574
36575
36576
36577
36578
36579
36581
36581
36566
36592
36593
36594
36593
36595
36597
36598
36599
36600
36594
36595
36597
36598
36601
36606
36599
36607
36600
36609
36601
36606
36607
36609
36611
36611
36592
36618
36619
36618
36620
36619
36620
36622
36622
36625
36625
36628
36628
36629
36629
36631
36631
36634
36635
36634
36636
36635
36636
36638
36638
36617
36643
36644
36645
36646
36647
36648
36649
36650
36651
36652
36653
36654
36642
36656
36657
36658
36659
36660
36661
36662
36663
36591
36665
36666
36667
36668
36669
36670
36671
36672
36673
36674
36675
36676
36540
36678
36679
36679
36681
36681
36683
36683
36685
36685
36687
36687
36688
36690
36691
36688
36692
36690
36691
36692
36694
36694
36698
36698
36700
36700
36678
36704
36704
36706
36707
36706
36708
36707
36710
36708
36712
36714
36715
36716
36717
36710
36718
36712
36714
36715
36716
36717
36718
36720
36720
36703
36729
36730
36731
36732
36733
36734
36735
36736
36737
36738
36739
36740
36741
36742
36743
36744
36745
36746
36747
36748
36749
36750
36751
36752
36753
36754
36755
36756
36757
36758
36759
36760
36761
36762
36763
36764
36765
36766
36767
36768
36769
36770
36771
36772
36773
36774
36775
36728
36777
36778
36778
36779
36781
36782
36783
36784
36785
36779
36781
36786
36789
36790
36791
36782
36783
36784
36785
36786
36789
36790
36791
36792
36792
36777
36803
36803
36805
36805
36807
36807
36808
36808
36810
36812
36810
36813
36815
36816
36812
36813
36815
36817
36821
36816
36817
36821
36822
36822
36802
36828
36829
36830
36829
36830
36831
36834
36835
36836
36837
36838
36839
36831
36834
36840
36843
36835
36836
36837
36838
36839
36840
36843
36844
36844
36828
36854
36854
36855
36855
36857
36857
36860
36861
36862
36863
36864
36865
36860
36866
36868
36861
36862
36863
36864
36865
36866
36868
36869
36869
36853
36879
36880
36881
36882
36883
36884
36885
36886
36887
36888
36889
36890
36891
36892
36893
36894
36895
36896
36878
36898
36899
36900
36901
36902
36903
36904
36905
36906
36907
36908
36909
36910
36911
36827
36913
36914
36915
36916
36917
36918
36919
36920
36921
36922
36923
36924
36925
36926
36927
36928
36929
36930
36931
36932
36933
36934
36935
36936
36937
36938
36939
36940
36941
36942
36943
36944
36945
36946
36287
36948
36949
36949
36951
36952
36951
36953
36952
36955
36953
36957
36955
36957
36959
36959
36962
36962
36965
36966
36967
36965
36966
36967
36968
36968
36948
36974
36974
36976
36977
36976
36978
36980
36981
36982
36977
36978
36980
36983
36987
36988
36989
36981
36982
36983
36987
36988
36989
36990
36990
36973
36999
37000
37001
37000
37002
37001
37004
37002
37006
37004
37006
37008
37008
37012
37012
37013
37013
37016
37017
37018
37016
37017
37018
37019
37019
36999
37025
37025
37027
37027
37029
37030
37031
37029
37030
37032
37031
37035
37037
37032
37035
37037
37038
37038
37043
37043
37045
37045
37047
37047
37024
37050
37051
37051
37052
37052
37054
37054
37056
37056
37059
37060
37061
37062
37059
37060
37061
37062
37063
37063
37069
37069
37070
37070
37073
37073
37050
37076
37076
37078
37079
37078
37079
37080
37080
37084
37084
37085
37085
37087
37089
37087
37090
37092
37089
37093
37090
37092
37093
37095
37095
37075
37101
37102
37103
37104
37105
37106
37107
37108
37109
37110
37111
37112
37113
37114
37115
37116
37117
37118
37119
37120
37121
37122
37123
37124
37125
37126
37127
37128
37100
37130
37131
37132
37133
37134
37135
37136
37137
37138
37139
37140
37141
37142
37143
37144
37049
37146
37147
37147
37149
37149
37151
37151
37153
37154
37153
37155
37154
37155
37157
37157
37161
37161
37162
37162
37165
37165
37167
37167
37168
37168
37146
37172
37172
37174
37174
37175
37175
37178
37178
37180
37180
37182
37183
37182
37184
37186
37187
37183
37184
37186
37188
37187
37188
37192
37192
37171
37197
37198
37198
37200
37200
37202
37202
37204
37204
37205
37205
37208
37208
37209
37209
37211
37213
37214
37215
37211
37213
37214
37215
37216
37216
37197
37223
37223
37225
37225
37226
37228
37226
37229
37231
37232
37233
37228
37229
37231
37232
37233
37234
37234
37241
37242
37241
37242
37243
37243
37222
37248
37249
37249
37251
37251
37253
37254
37255
37253
37254
37255
37256
37256
37261
37261
37262
37262
37265
37265
37266
37268
37266
37268
37269
37269
37248
37274
37274
37276
37276
37278
37278
37280
37280
37282
37282
37284
37285
37284
37285
37286
37286
37290
37291
37292
37290
37291
37292
37293
37293
37273
37299
37300
37300
37302
37302
37304
37304
37306
37306
37308
37308
37310
37310
37312
37312
37314
37315
37316
37317
37314
37315
37316
37317
37318
37318
37299
37325
37325
37326
37326
37329
37330
37329
37330
37331
37331
37335
37335
37336
37336
37338
37338
37341
37341
37342
37342
37345
37345
37347
37347
37324
37350
37351
37351
37353
37353
37355
37355
37357
37358
37359
37357
37358
37360
37363
37359
37360
37364
37363
37364
37367
37367
37371
37371
37373
37373
37350
37376
37376
37378
37378
37379
37381
37379
37381
37382
37382
37386
37386
37388
37388
37390
37391
37390
37391
37392
37392
37396
37396
37397
37397
37375
37401
37402
37403
37404
37405
37400
37349
37408
37409
37410
37411
37412
37413
37414
37415
37416
37417
37418
37419
37420
37421
37422
37423
37424
37425
37426
37427
37428
37429
37430
37431
37432
37433
37434
37435
37436
37298
37438
37439
37440
37441
37442
37443
37444
37445
37446
37447
37448
37449
37450
37451
37452
37453
37454
37455
37456
37457
37458
37459
37247
37461
37462
37463
37464
37465
37466
37467
37468
37469
37470
37471
37472
37473
37474
37475
37476
37477
37478
37479
37480
37481
37482
37196
37484
37485
37486
37487
37488
37489
37490
37491
37492
37493
37494
37495
37496
37497
37498
37499
37500
37501
37502
37503
37504
37505
37506
37507
37508
37509
37510
37511
36998
37513
37514
37514
37516
37517
37518
37519
37520
37516
37521
37523
37517
37524
37526
37518
37527
37519
37520
37521
37523
37524
37526
37527
37529
37529
37513
37539
37539
37541
37542
37541
37542
37543
37546
37543
37547
37549
37550
37551
37552
37553
37546
37547
37549
37550
37551
37552
37553
37554
37554
37538
37564
37565
37565
37567
37567
37569
37570
37571
37569
37572
37574
37575
37576
37577
37570
37571
37572
37574
37578
37575
37576
37577
37578
37583
37583
37564
37590
37590
37592
37592
37594
37594
37596
37596
37597
37597
37600
37600
37602
37602
37604
37604
37605
37605
37608
37608
37609
37609
37611
37611
37589
37615
37616
37616
37617
37617
37619
37619
37622
37623
37624
37622
37623
37625
37624
37628
37630
37631
37632
37625
37628
37630
37631
37632
37633
37633
37615
37641
37641
37643
37643
37644
37646
37647
37644
37646
37648
37651
37647
37652
37654
37655
37648
37656
37651
37652
37654
37655
37656
37658
37658
37640
37666
37667
37668
37669
37670
37671
37672
37673
37674
37675
37676
37677
37678
37679
37680
37681
37682
37683
37684
37685
37686
37687
37688
37689
37690
37691
37692
37693
37694
37695
37665
37697
37698
37698
37700
37700
37701
37701
37704
37704
37706
37707
37708
37706
37707
37709
37712
37708
37713
37709
37715
37712
37713
37715
37717
37717
37697
37723
37723
37725
37726
37727
37728
37725
37726
37727
37729
37733
37734
37728
37729
37735
37733
37734
37735
37738
37738
37742
37742
37745
37745
37722
37747
37614
37750
37751
37751
37753
37753
37755
37756
37757
37755
37758
37756
37760
37757
37762
37764
37765
37766
37758
37760
37762
37764
37765
37766
37767
37767
37750
37776
37777
37778
37779
37780
37776
37777
37781
37778
37779
37780
37781
37784
37784
37789
37789
37791
37791
37794
37794
37796
37796
37798
37798
37775
37801
37802
37803
37804
37805
37806
37807
37808
37809
37810
37811
37812
37813
37814
37815
37816
37817
37818
37819
37820
37821
37822
37823
37824
37825
37826
37827
37800
37829
37830
37830
37832
37832
37834
37834
37835
37835
37838
37838
37840
37840
37842
37842
37844
37844
37845
37845
37848
37848
37850
37850
37851
37851
37829
37855
37855
37857
37857
37859
37859
37861
37861
37862
37862
37865
37866
37867
37868
37869
37865
37870
37866
37867
37868
37869
37870
37872
37872
37854
37880
37881
37882
37881
37882
37883
37886
37887
37883
37888
37886
37890
37892
37893
37894
37895
37887
37888
37890
37892
37893
37894
37895
37896
37896
37880
37906
37907
37906
37908
37907
37910
37908
37912
37914
37910
37915
37917
37912
37918
37920
37914
37921
37915
37917
37918
37920
37921
37923
37923
37905
37931
37932
37932
37933
37935
37933
37935
37936
37936
37940
37940
37941
37941
37944
37944
37946
37947
37948
37949
37946
37947
37948
37949
37950
37950
37931
37957
37957
37959
37959
37961
37961
37963
37964
37965
37963
37966
37964
37965
37968
37966
37968
37971
37971
37975
37975
37976
37976
37979
37979
37956
37982
37983
37984
37985
37986
37987
37988
37989
37990
37991
37992
37993
37994
37995
37996
37997
37998
37999
38000
38001
38002
38003
38004
38005
38006
38007
38008
38009
38010
38011
37981
38013
38014
38015
38016
38017
38018
38019
38020
38021
38022
38023
38024
38025
38026
38027
38028
38029
38030
38031
38032
38033
38034
38035
38036
38037
38038
38039
38040
38041
38042
38043
38044
38045
38046
37930
38048
38049
38049
38050
38052
38050
38052
38053
38053
38057
38057
38059
38059
38060
38060
38063
38064
38065
38066
38063
38064
38065
38066
38067
38067
38048
38074
38074
38076
38077
38076
38078
38080
38081
38077
38078
38082
38085
38086
38087
38088
38080
38081
38082
38085
38086
38087
38088
38089
38089
38073
38099
38100
38101
38102
38103
38104
38105
38106
38107
38108
38109
38110
38111
38112
38113
38114
38115
38116
38117
38118
38119
38120
38121
38122
38123
38124
38125
38126
38098
38128
38129
38130
38131
38132
38133
38134
38135
38136
38137
38138
38139
37879
38141
38142
38142
38144
38145
38144
38145
38146
38146
38150
38150
38151
38151
38154
38154
38155
38155
38157
38157
38160
38160
38161
38161
38164
38164
38141
38167
38168
38167
38169
38168
38169
38171
38171
38174
38174
38177
38177
38179
38180
38181
38179
38182
38180
38184
38181
38182
38184
38186
38186
38166
38192
38193
38194
38195
38196
38197
38198
38199
38200
38201
38202
38203
38204
38205
38206
38207
38208
38209
38210
38211
38212
38213
38214
38191
38216
38217
38217
38219
38219
38220
38220
38223
38224
38225
38226
38223
38227
38224
38229
38231
38232
38225
38226
38227
38229
38231
38232
38233
38233
38216
38242
38243
38242
38244
38243
38244
38246
38246
38250
38250
38251
38251
38254
38254
38256
38257
38256
38257
38258
38258
38262
38262
38263
38263
38241
38267
38268
38269
38270
38271
38272
38273
38274
38275
38276
38277
38278
38279
38280
38281
38282
38283
38284
38285
38286
38287
38288
38289
38290
38291
38292
38293
38294
38295
38296
38297
38298
38299
38300
38266
38302
38303
38304
38305
38306
38307
38308
38309
38310
38311
38312
38313
38314
38315
38316
38317
38318
38319
37563
38321
38322
38322
38323
38325
38323
38325
38326
38326
38330
38330
38332
38333
38332
38333
38334
38337
38338
38339
38334
38337
38338
38339
38340
38340
38321
38347
38348
38347
38349
38348
38351
38353
38354
38355
38349
38351
38353
38356
38354
38360
38355
38362
38364
38356
38360
38362
38364
38365
38365
38346
38372
38373
38374
38375
38376
38371
38378
38379
38380
38381
35611
38383
38384
38385
38386
38387
38388
38384
38385
38389
38392
38386
38393
38395
38396
38397
38387
38388
38389
38392
38393
38395
38396
38397
38398
38398
38383
38409
38409
38411
38411
38413
38414
38413
38414
38415
38418
38419
38415
38418
38419
38420
38420
38425
38425
38427
38427
38428
38428
38431
38431
38408
38434
38435
38436
38437
38438
38439
38440
38441
38442
38443
38444
38445
38446
38447
38448
38449
38450
38451
38452
38453
38454
38455
38456
38457
38458
38459
38460
38461
38462
38463
38464
38465
38466
38467
38468
38433
38470
38471
38471
38473
38473
38475
38475
38477
38477
38478
38478
38481
38481
38482
38482
38484
38484
38487
38487
38489
38490
38489
38490
38491
38491
38470
38496
38496
38497
38497
38500
38500
38502
38502
38503
38503
38506
38506
38507
38507
38510
38510
38512
38512
38514
38514
38516
38516
38517
38517
38495
38521
38522
38522
38524
38525
38524
38526
38528
38529
38530
38525
38526
38531
38528
38534
38536
38529
38537
38530
38531
38534
38536
38537
38539
38539
38521
38547
38547
38549
38549
38551
38551
38553
38553
38554
38554
38556
38556
38559
38559
38561
38561
38563
38563
38565
38566
38565
38566
38567
38567
38546
38572
38573
38574
38575
38576
38577
38578
38579
38580
38573
38581
38574
38575
38583
38586
38576
38577
38578
38579
38580
38581
38583
38586
38587
38587
38572
38598
38599
38598
38600
38599
38602
38600
38604
38602
38604
38606
38606
38609
38609
38611
38613
38614
38611
38613
38614
38615
38615
38619
38619
38597
38623
38624
38625
38626
38627
38628
38629
38630
38624
38631
38625
38626
38633
38636
38637
38627
38628
38629
38630
38631
38633
38636
38637
38638
38638
38623
38649
38649
38650
38650
38653
38653
38654
38654
38657
38657
38658
38658
38661
38661
38662
38662
38665
38665
38667
38667
38669
38669
38671
38671
38673
38622
38675
38676
38676
38678
38679
38678
38680
38682
38679
38683
38685
38680
38682
38683
38686
38685
38686
38690
38690
38693
38693
38696
38696
38698
38698
38675
38701
38702
38703
38704
38701
38702
38703
38705
38709
38704
38710
38705
38709
38712
38710
38712
38715
38715
38718
38718
38721
38721
38722
38722
38700
38726
38727
38727
38728
38728
38731
38731
38732
38732
38735
38735
38737
38737
38739
38739
38741
38742
38743
38744
38741
38742
38743
38744
38745
38745
38726
38752
38752
38753
38755
38756
38753
38757
38755
38756
38759
38757
38759
38762
38765
38766
38767
38762
38768
38765
38766
38767
38768
38770
38770
38776
38777
38778
38725
38780
38781
38781
38782
38782
38785
38786
38785
38787
38786
38789
38787
38791
38793
38794
38789
38791
38793
38795
38794
38795
38799
38799
38803
38803
38780
38806
38806
38807
38807
38810
38810
38812
38812
38813
38813
38815
38817
38815
38817
38818
38818
38822
38822
38824
38825
38824
38825
38826
38826
38805
38831
38832
38833
38834
38835
38836
38837
38838
38830
38840
38841
38842
38843
38841
38842
38843
38844
38844
38849
38850
38849
38850
38851
38851
38854
38854
38856
38858
38856
38859
38858
38859
38861
38861
38840
38866
38866
38867
38867
38870
38870
38872
38872
38873
38873
38876
38877
38878
38876
38877
38878
38879
38879
38884
38884
38885
38885
38887
38887
38865
38890
38892
38571
38894
38895
38895
38897
38897
38898
38898
38901
38902
38903
38901
38904
38906
38907
38908
38909
38902
38903
38904
38906
38907
38908
38909
38910
38910
38894
38920
38920
38921
38923
38921
38923
38924
38924
38927
38927
38929
38929
38931
38931
38933
38933
38936
38936
38938
38938
38940
38940
38941
38941
38919
38945
38946
38947
38948
38949
38946
38950
38952
38953
38954
38955
38947
38956
38948
38949
38958
38950
38952
38953
38954
38955
38956
38958
38961
38961
38945
38971
38971
38973
38973
38975
38975
38977
38978
38977
38979
38978
38981
38983
38979
38984
38981
38983
38986
38984
38989
38986
38989
38991
38991
38970
38996
38997
38998
38999
39000
39001
39002
39003
39004
39005
39006
39007
39008
39009
39010
39011
39012
39013
39014
39015
39016
39017
39018
38995
39020
39021
39021
39022
39022
39024
39026
39024
39026
39027
39027
39030
39030
39033
39034
39033
39035
39034
39035
39037
39037
39041
39041
39042
39042
39020
39046
39047
39048
39046
39047
39049
39048
39049
39052
39052
39056
39056
39058
39059
39058
39060
39062
39059
39060
39062
39063
39063
39068
39068
39045
39071
39072
39073
39074
39075
39076
39077
39078
39079
39080
39070
39082
38944
39084
39085
39085
39086
39088
39089
39090
39086
39091
39088
39093
39095
39096
39089
39090
39097
39091
39093
39100
39095
39096
39097
39100
39103
39103
39084
39110
39110
39111
39113
39114
39115
39111
39113
39116
39119
39114
39120
39122
39115
39116
39119
39120
39122
39123
39123
39129
39129
39131
39131
39109
39135
39136
39137
39138
39139
39140
39141
39142
39143
39144
39145
39146
39147
39148
39149
39150
39151
39152
39153
39154
39155
39156
39157
39158
39159
39160
39161
39162
39134
39164
39165
39166
39167
39165
39168
39166
39170
39172
39167
39168
39173
39176
39177
39170
39172
39173
39176
39178
39183
39177
39178
39183
39184
39184
39164
39190
39190
39192
39192
39193
39193
39195
39195
39198
39198
39199
39201
39202
39199
39201
39203
39202
39206
39208
39203
39206
39208
39209
39209
39189
39215
39216
39214
39218
39219
39220
39221
39222
39223
39224
39225
39226
39227
39228
39229
39230
39231
39232
39233
39234
39235
39236
39237
39238
39239
39240
38520
39242
39243
39243
39244
39246
39244
39246
39247
39250
39251
39252
39253
39254
39247
39255
39257
39250
39251
39252
39253
39254
39255
39257
39258
39258
39242
39268
39268
39270
39271
39272
39273
39270
39271
39274
39277
39278
39279
39280
39272
39273
39274
39277
39281
39278
39279
39280
39281
39286
39286
39267
39293
39294
39295
39292
39297
39298
35560
39300
39301
39302
39301
39302
39303
39306
39307
39308
39309
39303
39310
39312
39313
39314
39306
39307
39308
39309
39310
39312
39313
39314
39315
39315
39300
39326
39326
39328
39329
39328
39329
39330
39330
39334
39334
39336
39336
39338
39338
39339
39339
39342
39343
39344
39342
39343
39344
39345
39345
39325
39351
39352
39352
39353
39353
39355
39357
39355
39357
39358
39358
39361
39361
39364
39364
39366
39366
39368
39368
39369
39371
39369
39371
39372
39372
39351
39377
39377
39378
39378
39381
39381
39383
39383
39385
39385
39387
39387
39389
39389
39391
39391
39393
39393
39394
39394
39396
39396
39399
39399
39376
39402
39403
39403
39404
39404
39407
39407
39409
39409
39411
39411
39413
39413
39414
39414
39416
39416
39419
39419
39420
39422
39420
39422
39423
39423
39402
39428
39429
39428
39430
39432
39433
39429
39430
39434
39432
39437
39433
39439
39441
39434
39437
39442
39445
39439
39441
39442
39445
39446
39446
39427
39453
39454
39455
39454
39455
39456
39459
39460
39456
39461
39463
39464
39459
39465
39460
39461
39467
39470
39463
39464
39465
39467
39470
39471
39471
39453
39479
39480
39481
39479
39482
39480
39484
39486
39487
39481
39488
39482
39490
39484
39492
39486
39494
39487
39488
39490
39492
39494
39496
39496
39478
39504
39505
39505
39506
39506
39508
39508
39511
39512
39511
39512
39513
39513
39517
39517
39518
39518
39521
39522
39523
39521
39522
39523
39524
39524
39504
39530
39530
39532
39533
39532
39533
39534
39534
39538
39538
39539
39539
39542
39542
39544
39544
39546
39546
39547
39547
39550
39550
39552
39552
39529
39555
39556
39556
39558
39558
39560
39560
39562
39563
39562
39563
39564
39564
39568
39568
39570
39571
39570
39571
39572
39572
39575
39575
39578
39578
39555
39581
39581
39583
39583
39584
39584
39587
39587
39589
39589
39590
39592
39593
39590
39594
39596
39592
39597
39593
39594
39596
39597
39599
39599
39580
39606
39607
39608
39609
39607
39608
39609
39610
39610
39615
39615
39616
39616
39619
39620
39619
39621
39620
39623
39625
39621
39623
39625
39626
39626
39606
39632
39632
39633
39633
39636
39636
39638
39639
39640
39638
39639
39640
39641
39641
39645
39645
39648
39648
39650
39650
39652
39652
39653
39653
39631
39657
39658
39659
39660
39661
39662
39663
39664
39665
39666
39667
39668
39669
39670
39671
39672
39673
39674
39675
39676
39677
39678
39679
39680
39681
39682
39683
39684
39685
39686
39687
39656
39689
39690
39691
39692
39693
39694
39695
39696
39697
39698
39699
39700
39701
39702
39703
39704
39705
39706
39707
39708
39709
39710
39711
39712
39713
39714
39715
39716
39717
39718
39719
39720
39721
39722
39723
39724
39725
39726
39727
39728
39729
39730
39731
39732
39733
39734
39605
39736
39737
39738
39739
39740
39741
39742
39743
39744
39745
39746
39747
39748
39749
39750
39751
39752
39753
39754
39755
39756
39757
39758
39759
39760
39761
39762
39763
39764
39765
39766
39767
39768
39769
39770
39771
39772
39773
39774
39775
39776
39777
39778
39779
39780
39781
39782
39783
39784
39785
39554
39787
39788
39789
39790
39791
39792
39793
39794
39795
39796
39797
39798
39799
39800
39801
39802
39803
39804
39805
39806
39807
39808
39809
39810
39811
39812
39813
39814
39815
39816
39817
39818
39819
39820
39821
39822
39823
39824
39825
39826
39827
39828
39829
39503
39831
39832
39832
39833
39833
39836
39836
39838
39838
39840
39841
39842
39840
39843
39845
39846
39841
39842
39847
39843
39845
39846
39847
39850
39850
39831
39857
39857
39858
39858
39860
39860
39863
39863
39865
39866
39867
39868
39865
39866
39869
39872
39873
39867
39868
39869
39872
39873
39874
39874
39856
39882
39883
39883
39884
39884
39887
39887
39889
39889
39891
39892
39893
39894
39891
39895
39892
39897
39899
39893
39894
39895
39897
39899
39900
39900
39882
39908
39908
39909
39909
39912
39912
39914
39914
39916
39916
39918
39918
39919
39921
39919
39922
39921
39922
39924
39924
39928
39928
39929
39929
39907
39933
39932
39935
39936
39936
39938
39938
39940
39941
39942
39943
39944
39945
39940
39941
39942
39943
39946
39951
39944
39952
39945
39946
39951
39952
39954
39954
39935
39961
39961
39963
39963
39964
39966
39967
39964
39966
39968
39971
39967
39972
39974
39968
39971
39975
39978
39972
39974
39975
39978
39979
39979
39960
39986
39987
39988
39989
39990
39991
39992
39993
39994
39995
39996
39997
39998
39999
40000
40001
40002
40003
40004
40005
40006
40007
40008
40009
39985
40011
40012
40013
40012
40013
40014
40017
40014
40017
40018
40018
40022
40022
40024
40024
40026
40026
40027
40027
40030
40031
40030
40031
40032
40032
40011
40037
40037
40039
40039
40041
40041
40043
40043
40044
40044
40046
40046
40049
40049
40051
40051
40052
40054
40052
40054
40055
40055
40058
40058
40036
40062
40063
40064
40065
40066
40067
40068
40069
40070
40071
40061
39881
40074
40075
40076
40077
40078
40079
40080
40081
40082
40083
40084
40085
40086
40087
40088
39452
40090
40091
40092
40091
40093
40092
40093
40095
40095
40099
40099
40101
40101
40103
40103
40104
40106
40104
40106
40107
40107
40111
40111
40113
40113
40090
40116
40116
40118
40119
40118
40119
40120
40120
40124
40124
40126
40126
40128
40128
40129
40129
40131
40133
40131
40134
40133
40134
40136
40136
40115
40141
40142
40142
40143
40145
40146
40143
40147
40149
40145
40150
40152
40146
40147
40153
40156
40157
40149
40150
40152
40153
40156
40157
40158
40158
40141
40167
40167
40169
40169
40170
40170
40173
40174
40173
40175
40177
40174
40178
40175
40177
40178
40180
40184
40185
40180
40184
40185
40186
40186
40166
40192
40193
40194
40195
40193
40196
40194
40198
40200
40195
40201
40203
40196
40204
40198
40200
40206
40209
40201
40203
40204
40206
40209
40210
40210
40192
40218
40218
40219
40221
40222
40223
40219
40221
40224
40222
40227
40223
40224
40227
40229
40229
40233
40235
40233
40236
40235
40236
40238
40238
40217
40243
40244
40245
40246
40247
40248
40249
40250
40251
40252
40253
40254
40255
40256
40257
40258
40259
40260
40261
40262
40263
40264
40265
40266
40267
40268
40269
40270
40242
40272
40273
40273
40274
40274
40277
40278
40279
40277
40278
40280
40283
40284
40279
40285
40287
40280
40288
40283
40284
40285
40287
40288
40290
40290
40272
40298
40298
40299
40299
40301
40303
40304
40301
40305
40303
40307
40309
40310
40304
40305
40311
40314
40307
40309
40310
40311
40314
40315
40315
40297
40323
40324
40325
40326
40327
40324
40328
40325
40326
40330
40327
40333
40328
40330
40335
40338
40333
40339
40335
40341
40338
40339
40341
40343
40343
40323
40349
40349
40351
40351
40352
40352
40355
40355
40357
40357
40359
40360
40359
40360
40361
40361
40364
40364
40367
40367
40369
40369
40370
40370
40348
40374
40373
40376
40377
40378
40379
40322
40381
40382
40383
40384
40385
40386
40387
40388
40191
40390
40391
40391
40393
40393
40394
40394
40396
40396
40398
40398
40401
40402
40403
40404
40401
40402
40403
40404
40405
40410
40405
40410
40411
40411
40390
40416
40416
40418
40418
40419
40419
40421
40421
40424
40425
40426
40427
40424
40428
40425
40426
40430
40427
40428
40433
40430
40433
40436
40436
40415
40441
40442
40442
40443
40443
40446
40447
40446
40447
40448
40448
40452
40453
40452
40453
40454
40454
40458
40458
40459
40459
40462
40462
40463
40463
40441
40467
40467
40469
40469
40471
40472
40473
40474
40471
40472
40475
40473
40474
40475
40478
40478
40482
40484
40482
40484
40485
40485
40488
40488
40491
40492
40493
40493
40494
40494
40497
40497
40498
40498
40501
40501
40503
40503
40504
40504
40507
40507
40509
40510
40509
40511
40510
40511
40513
40513
40492
40518
40518
40519
40519
40521
40521
40523
40525
40526
40523
40527
40525
40529
40526
40531
40533
40527
40534
40529
40531
40533
40534
40536
40536
40517
40543
40544
40545
40546
40542
40548
40549
40550
40551
40440
40553
40554
40555
40554
40555
40556
40556
40560
40560
40562
40563
40564
40565
40566
40562
40563
40567
40570
40564
40565
40566
40567
40570
40571
40571
40553
40579
40580
40579
40581
40583
40580
40584
40586
40587
40581
40583
40584
40586
40587
40588
40588
40594
40594
40597
40597
40599
40599
40600
40600
40578
40604
40605
40606
40607
40608
40603
40610
40611
40612
40613
40614
40615
40616
40617
40618
40619
40620
40621
40622
40623
40624
40625
40626
40627
40628
40629
40630
40631
40632
40633
40634
40635
40636
40637
40638
40639
40640
40641
40642
40643
40644
40645
40646
40647
40648
40140
40650
40651
40652
40653
40651
40652
40654
40657
40653
40658
40660
40661
40662
40663
40664
40654
40657
40658
40660
40661
40662
40663
40664
40665
40665
40650
40676
40676
40677
40677
40680
40680
40681
40681
40684
40684
40686
40686
40688
40689
40690
40688
40689
40690
40691
40691
40696
40696
40698
40698
40675
40701
40702
40703
40704
40705
40706
40707
40708
40709
40710
40711
40712
40713
40714
40715
40716
40717
40718
40719
40720
40721
40722
40723
40724
40725
40726
40727
40728
40729
40730
40731
40732
40733
40734
40735
40736
40737
40738
40739
40740
40741
40742
40743
40744
40745
40746
40700
40748
40749
40749
40750
40750
40753
40753
40755
40756
40755
40757
40756
40759
40757
40759
40761
40761
40764
40764
40766
40766
40769
40769
40770
40770
40748
40774
40774
40776
40776
40778
40778
40780
40781
40780
40782
40784
40781
40782
40785
40784
40788
40790
40791
40785
40788
40790
40791
40792
40792
40773
40798
40800
40801
39401
40803
40804
40805
40804
40806
40808
40805
40806
40809
40808
40812
40809
40814
40816
40812
40817
40814
40816
40819
40817
40822
40819
40822
40824
40824
40803
40829
40830
40829
40830
40831
40831
40834
40836
40837
40838
40839
40840
40834
40841
40836
40843
40837
40838
40839
40840
40841
40843
40845
40845
40828
40854
40855
40856
40857
40858
40859
40855
40856
40860
40863
40857
40858
40859
40864
40868
40860
40863
40869
40872
40864
40868
40869
40872
40873
40873
40854
40880
40880
40882
40882
40883
40883
40886
40887
40888
40886
40889
40887
40888
40889
40891
40891
40895
40897
40898
40895
40897
40898
40899
40899
40879
40905
40906
40906
40908
40908
40910
40910
40911
40911
40914
40914
40916
40916
40918
40918
40920
40920
40922
40922
40924
40924
40926
40926
40927
40927
40905
40931
40931
40933
40934
40935
40933
40936
40938
40934
40939
40941
40935
40936
40938
40939
40942
40941
40942
40947
40947
40951
40951
40952
40952
40930
40956
40957
40958
40959
40960
40961
40962
40963
40964
40965
40966
40967
40968
40969
40970
40971
40972
40973
40974
40975
40976
40977
40978
40979
40980
40981
40982
40983
40984
40985
40986
40987
40988
40989
40990
40955
40992
40993
40993
40995
40995
40997
40997
40999
40999
41000
41000
41003
41003
41005
41005
41007
41007
41009
41009
41010
41010
41012
41012
41015
41015
40992
41018
41018
41020
41021
41020
41022
41021
41024
41022
41026
41028
41029
41024
41030
41032
41026
41033
41028
41029
41030
41032
41033
41035
41035
41017
41043
41044
41045
41046
41044
41045
41046
41047
41047
41052
41052
41054
41054
41056
41056
41057
41059
41060
41061
41057
41059
41060
41061
41062
41062
41043
41069
41069
41070
41070
41073
41073
41074
41074
41076
41076
41078
41080
41081
41082
41078
41083
41080
41081
41085
41082
41083
41085
41088
41088
41068
41094
41093
41096
41097
41098
41099
41100
41101
41102
41103
41104
41105
41106
41107
41108
41109
41042
41111
41112
41113
41114
41115
41116
41117
41118
41119
41120
41121
41122
41123
40904
41125
41126
41126
41127
41127
41130
41130
41132
41132
41134
41134
41135
41135
41138
41138
41140
41140
41142
41143
41144
41142
41143
41144
41145
41145
41125
41151
41152
41151
41153
41155
41156
41152
41153
41157
41160
41161
41162
41163
41164
41155
41156
41157
41160
41161
41162
41163
41164
41165
41165
41150
41176
41177
41178
41179
41180
41181
41182
41183
41184
41185
41186
41187
41188
41189
41190
41191
41192
41193
41194
41195
41196
41197
41198
41199
41200
41201
41202
41203
41204
41205
41175
41207
41208
41208
41210
41210
41212
41213
41214
41212
41213
41214
41215
41215
41219
41219
41221
41221
41224
41224
41225
41227
41225
41227
41228
41228
41207
41233
41234
41235
41236
41237
41233
41234
41238
41241
41235
41242
41236
41244
41246
41237
41238
41247
41241
41242
41244
41246
41247
41250
41250
41232
41258
41259
41260
41261
41262
41263
41264
41265
41266
41267
41268
41269
41270
41271
41272
41273
41274
41275
41276
41277
41278
41279
41280
41281
41282
41283
41284
41285
41286
41287
41288
41289
41290
41291
41292
41293
41294
41295
41296
41297
41298
41299
41300
41301
41302
41303
41304
41257
41306
41307
41307
41309
41309
41310
41312
41313
41310
41312
41314
41313
41314
41317
41317
41321
41321
41322
41324
41325
41322
41324
41325
41326
41326
41306
41332
41332
41334
41334
41336
41336
41337
41339
41340
41341
41337
41339
41342
41340
41345
41347
41348
41341
41342
41345
41347
41348
41349
41349
41331
41357
41358
41359
41360
41361
41362
41363
41364
41365
41366
41367
41368
41369
41370
41371
41356
41373
41374
41375
41376
41377
41378
41379
41380
41381
41382
41383
40853
41385
41386
41386
41388
41388
41389
41389
41392
41392
41394
41394
41396
41397
41396
41398
41397
41398
41400
41400
41404
41405
41404
41405
41406
41406
41385
41411
41411
41413
41413
41414
41414
41417
41417
41418
41418
41420
41422
41423
41420
41422
41424
41427
41428
41423
41424
41427
41428
41429
41429
41410
41436
41437
41437
41439
41440
41439
41441
41443
41444
41445
41446
41440
41441
41447
41450
41451
41443
41444
41445
41446
41447
41450
41451
41452
41452
41436
41462
41462
41464
41464
41465
41465
41468
41468
41469
41469
41471
41471
41474
41474
41476
41476
41478
41478
41480
41481
41480
41481
41482
41482
41461
41487
41488
41489
41490
41491
41492
41493
41494
41495
41496
41497
41498
41499
41500
41501
41502
41503
41504
41505
41506
41507
41508
41509
41510
41511
41512
41513
41514
41515
41486
41517
41518
41519
41520
41521
41522
41523
41524
41525
41526
41527
41528
41529
41530
41531
41532
41533
41534
41535
41536
41537
41538
41435
41540
41541
41541
41542
41542
41544
41546
41547
41548
41544
41546
41547
41548
41549
41549
41554
41556
41557
41558
41554
41556
41557
41558
41559
41559
41540
41566
41567
41568
41566
41569
41571
41567
41572
41574
41568
41575
41577
41578
41579
41569
41571
41572
41574
41575
41577
41578
41579
41580
41580
41565
41591
41592
41592
41593
41593
41596
41596
41597
41597
41600
41600
41602
41602
41604
41605
41606
41604
41607
41605
41606
41607
41609
41609
41613
41613
41591
41617
41618
41619
41617
41620
41622
41618
41623
41619
41620
41622
41623
41625
41625
41631
41631
41633
41633
41634
41634
41637
41637
41639
41639
41616
41642
41643
41643
41644
41646
41647
41644
41646
41648
41647
41648
41651
41654
41651
41654
41655
41655
41659
41660
41661
41659
41660
41661
41662
41662
41642
41668
41668
41670
41671
41670
41671
41672
41672
41676
41676
41677
41677
41680
41680
41681
41681
41684
41685
41684
41685
41686
41686
41689
41689
41667
41693
41694
41695
41696
41697
41698
41699
41700
41701
41702
41703
41704
41705
41706
41707
41708
41709
41710
41711
41692
41713
41714
41715
41716
41717
41718
41719
41720
41721
41722
41723
41724
41725
41726
41727
41728
41641
41730
41731
41731
41733
41734
41733
41735
41737
41738
41739
41740
41734
41735
41737
41738
41739
41741
41747
41740
41748
41741
41747
41748
41750
41750
41730
41756
41756
41758
41758
41760
41760
41762
41762
41764
41764
41765
41767
41768
41765
41767
41768
41769
41769
41773
41775
41773
41775
41776
41776
41755
41781
41782
41783
41784
41785
41786
41787
41788
41789
41790
41791
41792
41793
41780
41795
41796
41797
41798
41799
41800
41801
41802
41803
41804
41805
41806
41807
41808
41809
41810
41811
41812
41813
41814
41815
41816
41817
41818
41819
41820
41821
41822
41823
41824
41825
41590
41827
41828
41828
41830
41831
41832
41830
41831
41832
41833
41837
41838
41839
41833
41837
41840
41843
41844
41838
41839
41840
41843
41844
41845
41845
41827
41853
41853
41855
41855
41857
41857
41859
41860
41861
41859
41860
41861
41862
41862
41867
41867
41868
41868
41871
41872
41871
41872
41873
41873
41852
41878
41879
41880
41881
41882
41883
41884
41885
41886
41887
41888
41889
41890
41891
41892
41893
41894
41895
41896
41897
41898
41899
41900
41901
41902
41903
41904
41877
41906
41907
41907
41909
41910
41909
41911
41910
41913
41915
41916
41917
41911
41918
41913
41920
41915
41922
41916
41917
41918
41920
41922
41924
41924
41906
41932
41933
41934
41932
41933
41934
41935
41935
41939
41939
41941
41943
41941
41943
41944
41944
41948
41949
41950
41948
41949
41950
41951
41951
41931
41957
41958
41959
41960
41961
41962
41963
41964
41965
41956
39350
41968
41969
41969
41971
41972
41971
41972
41973
41973
41977
41977
41979
41979
41980
41980
41983
41984
41985
41983
41986
41984
41985
41986
41988
41988
41968
41994
41995
41996
41997
41994
41998
41995
41996
42000
42003
42004
42005
41997
41998
42006
42009
42000
42003
42004
42005
42006
42009
42010
42010
41993
42019
42020
42020
42021
42023
42024
42021
42023
42025
42024
42025
42028
42028
42032
42033
42032
42033
42034
42034
42038
42039
42038
42039
42040
42040
42019
42045
42045
42046
42046
42049
42049
42050
42050
42053
42053
42055
42055
42057
42057
42059
42059
42061
42062
42063
42061
42062
42063
42064
42064
42044
42070
42071
42071
42072
42072
42074
42074
42076
42076
42078
42078
42081
42081
42082
42082
42085
42085
42086
42086
42089
42090
42089
42090
42091
42091
42070
42096
42096
42098
42098
42099
42099
42102
42103
42102
42104
42106
42107
42103
42104
42106
42108
42112
42113
42107
42108
42112
42113
42114
42114
42095
42121
42122
42122
42124
42124
42126
42126
42127
42127
42130
42130
42132
42133
42134
42135
42132
42136
42138
42133
42134
42135
42136
42138
42139
42139
42121
42147
42147
42149
42150
42149
42150
42151
42151
42155
42155
42156
42156
42159
42159
42160
42160
42163
42164
42165
42163
42164
42165
42166
42166
42146
42171
42120
42174
42175
42176
42177
42178
42179
42180
42181
42182
42183
42184
42185
42186
42187
42188
42189
42190
42191
42069
42193
42194
42194
42196
42197
42198
42196
42199
42201
42202
42203
42204
42197
42198
42205
42199
42208
42201
42202
42203
42204
42205
42208
42210
42210
42193
42219
42219
42220
42220
42222
42222
42225
42226
42227
42228
42229
42225
42226
42227
42230
42234
42235
42228
42229
42230
42234
42235
42236
42236
42218
42244
42245
42246
42247
42248
42249
42250
42251
42252
42253
42254
42255
42256
42257
42258
42259
42260
42261
42262
42243
42264
42265
42266
42267
42268
42269
42270
42271
42272
42273
42274
42275
42276
42277
42278
42279
42280
42281
42282
42283
42284
42285
42286
42287
42288
42289
42290
42291
42018
42293
42294
42295
42296
42297
42298
42299
42300
42301
42302
42303
42304
42305
42306
42307
42308
42309
42310
42311
42312
42313
42314
42315
42316
42317
42318
42319
42320
42321
42322
42323
42324
42325
42326
42327
42328
42329
42330
42331
42332
42333
42334
42335
35509
42337
42338
42338
42339
42341
42339
42341
42342
42342
42345
42345
42348
42348
42350
42350
42351
42351
42354
42355
42356
42354
42355
42356
42357
42357
42337
42363
42364
42363
42365
42367
42364
42368
42365
42370
42372
42367
42373
42368
42370
42375
42372
42373
42378
42381
42375
42378
42381
42382
42382
42362
42388
42389
42389
42391
42391
42393
42393
42395
42396
42397
42395
42396
42397
42398
42402
42398
42403
42405
42402
42403
42406
42405
42406
42409
42409
42388
42414
42414
42416
42416
42418
42418
42419
42419
42422
42422
42424
42424
42426
42426
42428
42428
42430
42430
42431
42431
42433
42433
42436
42436
42413
42439
42440
42441
42442
42443
42444
42445
42446
42447
42448
42449
42450
42451
42452
42453
42454
42455
42456
42457
42458
42459
42460
42461
42462
42463
42464
42465
42466
42467
42468
42469
42470
42471
42472
42473
42474
42475
42476
42477
42478
42479
42480
42481
42482
42483
42484
42485
42486
42438
42488
42489
42489
42491
42491
42493
42494
42493
42494
42495
42498
42495
42498
42499
42502
42499
42502
42503
42503
42507
42507
42509
42509
42511
42511
42488
42514
42515
42516
42517
42514
42515
42516
42517
42518
42518
42524
42525
42524
42525
42526
42529
42530
42531
42526
42529
42530
42531
42532
42532
42513
42539
42540
42540
42542
42543
42542
42544
42543
42544
42546
42546
42550
42550
42551
42551
42554
42555
42554
42556
42558
42555
42556
42558
42559
42559
42539
42565
42565
42567
42567
42569
42569
42571
42571
42572
42574
42575
42572
42576
42578
42574
42579
42581
42575
42576
42578
42579
42581
42582
42582
42564
42590
42589
42592
42593
42594
42595
42596
42597
42598
42599
42538
42387
42602
42603
42604
42605
42606
42607
42608
42609
42610
42611
42612
42613
42614
42615
42616
42617
42618
42619
42620
42621
42622
42623
42624
42625
42626
42627
42628
42629
42630
42631
42632
42633
42634
42635
42636
32306
42638
42639
42639
42641
42642
42643
42641
42642
42644
42643
42647
42644
42647
42649
42649
42653
42654
42655
42653
42656
42654
42655
42656
42658
42658
42638
42664
42664
42666
42666
42668
42668
42670
42670
42672
42672
42674
42674
42676
42676
42678
42678
42679
42679
42682
42682
42684
42684
42685
42685
42663
42689
42690
42690
42692
42693
42694
42692
42693
42694
42695
42699
42695
42700
42699
42700
42702
42702
42706
42707
42708
42706
42707
42708
42709
42709
42689
42715
42716
42717
42715
42718
42716
42720
42717
42718
42722
42725
42720
42726
42722
42725
42726
42728
42728
42732
42734
42732
42734
42735
42735
42714
42740
42741
42741
42743
42743
42745
42745
42747
42748
42747
42748
42749
42749
42752
42752
42754
42754
42757
42757
42758
42758
42760
42760
42763
42763
42740
42766
42766
42767
42767
42770
42770
42771
42771
42774
42774
42776
42776
42778
42778
42780
42780
42782
42782
42784
42785
42784
42785
42786
42786
42765
42791
42792
42792
42794
42794
42796
42796
42798
42798
42799
42799
42802
42802
42804
42804
42806
42806
42808
42809
42810
42808
42809
42810
42811
42811
42791
42817
42817
42819
42819
42821
42821
42822
42822
42825
42825
42827
42827
42829
42829
42830
42830
42832
42832
42834
42834
42836
42836
42838
42838
42816
42842
42843
42844
42843
42845
42847
42844
42845
42847
42848
42852
42848
42853
42852
42853
42855
42858
42855
42858
42859
42859
42862
42862
42865
42865
42842
42868
42868
42869
42871
42872
42869
42873
42871
42872
42875
42873
42878
42880
42875
42878
42881
42884
42880
42885
42881
42884
42885
42887
42887
42867
42893
42894
42895
42896
42897
42898
42899
42900
42901
42902
42903
42904
42905
42906
42907
42908
42909
42910
42911
42912
42913
42914
42915
42916
42917
42918
42919
42920
42921
42922
42923
42924
42925
42926
42927
42928
42929
42930
42931
42892
42933
42934
42935
42936
42937
42938
42939
42940
42941
42942
42943
42944
42945
42946
42947
42948
42949
42950
42951
42952
42953
42954
42955
42956
42957
42958
42959
42960
42961
42962
42963
42964
42965
42966
42967
42968
42969
42970
42841
42972
42973
42974
42973
42975
42974
42977
42975
42979
42981
42982
42983
42984
42977
42985
42987
42979
42981
42982
42983
42984
42985
42987
42988
42988
42972
42998
42998
42999
42999
43002
43002
43004
43004
43006
43006
43008
43008
43010
43010
43011
43011
43014
43014
43016
43017
43016
43017
43018
43018
42997
43023
43024
43025
43024
43025
43026
43029
43030
43026
43029
43031
43034
43030
43035
43031
43037
43034
43039
43041
43035
43037
43039
43041
43042
43042
43023
43049
43050
43051
43049
43050
43052
43051
43052
43055
43055
43059
43059
43061
43061
43063
43064
43063
43065
43067
43064
43065
43067
43068
43068
43048
43074
43075
43075
43077
43077
43078
43078
43080
43080
43082
43082
43085
43086
43085
43086
43087
43090
43087
43091
43090
43091
43093
43093
43097
43097
43074
43100
43100
43102
43103
43104
43102
43105
43103
43107
43109
43110
43111
43112
43113
43104
43105
43107
43109
43110
43111
43112
43113
43114
43114
43099
43125
43126
43127
43128
43129
43130
43131
43132
43133
43134
43124
43136
43137
43073
43139
43140
43140
43141
43143
43144
43145
43146
43141
43147
43149
43143
43144
43150
43145
43153
43155
43146
43147
43149
43150
43153
43155
43156
43156
43139
43165
43166
43165
43167
43169
43170
43166
43167
43169
43171
43170
43175
43177
43178
43179
43180
43171
43175
43177
43178
43179
43180
43181
43181
43164
43190
43191
43192
43193
43194
43195
43196
43197
43198
43199
43200
43201
43202
43203
43204
43205
43206
43207
43208
43209
43210
43211
43212
43213
43214
43215
43216
43217
43218
43219
43220
43221
43189
43223
43224
43224
43226
43226
43227
43227
43229
43229
43231
43231
43234
43235
43234
43236
43238
43235
43239
43241
43236
43238
43239
43241
43242
43242
43223
43249
43250
43251
43252
43249
43250
43251
43253
43257
43252
43253
43258
43261
43257
43258
43262
43265
43261
43266
43262
43265
43266
43268
43268
43273
43274
43275
43276
43277
43022
43279
43280
43281
43280
43282
43281
43284
43282
43286
43284
43286
43288
43288
43292
43293
43294
43295
43296
43292
43293
43294
43295
43296
43297
43297
43279
43305
43306
43307
43308
43305
43306
43307
43308
43309
43309
43314
43314
43316
43316
43319
43320
43319
43321
43320
43323
43321
43323
43325
43325
43304
43330
43331
43331
43333
43333
43334
43334
43337
43337
43339
43339
43340
43340
43342
43342
43345
43346
43347
43345
43348
43346
43347
43348
43350
43350
43330
43356
43356
43358
43359
43358
43359
43360
43360
43363
43363
43365
43365
43367
43367
43369
43371
43369
43372
43374
43371
43372
43374
43375
43375
43355
43381
43382
43382
43383
43385
43386
43387
43388
43383
43389
43391
43392
43393
43394
43385
43386
43387
43388
43389
43391
43392
43393
43394
43395
43395
43381
43407
43408
43407
43409
43408
43411
43413
43409
43411
43414
43413
43414
43417
43417
43421
43421
43422
43422
43425
43425
43427
43427
43429
43429
43406
43432
43433
43434
43435
43436
43437
43438
43439
43440
43441
43442
43443
43444
43445
43446
43431
43448
43449
43450
43451
43452
43453
43454
43455
43456
43457
43458
43459
43460
43461
43462
43463
43464
43465
43466
43467
43468
43469
43470
43471
43472
43473
43474
43475
43476
43477
43478
43479
43480
43481
43482
43483
43484
43485
43486
43487
43488
43489
43490
43491
43492
43493
43380
43495
43496
43496
43498
43499
43500
43501
43502
43498
43499
43503
43506
43507
43508
43500
43501
43502
43503
43509
43506
43507
43508
43509
43514
43514
43495
43521
43521
43523
43523
43525
43525
43526
43526
43529
43529
43531
43531
43533
43533
43534
43534
43537
43537
43539
43540
43539
43540
43541
43541
43520
43546
43547
43548
43549
43550
43551
43552
43553
43554
43555
43556
43557
43558
43559
43560
43561
43562
43563
43564
43565
43566
43545
43568
43569
43570
43571
43329
43573
43574
43574
43576
43576
43578
43579
43578
43580
43582
43583
43584
43579
43585
43587
43580
43582
43583
43584
43585
43587
43588
43588
43595
43595
43573
43599
43600
43601
43599
43602
43604
43600
43601
43605
43608
43609
43602
43604
43610
43613
43614
43605
43608
43609
43610
43613
43614
43615
43615
43598
43624
43625
43626
43627
43628
43629
43630
43631
43632
43633
43634
43635
43636
43637
43638
43639
43640
43641
43642
43643
43644
43645
43646
43647
43648
43649
43650
43651
43652
43653
43654
43655
43656
43657
43658
43659
43660
43661
43662
43663
43623
43665
43666
43667
43668
43669
43670
43671
43672
43673
43674
43675
43676
43677
43678
43679
43680
43681
43682
43683
43684
43685
43686
43687
43688
43689
43690
43691
43692
43693
43694
43695
42790
43697
43698
43699
43698
43699
43700
43700
43704
43704
43706
43707
43708
43709
43706
43710
43707
43712
43714
43708
43709
43710
43712
43714
43715
43715
43697
43723
43723
43725
43725
43727
43727
43729
43729
43730
43732
43730
43732
43733
43736
43737
43738
43733
43739
43736
43737
43738
43739
43741
43741
43722
43748
43749
43749
43751
43751
43752
43752
43755
43755
43757
43757
43759
43759
43761
43762
43763
43761
43764
43766
43762
43763
43764
43766
43767
43767
43748
43774
43774
43776
43777
43778
43779
43776
43777
43778
43779
43780
43780
43786
43786
43788
43789
43788
43789
43790
43790
43794
43794
43796
43796
43773
43799
43800
43801
43802
43803
43804
43805
43806
43807
43808
43809
43810
43811
43812
43813
43814
43815
43798
43817
43818
43819
43820
43821
43822
43823
43824
43825
43826
43827
43828
43829
43830
43831
43832
43833
43834
43835
43836
43837
43838
43839
43840
43841
43842
43843
43747
43845
43846
43847
43848
43849
42739
43851
43852
43852
43854
43854
43856
43857
43856
43858
43857
43860
43862
43858
43860
43863
43862
43866
43868
43869
43863
43866
43868
43869
43870
43870
43851
43877
43878
43877
43879
43881
43882
43883
43878
43884
43886
43879
43881
43882
43883
43884
43886
43887
43887
43894
43894
43896
43896
43898
43898
43876
43902
43903
43903
43905
43906
43905
43906
43907
43907
43911
43911
43912
43912
43915
43915
43917
43918
43919
43917
43918
43920
43919
43920
43923
43923
43902
43928
43928
43929
43929
43932
43932
43934
43934
43936
43936
43938
43939
43938
43940
43939
43942
43940
43944
43946
43942
43944
43946
43947
43947
43927
43953
43954
43955
43954
43955
43956
43959
43960
43956
43961
43963
43964
43965
43959
43960
43961
43966
43970
43963
43964
43965
43966
43970
43971
43971
43953
43979
43980
43979
43981
43980
43983
43985
43986
43987
43981
43983
43985
43986
43988
43993
43987
43994
43996
43988
43993
43994
43996
43997
43997
43978
44004
44003
44006
44007
43952
44009
44010
44010
44012
44012
44014
44015
44016
44017
44014
44018
44020
44021
44022
44023
44015
44016
44017
44018
44020
44021
44022
44023
44024
44024
44009
44035
44036
44035
44037
44039
44036
44040
44037
44042
44039
44044
44046
44040
44047
44042
44049
44051
44044
44046
44047
44049
44051
44052
44052
44034
44060
44061
44062
44063
44064
44065
44066
44067
44068
44069
44070
44071
44072
44073
44074
44075
44076
44077
44078
44079
44080
44081
44082
44083
44084
44085
44086
44087
44088
44089
44090
44091
44059
44093
44094
44095
44096
44097
44098
44099
44100
44101
44102
44103
44104
44105
44106
44107
44108
44109
44110
44111
44112
44113
44114
44115
44116
44117
44118
44119
44120
44121
44122
44123
44124
44125
44126
44127
44128
44129
43901
44131
44132
44132
44134
44134
44136
44136
44138
44139
44138
44139
44140
44140
44144
44144
44146
44147
44146
44148
44147
44148
44150
44150
44153
44153
44131
44157
44158
44159
44157
44160
44158
44159
44160
44162
44162
44167
44167
44168
44168
44171
44172
44171
44173
44172
44173
44175
44175
44179
44179
44156
44182
44183
44183
44184
44184
44186
44186
44189
44189
44191
44192
44191
44192
44193
44193
44197
44197
44199
44199
44201
44201
44203
44203
44205
44205
44182
44208
44208
44210
44210
44212
44212
44213
44215
44216
44217
44218
44219
44220
44213
44221
44215
44216
44217
44218
44219
44220
44221
44223
44223
44207
44233
44234
44234
44236
44236
44237
44237
44240
44240
44242
44242
44244
44244
44245
44245
44247
44249
44247
44250
44252
44249
44250
44252
44253
44253
44233
44259
44260
44259
44260
44261
44261
44265
44265
44266
44266
44269
44269
44271
44272
44271
44273
44275
44276
44272
44273
44275
44276
44277
44277
44258
44284
44285
44286
44287
44288
44289
44290
44291
44292
44293
44294
44295
44296
44297
44298
44299
44300
44301
44302
44303
44304
44305
44306
44283
44308
44309
44309
44310
44310
44312
44314
44315
44312
44316
44314
44315
44318
44321
44316
44322
44318
44321
44322
44324
44324
44328
44328
44331
44331
44308
44334
44334
44335
44335
44338
44338
44339
44339
44341
44343
44341
44343
44344
44344
44347
44349
44347
44350
44352
44349
44350
44352
44353
44353
44333
44359
44360
44361
44362
44363
44364
44365
44366
44367
44368
44369
44370
44371
44372
44373
44374
44375
44376
44377
44378
44379
44380
44358
44382
44383
44384
44385
44386
44387
44232
44389
44390
44391
44390
44391
44392
44392
44396
44396
44398
44398
44400
44400
44402
44402
44404
44404
44406
44406
44407
44407
44410
44410
44412
44412
44389
44415
44415
44416
44418
44416
44419
44418
44419
44421
44421
44424
44426
44427
44428
44424
44429
44431
44426
44427
44428
44429
44431
44432
44432
44414
44439
44441
44442
44443
44444
44445
44446
44447
44181
44449
44450
44450
44451
44451
44454
44454
44456
44456
44457
44459
44460
44457
44461
44463
44464
44465
44459
44460
44461
44463
44464
44465
44466
44466
44449
44475
44476
44477
44475
44476
44478
44477
44478
44481
44484
44485
44481
44486
44488
44484
44489
44485
44491
44486
44488
44489
44491
44493
44493
44474
44500
44499
44502
42688
44504
44505
44506
44507
44505
44508
44510
44511
44512
44513
44506
44507
44514
44508
44517
44519
44510
44511
44512
44513
44514
44517
44519
44520
44520
44504
44530
44530
44531
44531
44534
44534
44535
44535
44537
44537
44539
44539
44541
44541
44544
44544
44545
44545
44548
44548
44549
44549
44551
44551
44529
44555
44556
44556
44558
44558
44560
44561
44560
44562
44561
44564
44562
44566
44564
44566
44568
44568
44571
44571
44574
44574
44576
44576
44578
44578
44555
44581
44581
44583
44583
44585
44585
44587
44587
44589
44589
44590
44590
44593
44593
44594
44594
44597
44598
44597
44599
44598
44599
44601
44601
44580
44606
44607
44607
44608
44610
44611
44608
44610
44611
44612
44612
44617
44617
44619
44620
44619
44620
44621
44621
44625
44626
44625
44626
44627
44627
44606
44632
44633
44632
44634
44636
44637
44638
44639
44633
44634
44640
44636
44637
44638
44643
44647
44648
44639
44640
44643
44647
44648
44649
44649
44631
44657
44658
44658
44659
44659
44662
44663
44662
44664
44663
44666
44664
44668
44666
44668
44670
44670
44674
44675
44676
44674
44675
44676
44677
44677
44657
44683
44683
44685
44686
44687
44685
44688
44686
44690
44692
44687
44688
44690
44692
44693
44693
44699
44700
44699
44700
44701
44701
44705
44705
44682
44708
44709
44710
44711
44712
44713
44714
44715
44716
44717
44718
44719
44720
44721
44707
44723
44724
44725
44726
44727
44728
44729
44730
44731
44732
44733
44734
44735
44736
44737
44738
44739
44740
44741
44742
44743
44744
44745
44746
44747
44748
44749
44750
44751
44752
44753
44754
44755
44756
44757
44758
44759
44760
44761
44762
44763
44764
44765
44766
44767
44768
44769
44656
44771
44772
44772
44774
44774
44776
44776
44778
44778
44779
44781
44782
44779
44783
44785
44781
44786
44782
44783
44785
44788
44786
44788
44792
44792
44771
44797
44797
44799
44799
44801
44801
44803
44803
44804
44804
44807
44808
44807
44809
44811
44812
44813
44808
44809
44811
44812
44813
44814
44814
44796
44822
44823
44824
44825
44826
44827
44828
44829
44830
44831
44832
44833
44834
44835
44836
44821
44838
44839
44839
44841
44842
44841
44843
44842
44845
44847
44848
44849
44850
44851
44852
44843
44845
44847
44848
44849
44850
44851
44852
44853
44853
44838
44864
44864
44866
44867
44866
44867
44868
44868
44871
44873
44874
44875
44876
44877
44871
44878
44873
44874
44875
44876
44877
44878
44880
44880
44863
44889
44890
44891
44892
44893
44894
44895
44896
44897
44898
44899
44900
44901
44902
44903
44904
44905
44906
44907
44908
44909
44910
44911
44912
44913
44914
44915
44888
44917
44918
44919
44920
44921
44922
44923
44924
44925
44926
44605
44928
44929
44929
44931
44931
44932
44932
44935
44935
44937
44937
44939
44939
44940
44942
44940
44942
44943
44943
44947
44948
44947
44948
44949
44949
44928
44954
44954
44956
44957
44958
44956
44957
44958
44959
44959
44964
44965
44964
44965
44966
44966
44970
44970
44972
44972
44974
44974
44975
44975
44953
44979
44980
44981
44980
44982
44981
44982
44984
44987
44984
44988
44987
44988
44990
44990
44994
44994
44996
44996
44998
44998
44999
44999
45002
45002
44979
45005
45005
45006
45006
45008
45010
45008
45010
45011
45014
45011
45015
45014
45015
45017
45017
45020
45020
45023
45023
45025
45025
45027
45027
45004
45030
45031
45031
45032
45032
45034
45034
45036
45036
45039
45039
45040
45042
45043
45044
45045
45046
45040
45042
45043
45044
45045
45046
45047
45047
45030
45056
45056
45057
45057
45059
45059
45062
45063
45064
45065
45062
45063
45064
45065
45066
45071
45066
45071
45072
45075
45072
45075
45076
45076
45055
45081
45082
45083
45084
45085
45086
45087
45088
45089
45082
45083
45084
45090
45094
45095
45085
45086
45087
45088
45089
45090
45094
45095
45096
45096
45081
45107
45107
45109
45110
45111
45109
45110
45112
45111
45115
45112
45117
45115
45119
45117
45119
45121
45121
45125
45125
45127
45127
45128
45128
45106
45132
45133
45133
45135
45135
45137
45137
45139
45139
45140
45140
45143
45143
45145
45145
45147
45148
45149
45147
45150
45148
45149
45150
45152
45152
45132
45158
45158
45160
45160
45161
45161
45164
45164
45166
45166
45168
45168
45170
45170
45171
45173
45171
45174
45176
45173
45174
45176
45177
45177
45157
45183
45184
45185
45186
45187
45182
45189
45190
45191
45192
45193
45194
45195
45196
45197
45198
45199
45200
45201
45202
45203
45204
45205
45206
45207
45208
45209
45210
45211
45131
45213
45214
45215
45216
45214
45215
45216
45217
45217
45222
45222
45223
45225
45223
45225
45226
45226
45230
45230
45232
45233
45232
45233
45234
45234
45213
45239
45240
45239
45241
45240
45243
45241
45245
45243
45247
45249
45245
45247
45250
45249
45253
45255
45250
45256
45253
45255
45256
45258
45258
45238
45264
45265
45266
45265
45267
45266
45269
45271
45272
45267
45273
45269
45271
45272
45273
45275
45275
45281
45281
45282
45282
45284
45284
45286
45286
45264
45290
45291
45292
45290
45293
45291
45292
45293
45295
45295
45300
45301
45300
45302
45301
45302
45304
45307
45308
45304
45307
45308
45309
45309
45289
45315
45316
45316
45318
45318
45320
45320
45322
45322
45323
45325
45326
45327
45328
45323
45325
45326
45327
45329
45334
45328
45329
45334
45335
45335
45315
45341
45341
45343
45343
45345
45345
45347
45348
45349
45347
45350
45348
45352
45349
45350
45352
45354
45354
45359
45359
45361
45361
45362
45362
45340
45366
45367
45367
45368
45370
45368
45370
45371
45371
45375
45375
45377
45377
45379
45379
45380
45380
45383
45384
45385
45383
45384
45385
45386
45386
45366
45392
45392
45394
45394
45395
45395
45398
45398
45399
45401
45399
45401
45402
45402
45406
45406
45408
45409
45408
45410
45409
45410
45412
45412
45391
45417
45418
45419
45420
45421
45422
45423
45424
45425
45426
45427
45428
45429
45430
45431
45432
45433
45434
45435
45436
45437
45438
45439
45440
45441
45442
45443
45444
45445
45446
45447
45448
45449
45450
45451
45452
45453
45454
45455
45456
45457
45458
45416
45460
45461
45462
45463
45464
45365
45466
45467
45468
45469
45470
45471
45472
45473
45474
45475
45476
45477
45478
45479
45480
45481
45482
45483
45314
45485
45486
45487
45488
45263
45490
45491
45492
45493
45494
45495
45496
45497
45498
45499
45500
45501
45502
45503
45504
45505
45506
45507
45508
45509
45510
45511
45512
45513
45514
45080
45516
45517
45517
45518
45518
45521
45522
45521
45523
45525
45526
45527
45528
45529
45522
45530
45523
45525
45526
45527
45528
45529
45530
45532
45532
45516
45542
45542
45544
45544
45546
45546
45548
45549
45548
45550
45552
45553
45554
45555
45556
45549
45550
45552
45553
45554
45555
45556
45557
45557
45541
45567
45568
45569
45570
45571
45568
45569
45572
45575
45570
45576
45571
45572
45578
45581
45575
45582
45576
45584
45578
45581
45582
45584
45586
45586
45567
45593
45593
45595
45595
45597
45597
45598
45600
45598
45601
45603
45600
45601
45604
45607
45603
45604
45607
45608
45608
45613
45613
45614
45614
45617
45618
45619
45619
45621
45621
45623
45623
45625
45625
45627
45628
45627
45628
45629
45632
45633
45634
45635
45629
45632
45633
45634
45635
45636
45636
45618
45644
45644
45645
45645
45648
45649
45648
45649
45650
45650
45654
45655
45654
45656
45658
45655
45656
45658
45659
45659
45664
45664
45666
45666
45643
45669
45670
45670
45671
45673
45674
45675
45676
45671
45677
45673
45679
45674
45675
45681
45684
45676
45677
45679
45681
45685
45684
45685
45690
45690
45669
45695
45695
45697
45697
45699
45700
45701
45699
45700
45701
45702
45702
45707
45707
45709
45710
45711
45712
45709
45710
45711
45712
45713
45713
45694
45720
45721
45722
45723
45724
45725
45726
45727
45728
45729
45730
45731
45719
45733
45734
45735
45736
45734
45737
45735
45736
45737
45739
45739
45744
45744
45746
45746
45748
45749
45748
45750
45749
45750
45752
45752
45755
45755
45733
45759
45759
45761
45761
45763
45763
45765
45766
45767
45765
45766
45767
45768
45768
45773
45774
45775
45773
45774
45776
45775
45776
45779
45779
45758
45784
45785
45786
45787
45788
45789
45783
45791
45792
45793
45794
45795
45796
45797
45798
45799
45800
45801
45802
45803
45804
45805
45806
45807
45808
45809
45810
45811
45812
45813
45814
45815
45668
45817
45818
45818
45820
45821
45822
45823
45824
45825
45826
45820
45821
45822
45823
45824
45827
45833
45825
45826
45827
45833
45834
45834
45840
45840
45817
45843
45843
45845
45846
45847
45848
45845
45846
45849
45847
45852
45854
45855
45848
45856
45858
45849
45852
45854
45855
45856
45858
45859
45859
45842
45868
45869
45869
45870
45870
45873
45873
45875
45875
45877
45877
45879
45879
45880
45882
45880
45882
45883
45883
45887
45887
45889
45889
45891
45891
45868
45894
45895
45894
45896
45898
45895
45896
45899
45902
45898
45903
45905
45906
45907
45899
45908
45902
45903
45905
45906
45907
45908
45910
45910
45893
45919
45920
45920
45922
45923
45924
45925
45926
45927
45928
45922
45923
45929
45924
45925
45926
45932
45927
45928
45929
45932
45936
45936
45941
45941
45919
45945
45945
45946
45946
45949
45950
45951
45952
45953
45954
45955
45956
45957
45949
45950
45951
45952
45953
45954
45955
45956
45957
45958
45958
45944
45970
45971
45971
45972
45972
45974
45974
45977
45977
45979
45979
45980
45982
45980
45982
45983
45983
45987
45987
45989
45989
45990
45990
45993
45993
45970
45996
45997
45998
45999
45996
46000
46002
46003
45997
46004
45998
45999
46006
46009
46000
46002
46003
46004
46010
46006
46009
46010
46015
46015
45995
46021
46022
46023
46020
46025
46026
46027
46028
45969
45918
46031
46032
46033
46034
46032
46033
46035
46034
46035
46038
46041
46038
46042
46044
46045
46046
46041
46047
46042
46044
46045
46046
46047
46049
46049
46031
46057
46058
46057
46059
46058
46059
46061
46061
46065
46065
46066
46068
46066
46068
46069
46069
46072
46072
46075
46075
46077
46077
46079
46079
46056
46082
46083
46084
46083
46084
46085
46085
46089
46090
46091
46089
46092
46090
46091
46092
46094
46094
46099
46099
46101
46101
46103
46103
46104
46104
46082
46108
46108
46110
46111
46112
46110
46113
46111
46112
46113
46115
46115
46119
46121
46122
46119
46121
46122
46123
46123
46128
46128
46130
46130
46107
46133
46134
46135
46136
46137
46138
46139
46140
46141
46132
46143
46144
46145
46146
46147
46148
46149
46150
46151
46152
46153
46154
46155
46156
46157
46158
46159
46160
46161
46162
46163
46164
46165
46166
46167
46168
46169
46170
46171
46172
46173
46174
46175
46176
46177
46178
46179
46180
46181
46182
46183
46184
46185
46186
46187
46188
46189
46190
46081
46192
46193
46194
46195
46196
46193
46194
46197
46195
46200
46202
46196
46203
46197
46205
46207
46200
46202
46203
46205
46208
46207
46208
46213
46213
46192
46218
46218
46219
46219
46222
46222
46224
46225
46224
46225
46226
46226
46230
46230
46232
46232
46234
46234
46236
46237
46236
46237
46238
46238
46217
46242
45867
46245
46246
46247
46248
46249
46250
46251
46252
46253
46254
46255
46256
46257
46258
46259
46260
46261
46262
46263
46264
46265
46266
46267
46268
46269
46270
46271
46272
46273
46274
46275
46276
46277
46278
46279
46280
46281
46282
46283
46284
46285
45566
46287
46288
46288
46289
46289
46292
46292
46294
46294
46295
46295
46298
46298
46300
46300
46302
46302
46304
46304
46305
46307
46305
46307
46308
46308
46287
46313
46313
46315
46315
46317
46317
46318
46320
46318
46321
46323
46320
46321
46323
46324
46324
46328
46328
46331
46331
46332
46332
46335
46335
46312
46338
46339
46340
46341
46342
46343
46339
46344
46346
46347
46340
46341
46348
46351
46342
46343
46344
46352
46346
46347
46348
46351
46352
46356
46356
46338
46364
46364
46366
46366
46368
46369
46368
46370
46372
46369
46370
46372
46373
46373
46378
46378
46379
46379
46381
46381
46383
46383
46385
46385
46363
46389
46390
46391
46392
46393
46394
46395
46396
46397
46398
46399
46400
46401
46402
46403
46404
46405
46406
46407
46388
46409
46410
46411
46412
46413
46414
46415
46416
46417
46337
46419
46420
46421
46422
46423
46424
46425
46426
46427
46428
46429
46430
46431
46432
46433
46434
46435
46436
46437
46438
46439
46440
46441
46442
46443
46444
46445
46446
46447
46448
46449
46450
46451
46452
46453
46454
46455
46456
46457
46458
46459
46460
46461
46462
45029
46464
46465
46465
46467
46468
46467
46468
46469
46469
46473
46473
46475
46475
46477
46478
46479
46477
46478
46480
46483
46479
46480
46483
46484
46484
46464
46490
46490
46492
46493
46492
46494
46496
46497
46498
46493
46494
46499
46496
46502
46497
46504
46506
46498
46499
46502
46504
46506
46507
46507
46489
46515
46516
46516
46518
46518
46520
46521
46522
46523
46520
46521
46522
46523
46524
46529
46530
46531
46532
46524
46529
46530
46531
46532
46533
46533
46515
46541
46541
46542
46542
46545
46545
46546
46548
46546
46549
46548
46551
46549
46551
46553
46556
46557
46553
46558
46556
46557
46558
46560
46560
46540
46566
46567
46567
46569
46569
46571
46571
46573
46573
46575
46575
46577
46577
46579
46579
46581
46581
46583
46583
46584
46584
46586
46586
46589
46589
46566
46592
46592
46593
46593
46596
46596
46598
46599
46600
46598
46599
46600
46601
46605
46601
46605
46606
46606
46610
46610
46612
46612
46613
46613
46591
46617
46618
46618
46619
46621
46619
46621
46622
46622
46626
46626
46628
46629
46628
46630
46629
46630
46632
46632
46636
46636
46638
46638
46640
46640
46617
46643
46643
46644
46644
46647
46647
46648
46650
46651
46652
46653
46648
46650
46651
46654
46658
46652
46659
46653
46654
46658
46659
46661
46661
46642
46668
46669
46670
46671
46672
46673
46674
46675
46676
46677
46678
46679
46680
46681
46682
46683
46667
46685
46686
46687
46688
46689
46690
46691
46692
46693
46694
46695
46696
46697
46698
46699
46700
46701
46702
46703
46704
46705
46706
46707
46708
46616
46710
46711
46712
46713
46714
46715
46716
46717
46718
46719
46720
46721
46722
46723
46724
46725
46726
46727
46728
46729
46730
46731
46732
46733
46734
46735
46736
46737
46738
46739
46565
46741
46742
46742
46744
46745
46744
46746
46745
46746
46748
46748
46752
46752
46754
46754
46756
46756
46757
46757
46760
46760
46761
46761
46763
46763
46741
46767
46767
46769
46769
46771
46771
46773
46773
46775
46775
46777
46777
46779
46780
46781
46779
46780
46782
46785
46781
46782
46785
46786
46786
46766
46792
46793
46793
46794
46796
46797
46794
46796
46798
46797
46801
46803
46798
46804
46801
46803
46806
46809
46810
46804
46806
46809
46810
46811
46811
46792
46818
46818
46819
46819
46822
46823
46822
46824
46823
46824
46826
46829
46830
46831
46832
46826
46829
46833
46830
46831
46832
46833
46836
46836
46817
46843
46844
46842
46791
46847
46848
46849
46850
46848
46849
46850
46851
46855
46856
46851
46857
46855
46856
46859
46857
46859
46862
46862
46866
46867
46866
46867
46868
46868
46847
46873
46873
46874
46874
46877
46877
46878
46878
46881
46881
46883
46884
46883
46884
46885
46885
46889
46889
46891
46891
46892
46892
46895
46895
46872
46898
46899
46899
46901
46901
46903
46903
46905
46905
46907
46907
46909
46909
46911
46912
46913
46911
46912
46914
46913
46914
46917
46917
46921
46921
46898
46924
46924
46926
46926
46928
46929
46928
46930
46929
46932
46934
46935
46930
46936
46938
46939
46932
46934
46935
46936
46938
46939
46940
46940
46923
46949
46950
46951
46952
46953
46954
46955
46948
46957
46958
46897
46960
46961
46961
46963
46963
46965
46965
46967
46968
46969
46970
46967
46971
46973
46968
46974
46969
46976
46970
46971
46973
46974
46976
46978
46978
46960
46986
46986
46987
46987
46990
46990
46992
46992
46993
46993
46996
46996
46997
46997
46999
46999
47001
47001
47004
47004
47005
47005
47007
47007
46985
47011
47012
47013
47014
47015
47016
47017
47018
47019
47020
47021
47022
47023
47024
47025
47026
47027
47028
47029
47030
47031
47032
47033
47034
47035
47036
47037
47038
47039
47040
47041
47042
47043
47044
47045
47046
47047
47048
47049
47050
47010
47052
47053
47053
47055
47055
47057
47057
47058
47058
47060
47060
47062
47062
47065
47065
47066
47068
47069
47070
47066
47068
47069
47070
47071
47071
47052
47078
47079
47078
47079
47080
47083
47080
47084
47083
47084
47086
47086
47090
47090
47092
47092
47094
47094
47096
47096
47098
47098
47099
47099
47077
47103
47104
47105
47106
47107
47108
47109
47110
47111
47112
47113
47114
47115
47116
47117
47118
47119
47120
47121
47122
47102
47124
47125
47126
47127
47128
47129
47130
47131
47132
47133
47134
47135
47136
47137
47138
47139
47140
47141
47142
47143
47144
47145
47146
47147
47148
47149
47150
47151
47152
47153
47154
47155
47156
46514
47158
47159
47159
47161
47162
47161
47163
47162
47163
47165
47165
47169
47169
47170
47170
47173
47173
47175
47175
47177
47177
47179
47179
47181
47181
47158
47184
47184
47186
47186
47188
47188
47190
47191
47192
47193
47190
47194
47196
47197
47191
47198
47192
47193
47194
47196
47197
47198
47200
47200
47183
47209
47210
47211
47212
47213
47214
47215
47216
47217
47218
47219
47220
47221
47222
47223
47224
47225
47226
47227
47228
47229
47230
47231
47232
47233
47234
47235
47236
47237
47238
47239
47240
47241
47242
47243
47244
47245
47246
47247
47248
47249
47250
47251
47252
47253
47254
47255
47256
47208
47258
47259
47260
47261
47262
47263
47259
47264
47260
47261
47266
47262
47269
47271
47263
47272
47274
47264
47266
47269
47271
47272
47274
47275
47275
47258
47284
47284
47285
47285
47287
47287
47290
47290
47292
47292
47294
47295
47296
47297
47298
47299
47294
47295
47296
47297
47298
47299
47300
47300
47283
47309
47310
47310
47312
47312
47313
47313
47315
47315
47318
47319
47318
47319
47320
47320
47324
47324
47326
47326
47328
47328
47330
47330
47331
47331
47309
47335
47335
47336
47336
47339
47339
47341
47342
47341
47343
47342
47343
47345
47345
47349
47349
47350
47352
47353
47350
47352
47353
47354
47354
47334
47360
47361
47362
47363
47364
47365
47366
47367
47368
47369
47370
47371
47372
47373
47374
47375
47376
47377
47378
47379
47380
47381
47382
47383
47384
47385
47386
47387
47388
47389
47390
47391
47392
47393
47359
47395
47396
47397
47398
47399
47400
47401
47402
47403
47404
47405
47406
47407
47408
47409
47410
47308
47412
47413
47413
47415
47415
47417
47417
47419
47419
47421
47421
47423
47424
47425
47423
47426
47424
47428
47425
47426
47430
47428
47430
47433
47433
47412
47438
47439
47440
47441
47442
47443
47438
47439
47444
47447
47448
47440
47449
47451
47441
47442
47443
47444
47447
47448
47449
47451
47452
47452
47437
47463
47464
47462
47466
44978
47468
47469
47470
47471
47469
47472
47470
47471
47474
47472
47477
47479
47480
47481
47482
47483
47474
47477
47479
47480
47481
47482
47483
47484
47484
47468
47494
47495
47496
47494
47495
47497
47500
47496
47501
47497
47500
47503
47501
47503
47506
47506
47510
47510
47512
47512
47513
47513
47515
47515
47493
47519
47520
47521
47522
47523
47524
47525
47526
47527
47528
47529
47530
47531
47532
47533
47534
47535
47536
47537
47538
47539
47540
47541
47542
47543
47544
47545
47546
47547
47548
47549
47550
47551
47552
47553
47554
47555
47556
47557
47558
47559
47560
47518
47562
47563
47563
47564
47564
47566
47568
47569
47566
47570
47568
47569
47572
47570
47572
47575
47575
47579
47579
47580
47582
47580
47582
47583
47583
47562
47588
47588
47590
47590
47592
47592
47594
47595
47596
47594
47597
47599
47600
47601
47595
47596
47597
47602
47599
47600
47601
47602
47606
47606
47587
47613
47614
47615
47616
47617
47618
47619
47620
47621
47622
47623
47624
47625
47626
47627
47628
47629
47630
47631
47632
47633
47612
47635
47636
47637
47638
47639
47640
47641
47642
47643
47644
47645
47646
47647
47648
44554
47650
47651
47651
47653
47653
47655
47655
47657
47657
47659
47659
47660
47660
47663
47663
47664
47664
47667
47667
47669
47670
47669
47670
47671
47671
47650
47676
47676
47678
47678
47679
47681
47682
47683
47679
47681
47684
47682
47687
47683
47684
47689
47687
47689
47692
47695
47692
47695
47696
47696
47675
47701
47702
47702
47703
47703
47706
47706
47707
47707
47710
47710
47711
47713
47711
47713
47714
47714
47718
47718
47720
47720
47722
47722
47724
47724
47701
47727
47727
47729
47729
47731
47731
47732
47734
47735
47732
47736
47734
47738
47740
47735
47741
47736
47738
47740
47743
47741
47743
47747
47747
47726
47752
47753
47754
47755
47751
47757
47758
47758
47760
47760
47762
47762
47764
47764
47766
47766
47767
47767
47769
47769
47772
47772
47774
47774
47776
47776
47777
47777
47780
47780
47757
47783
47784
47785
47783
47786
47784
47785
47788
47791
47792
47793
47786
47794
47788
47796
47798
47791
47792
47793
47794
47796
47798
47799
47799
47782
47808
47809
47809
47811
47811
47812
47812
47815
47815
47817
47817
47819
47819
47820
47820
47823
47823
47824
47824
47827
47827
47828
47828
47831
47831
47808
47834
47834
47836
47836
47838
47838
47839
47841
47842
47843
47844
47845
47839
47841
47842
47846
47850
47843
47844
47845
47846
47850
47851
47851
47833
47859
47860
47861
47862
47863
47864
47865
47866
47867
47868
47858
47870
47871
47872
47873
47874
47875
47876
47877
47878
47879
47880
47881
47882
47883
47884
47885
47886
47887
47888
47889
47890
47891
47892
47893
47894
47895
47896
47897
47898
47899
47900
47901
47902
47903
47904
47905
47906
47907
47908
47909
47910
47911
47912
47913
47914
47915
47916
47807
47918
47919
47700
47921
47922
47923
47924
47922
47923
47924
47925
47925
47929
47929
47932
47933
47932
47934
47933
47936
47938
47939
47934
47936
47938
47939
47940
47940
47921
47947
47947
47948
47948
47951
47951
47953
47953
47954
47954
47957
47957
47959
47959
47961
47962
47961
47963
47962
47963
47965
47965
47968
47968
47946
47972
47973
47974
47973
47975
47974
47975
47977
47980
47977
47980
47981
47984
47981
47984
47985
47985
47989
47990
47989
47990
47991
47991
47994
47994
47972
47998
47999
48000
48001
48002
47998
47999
48000
48003
48001
48007
48002
48009
48011
48012
48003
48007
48009
48011
48012
48013
48013
48019
48019
47997
48023
48024
48025
48026
48022
48028
48029
47971
48031
48032
48033
48034
48035
48036
48037
32255
48039
48040
48041
48040
48041
48042
48042
48046
48046
48048
48048
48050
48050
48052
48053
48054
48052
48053
48054
48055
48059
48055
48059
48060
48060
48039
48065
48065
48067
48068
48069
48070
48067
48068
48069
48071
48075
48076
48077
48078
48079
48070
48071
48075
48076
48077
48078
48079
48080
48080
48064
48090
48091
48091
48092
48094
48092
48095
48094
48095
48097
48097
48101
48101
48102
48102
48105
48105
48107
48108
48109
48107
48108
48109
48110
48110
48090
48116
48117
48118
48119
48116
48120
48122
48123
48117
48118
48119
48120
48122
48123
48124
48124
48132
48133
48132
48134
48133
48134
48136
48136
48115
48141
48142
48142
48144
48144
48146
48146
48147
48147
48150
48150
48152
48152
48153
48153
48155
48155
48158
48158
48159
48159
48161
48161
48163
48163
48141
48167
48168
48167
48169
48171
48172
48168
48173
48169
48171
48172
48175
48173
48175
48179
48179
48183
48184
48185
48183
48184
48185
48186
48186
48166
48192
48193
48193
48194
48194
48197
48197
48199
48200
48199
48201
48203
48200
48201
48203
48204
48204
48209
48209
48210
48210
48212
48212
48214
48214
48192
48218
48218
48219
48221
48222
48219
48221
48223
48226
48222
48223
48227
48230
48231
48232
48233
48226
48227
48230
48231
48232
48233
48234
48234
48217
48243
48244
48244
48245
48245
48247
48247
48250
48250
48251
48251
48253
48253
48256
48257
48258
48256
48257
48258
48259
48259
48263
48263
48266
48266
48243
48269
48269
48270
48270
48272
48272
48275
48275
48277
48278
48279
48277
48280
48278
48282
48279
48284
48286
48280
48282
48284
48286
48287
48287
48268
48294
48295
48296
48297
48293
48299
48242
48301
48302
48302
48304
48305
48304
48305
48306
48306
48310
48310
48312
48312
48313
48313
48315
48315
48318
48319
48320
48318
48319
48320
48321
48321
48301
48327
48328
48327
48329
48328
48331
48329
48333
48335
48336
48331
48337
48333
48339
48335
48341
48336
48337
48339
48343
48341
48343
48347
48347
48326
48352
48353
48354
48355
48356
48357
48351
48359
48360
48361
48362
48363
48364
48365
48366
48367
48368
48369
48370
48371
48372
48373
48374
48375
48376
48377
48378
48379
48380
48381
48382
48383
48384
48385
48386
48387
48388
48389
48390
48191
48392
48393
48394
48393
48395
48394
48395
48397
48400
48401
48397
48402
48404
48405
48406
48400
48401
48407
48402
48404
48405
48406
48407
48410
48410
48392
48418
48418
48419
48419
48421
48421
48424
48425
48424
48426
48425
48426
48428
48431
48428
48432
48431
48432
48434
48437
48434
48437
48438
48438
48417
48443
48444
48445
48446
48447
48448
48449
48450
48451
48452
48453
48454
48455
48456
48457
48458
48459
48460
48461
48462
48463
48464
48465
48466
48467
48468
48469
48470
48471
48472
48473
48474
48475
48476
48477
48478
48479
48480
48481
48482
48483
48484
48485
48442
48487
48488
48488
48490
48490
48492
48492
48494
48494
48496
48496
48498
48498
48500
48501
48502
48503
48500
48501
48502
48504
48503
48504
48508
48508
48487
48513
48514
48513
48514
48515
48518
48515
48518
48519
48519
48522
48524
48522
48525
48527
48528
48524
48525
48529
48527
48528
48529
48532
48532
48512
48538
48539
48539
48541
48541
48542
48542
48545
48545
48547
48547
48549
48549
48551
48551
48553
48554
48555
48553
48556
48554
48555
48556
48558
48558
48538
48564
48564
48565
48565
48567
48567
48570
48570
48572
48572
48573
48575
48576
48577
48573
48578
48575
48576
48577
48580
48578
48580
48584
48584
48563
48589
48588
48591
48592
48593
48594
48595
48596
48597
48537
48599
48600
48600
48601
48603
48601
48604
48603
48604
48606
48606
48610
48611
48610
48612
48614
48615
48616
48611
48612
48614
48615
48616
48617
48617
48599
48625
48625
48627
48627
48629
48629
48631
48631
48633
48633
48635
48636
48635
48636
48637
48637
48641
48642
48641
48643
48642
48643
48645
48645
48624
48650
48649
48652
48653
48654
48140
48656
48657
48657
48659
48659
48661
48661
48663
48663
48665
48666
48667
48665
48668
48666
48667
48668
48670
48670
48675
48675
48677
48677
48679
48679
48656
48682
48682
48684
48684
48685
48685
48688
48688
48690
48691
48692
48690
48693
48695
48696
48691
48692
48693
48695
48696
48697
48697
48703
48703
48681
48707
48708
48709
48710
48711
48708
48709
48712
48710
48711
48715
48718
48719
48712
48715
48720
48718
48719
48720
48723
48723
48727
48727
48729
48729
48707
48733
48733
48734
48734
48737
48738
48737
48738
48739
48742
48739
48742
48743
48743
48747
48747
48749
48749
48751
48751
48753
48753
48754
48754
48732
48758
48759
48759
48761
48761
48763
48764
48763
48764
48765
48768
48765
48769
48768
48769
48771
48771
48775
48775
48777
48777
48779
48779
48780
48780
48758
48784
48785
48786
48787
48784
48788
48790
48785
48791
48793
48786
48787
48788
48790
48791
48793
48794
48794
48802
48802
48804
48804
48806
48806
48783
48809
48810
48810
48812
48813
48814
48815
48816
48812
48813
48814
48817
48821
48822
48823
48815
48816
48824
48817
48821
48822
48823
48824
48827
48827
48809
48835
48836
48837
48835
48836
48837
48838
48838
48843
48843
48845
48845
48846
48848
48846
48849
48848
48851
48849
48853
48851
48853
48855
48855
48834
48860
48861
48861
48863
48863
48864
48866
48867
48864
48866
48867
48868
48868
48873
48873
48875
48875
48877
48877
48879
48879
48881
48881
48883
48883
48860
48886
48886
48887
48887
48890
48890
48891
48891
48893
48893
48896
48896
48897
48897
48900
48900
48901
48901
48904
48904
48905
48905
48908
48908
48885
48911
48912
48913
48912
48914
48913
48916
48914
48916
48918
48921
48922
48918
48921
48923
48922
48926
48928
48929
48923
48926
48928
48929
48930
48930
48911
48937
48938
48939
48937
48938
48940
48939
48943
48945
48940
48943
48945
48946
48946
48951
48951
48953
48954
48953
48954
48955
48955
48959
48959
48936
48962
48963
48964
48965
48966
48967
48968
48969
48970
48971
48972
48973
48974
48975
48976
48977
48978
48979
48980
48981
48982
48983
48984
48985
48986
48987
48961
48989
48990
48991
48992
48993
48994
48995
48996
48997
48998
48999
49000
49001
49002
49003
49004
49005
49006
49007
49008
49009
49010
49011
49012
49013
49014
49015
49016
49017
49018
49019
49020
49021
49022
48910
49024
49025
49025
49026
49026
49028
49028
49031
49032
49033
49034
49031
49035
49037
49038
49039
49032
49033
49034
49035
49037
49038
49039
49040
49040
49024
49050
49050
49052
49052
49053
49053
49056
49057
49058
49059
49060
49061
49062
49056
49063
49057
49058
49059
49060
49061
49062
49063
49065
49065
49049
49075
49076
49077
49074
49079
49080
49080
49082
49083
49082
49084
49086
49083
49087
49084
49089
49091
49086
49087
49089
49092
49091
49092
49096
49096
49100
49100
49102
49102
49079
49105
49106
49107
49108
49105
49106
49109
49107
49108
49109
49112
49112
49116
49116
49119
49119
49121
49121
49123
49123
49125
49125
49127
49127
49104
49130
49131
49132
49133
49134
49135
49136
49137
49138
49129
49140
49141
49141
49143
49143
49145
49145
49147
49148
49149
49150
49151
49152
49147
49153
49148
49149
49155
49150
49151
49152
49153
49155
49158
49158
49140
49166
49166
49168
49169
49168
49169
49170
49170
49173
49173
49175
49175
49177
49177
49180
49180
49182
49183
49184
49182
49183
49184
49185
49185
49165
49191
49190
49193
49194
49195
48859
49197
49198
49198
49200
49200
49202
49202
49204
49204
49206
49206
49207
49209
49210
49207
49209
49210
49211
49211
49216
49216
49218
49218
49220
49220
49197
49223
49223
49225
49225
49227
49227
49229
49229
49230
49232
49233
49234
49235
49236
49230
49237
49232
49233
49234
49235
49236
49237
49239
49239
49222
49248
49249
49249
49250
49252
49253
49254
49250
49255
49252
49257
49253
49259
49254
49255
49261
49264
49265
49257
49259
49261
49264
49265
49266
49266
49248
49274
49275
49274
49275
49276
49276
49279
49279
49282
49282
49284
49284
49286
49286
49287
49289
49290
49287
49289
49290
49291
49291
49296
49296
49273
49299
49300
49301
49300
49301
49302
49302
49306
49306
49307
49307
49310
49311
49310
49312
49314
49315
49311
49316
49312
49314
49315
49316
49318
49318
49299
49325
49326
49327
49328
49325
49326
49329
49332
49327
49328
49333
49329
49332
49333
49336
49336
49341
49341
49343
49344
49343
49344
49345
49345
49324
49350
49351
49351
49352
49354
49355
49356
49352
49357
49354
49359
49361
49362
49355
49356
49357
49359
49361
49362
49363
49363
49371
49371
49372
49372
49350
49376
49377
49376
49377
49378
49381
49378
49382
49381
49382
49384
49384
49388
49388
49390
49390
49391
49391
49394
49394
49396
49396
49398
49398
49375
49401
49402
49403
49404
49405
49406
49407
49408
49409
49410
49411
49412
49413
49414
49415
49416
49417
49418
49419
49420
49421
49422
49423
49424
49425
49426
49427
49428
49429
49430
49431
49432
49433
49434
49435
49436
49437
49438
49439
49440
49441
49400
49443
49444
49444
49446
49446
49448
49449
49450
49448
49451
49453
49454
49449
49450
49451
49453
49454
49455
49455
49461
49463
49461
49463
49464
49464
49443
49469
49470
49469
49470
49471
49471
49474
49476
49477
49478
49479
49480
49474
49476
49481
49477
49478
49484
49479
49480
49481
49484
49487
49487
49468
49494
49495
49496
49497
49498
49499
49500
49501
49502
49503
49493
49505
49506
49507
49349
49509
49510
49511
49512
49513
49514
49515
49516
49517
49518
49519
49520
49521
49522
49523
49524
49298
49526
49527
49528
49527
49528
49529
49529
49533
49534
49533
49535
49534
49535
49537
49537
49540
49540
49543
49543
49545
49545
49547
49547
49549
49549
49526
49552
49553
49554
49552
49553
49555
49558
49554
49559
49555
49558
49559
49561
49561
49566
49566
49567
49567
49570
49570
49572
49572
49573
49573
49551
49577
49578
49579
49580
49581
49582
49583
49584
49585
49586
49587
49588
49589
49590
49591
49592
49593
49594
49595
49596
49597
49598
49599
49600
49601
49602
49603
49604
49605
49606
49607
49608
49609
49610
49611
49612
49613
49614
49615
49616
49617
49618
49619
49620
49621
49622
49623
49624
49576
49626
49627
49628
49629
49630
49631
49632
49633
49634
49247
49636
49637
49638
49639
49640
49641
49642
49643
49644
49645
49646
49647
49648
49649
49650
49651
49652
49653
49654
49655
49656
49657
49658
49659
49660
49661
49662
48808
49664
49665
49666
49667
49665
49666
49667
49668
49672
49668
49673
49675
49676
49677
49672
49673
49675
49678
49682
49676
49677
49678
49682
49683
49683
49664
49690
49690
49692
49692
49693
49693
49696
49697
49696
49697
49698
49701
49702
49698
49703
49705
49706
49701
49702
49703
49705
49706
49707
49707
49689
49715
49716
49716
49718
49718
49720
49720
49721
49721
49724
49724
49726
49727
49726
49728
49730
49727
49728
49731
49734
49730
49731
49734
49735
49735
49715
49741
49741
49742
49744
49745
49746
49742
49747
49744
49745
49749
49752
49746
49747
49753
49749
49752
49753
49756
49760
49756
49760
49761
49761
49740
49766
49767
49768
49769
49765
49771
49772
49772
49774
49774
49776
49776
49778
49779
49780
49778
49779
49780
49781
49781
49786
49786
49788
49788
49789
49791
49789
49791
49792
49792
49771
49797
49797
49798
49798
49801
49802
49803
49804
49805
49806
49807
49808
49801
49802
49809
49803
49804
49805
49806
49807
49808
49809
49812
49812
49796
49822
49823
49823
49824
49826
49824
49827
49826
49829
49831
49832
49827
49829
49831
49833
49832
49833
49837
49837
49841
49842
49841
49842
49843
49843
49822
49848
49848
49849
49849
49852
49852
49854
49854
49855
49857
49855
49858
49860
49857
49861
49863
49864
49858
49860
49861
49863
49864
49865
49865
49872
49821
49874
49875
49875
49877
49878
49879
49880
49877
49878
49879
49881
49885
49886
49887
49880
49888
49881
49890
49885
49886
49887
49888
49890
49892
49892
49874
49900
49900
49902
49902
49903
49903
49906
49906
49908
49908
49909
49909
49911
49911
49914
49914
49916
49916
49918
49918
49920
49920
49922
49922
49899
49925
49926
49927
49928
49929
49930
49931
49932
49933
49924
49935
49936
49937
49938
49939
49940
49941
49942
49943
49944
49945
49946
49947
49948
49949
49950
49951
49952
49714
49954
49955
49955
49957
49957
49958
49960
49961
49962
49958
49960
49961
49962
49963
49968
49963
49968
49969
49969
49972
49972
49975
49975
49976
49976
49954
49980
49980
49981
49981
49983
49983
49986
49986
49988
49988
49990
49991
49992
49993
49990
49994
49996
49991
49992
49993
49994
49996
49997
49997
49979
50005
50006
50006
50007
50007
50010
50010
50011
50011
50014
50014
50015
50017
50015
50018
50017
50018
50020
50020
50023
50025
50023
50025
50026
50026
50005
50031
50031
50032
50032
50034
50036
50037
50038
50034
50036
50037
50038
50039
50039
50045
50045
50047
50047
50048
50050
50048
50050
50051
50051
50030
50056
50057
50057
50058
50058
50061
50062
50063
50064
50065
50061
50062
50063
50064
50065
50066
50072
50073
50066
50072
50074
50073
50074
50077
50077
50056
50082
50082
50084
50085
50086
50087
50088
50084
50085
50089
50086
50092
50087
50088
50094
50089
50092
50094
50097
50097
50101
50101
50104
50104
50081
50106
50108
50109
50110
50111
50112
50055
50114
50115
50115
50117
50117
50119
50120
50121
50119
50120
50121
50122
50122
50126
50126
50128
50128
50131
50131
50133
50134
50133
50134
50135
50135
50114
50140
50141
50140
50141
50142
50145
50146
50142
50145
50146
50147
50147
50152
50152
50154
50155
50156
50154
50155
50157
50156
50157
50160
50160
50139
50165
50166
50167
50168
50169
50170
50171
50164
50173
50174
50004
50176
50177
50177
50179
50179
50181
50181
50182
50182
50185
50185
50187
50187
50189
50189
50191
50192
50191
50192
50193
50193
50197
50197
50199
50199
50176
50202
50202
50203
50205
50203
50206
50205
50208
50210
50206
50211
50213
50214
50208
50210
50211
50215
50213
50219
50214
50215
50219
50221
50221
50201
50227
50228
50229
50230
50231
50232
50226
50234
50235
50236
50237
50238
50239
50240
50241
50242
50243
50244
50245
50246
50247
50248
50249
50250
50251
50252
50253
50254
50255
50256
50257
50258
50259
50260
50261
50262
50263
50264
50265
48757
50267
50268
50268
50269
50269
50272
50272
50274
50274
50276
50276
50278
50278
50279
50279
50282
50282
50284
50284
50285
50285
50288
50288
50290
50290
50267
50293
50293
50295
50295
50297
50297
50298
50298
50300
50302
50300
50302
50303
50303
50307
50308
50307
50308
50309
50309
50313
50313
50315
50315
50292
50318
50319
50319
50321
50321
50323
50324
50325
50323
50326
50328
50324
50329
50325
50331
50326
50328
50333
50329
50336
50331
50333
50336
50338
50338
50318
50344
50345
50346
50347
50344
50345
50348
50351
50346
50352
50347
50348
50351
50352
50354
50359
50360
50361
50354
50359
50360
50361
50362
50362
50343
50369
50370
50370
50372
50372
50374
50374
50376
50376
50378
50378
50379
50381
50379
50381
50382
50382
50386
50386
50387
50387
50389
50389
50391
50391
50369
50395
50396
50397
50398
50395
50399
50396
50397
50398
50401
50399
50401
50405
50405
50409
50409
50411
50411
50413
50413
50415
50415
50416
50416
50394
50420
50421
50421
50423
50423
50425
50426
50425
50427
50426
50429
50431
50427
50429
50432
50431
50435
50432
50435
50437
50437
50441
50441
50442
50442
50420
50446
50447
50446
50448
50450
50447
50451
50453
50448
50450
50454
50451
50453
50457
50460
50454
50461
50457
50460
50461
50463
50463
50467
50467
50445
50471
50472
50473
50474
50475
50476
50477
50478
50479
50480
50481
50482
50483
50484
50485
50486
50487
50488
50489
50490
50491
50492
50493
50494
50495
50496
50497
50498
50499
50500
50501
50502
50503
50504
50505
50506
50507
50508
50509
50510
50511
50512
50513
50514
50515
50516
50470
50518
50519
50520
50521
50522
50419
50524
50525
50525
50527
50527
50529
50529
50531
50531
50533
50533
50534
50536
50534
50536
50537
50537
50541
50541
50543
50544
50543
50544
50545
50545
50524
50550
50550
50551
50551
50553
50555
50553
50556
50558
50559
50560
50555
50556
50558
50559
50561
50560
50561
50566
50566
50570
50570
50571
50571
50549
50575
50576
50577
50578
50574
50580
50581
50582
50368
50584
50585
50585
50587
50587
50589
50589
50591
50592
50593
50591
50592
50593
50594
50594
50598
50598
50601
50601
50603
50603
50605
50605
50606
50606
50584
50610
50610
50612
50612
50613
50613
50615
50617
50615
50618
50617
50618
50620
50623
50620
50624
50626
50623
50627
50624
50626
50627
50629
50629
50609
50635
50636
50636
50637
50639
50640
50637
50639
50640
50641
50641
50646
50646
50647
50647
50650
50650
50652
50652
50654
50654
50656
50656
50657
50657
50635
50661
50661
50662
50664
50662
50665
50667
50664
50665
50667
50668
50668
50673
50674
50673
50675
50674
50677
50679
50675
50677
50679
50680
50680
50660
50686
50687
50688
50689
50690
50691
50692
50693
50694
50695
50696
50697
50698
50699
50700
50685
50702
50703
50704
50705
50706
50707
50708
50709
50710
50711
50712
50713
50714
50715
50634
50717
50718
50719
50718
50719
50720
50720
50723
50725
50723
50725
50726
50729
50730
50726
50731
50729
50733
50730
50735
50731
50733
50735
50737
50737
50717
50743
50743
50745
50746
50745
50746
50747
50747
50750
50750
50753
50753
50755
50755
50757
50758
50759
50760
50757
50758
50759
50760
50761
50761
50742
50768
50769
50769
50771
50771
50772
50772
50775
50775
50777
50777
50779
50779
50781
50781
50783
50784
50783
50784
50785
50785
50789
50789
50791
50791
50768
50794
50794
50795
50795
50797
50797
50800
50800
50802
50802
50804
50804
50806
50806
50808
50808
50810
50810
50812
50812
50814
50814
50816
50816
50793
50819
50820
50821
50822
50820
50821
50823
50822
50826
50823
50826
50828
50831
50832
50833
50834
50828
50831
50835
50832
50833
50834
50835
50838
50838
50819
50845
50845
50846
50848
50846
50849
50848
50851
50853
50854
50849
50855
50857
50851
50853
50858
50854
50855
50861
50857
50858
50861
50864
50864
50844
50870
50871
50872
50871
50873
50872
50873
50875
50875
50879
50880
50879
50881
50883
50880
50881
50883
50884
50884
50888
50888
50891
50891
50892
50892
50870
50896
50897
50898
50896
50899
50897
50901
50903
50898
50904
50899
50906
50901
50903
50904
50906
50908
50913
50908
50914
50913
50914
50916
50916
50895
50921
50922
50923
50920
50925
50926
50926
50927
50927
50930
50930
50931
50931
50933
50933
50936
50937
50938
50936
50937
50939
50942
50938
50943
50939
50942
50943
50945
50945
50925
50951
50951
50952
50952
50955
50956
50957
50958
50955
50956
50959
50962
50957
50958
50959
50963
50967
50962
50968
50963
50967
50968
50970
50970
50950
50975
50977
50978
50869
50980
50981
50981
50983
50984
50983
50984
50985
50988
50989
50990
50985
50988
50991
50989
50990
50991
50994
50998
50999
50994
50998
50999
51000
51000
50980
51006
51006
51008
51009
51008
51010
51009
51012
51014
51010
51015
51017
51012
51018
51014
51015
51020
51017
51018
51023
51020
51023
51026
51026
51005
51031
51030
50818
51034
51035
51036
51037
51038
51035
51039
51041
51042
51043
51036
51044
51046
51037
51038
51039
51041
51047
51042
51043
51044
51046
51047
51052
51052
51034
51060
51061
51062
51063
51060
51061
51062
51064
51063
51064
51068
51068
51072
51072
51073
51073
51076
51076
51077
51077
51079
51079
51081
51081
51059
51085
51084
51087
51088
51088
51090
51090
51092
51092
51093
51095
51096
51097
51093
51098
51095
51096
51097
51100
51104
51098
51100
51104
51105
51105
51109
51109
51087
51113
51114
51113
51115
51117
51118
51114
51119
51115
51117
51118
51119
51121
51121
51127
51127
51129
51129
51130
51130
51132
51132
51135
51135
51112
51138
51139
51139
51141
51141
51143
51144
51143
51144
51145
51145
51149
51150
51149
51150
51151
51154
51151
51154
51155
51155
51158
51158
51161
51161
51138
51164
51164
51166
51166
51167
51167
51170
51170
51172
51172
51174
51174
51176
51176
51178
51178
51180
51180
51182
51183
51182
51183
51184
51184
51163
51189
51190
51188
51192
51137
51194
51195
51196
51197
51198
51199
51200
51201
51202
51203
51204
51205
51206
51207
51208
51209
51210
51211
51212
51213
51214
51215
51216
51217
51218
51219
51220
51221
51222
51223
51224
51225
51226
51227
51228
51229
51230
51231
51232
51233
51234
51235
51236
51237
51238
51239
51240
51241
51242
51243
50767
51245
51246
51246
51248
51248
51250
51251
51250
51251
51252
51252
51256
51256
51258
51259
51260
51261
51258
51262
51259
51260
51261
51262
51264
51264
51245
51271
51272
51273
51274
51275
51276
51271
51277
51279
51280
51281
51282
51272
51273
51274
51275
51276
51277
51279
51280
51281
51282
51283
51283
51270
51296
51297
51298
51299
51300
51301
51302
51303
51304
51305
51306
51295
51308
51309
51309
51311
51311
51312
51312
51314
51316
51317
51318
51314
51316
51319
51317
51322
51318
51324
51326
51319
51322
51324
51326
51327
51327
51308
51334
51334
51335
51335
51338
51338
51340
51341
51340
51342
51344
51341
51342
51344
51345
51345
51349
51349
51351
51351
51353
51353
51356
51356
51333
51359
51360
51358
51362
51363
51364
51365
51366
51367
51368
50317
51370
51371
51371
51372
51374
51375
51372
51374
51375
51376
51376
51381
51381
51383
51383
51384
51384
51386
51386
51389
51389
51390
51390
51392
51392
51370
51396
51397
51396
51397
51398
51401
51402
51403
51404
51405
51406
51398
51401
51402
51403
51404
51407
51405
51406
51413
51407
51413
51416
51416
51420
48706
51422
51423
51423
51425
51425
51427
51427
51428
51428
51431
51431
51432
51432
51435
51435
51437
51437
51439
51439
51441
51441
51442
51442
51444
51444
51422
51448
51448
51450
51450
51452
51452
51454
51455
51456
51454
51455
51457
51456
51457
51460
51460
51463
51465
51466
51463
51465
51466
51467
51467
51447
51473
51474
51475
51476
51474
51477
51475
51476
51479
51477
51479
51482
51482
51486
51486
51487
51489
51490
51487
51489
51490
51491
51491
51495
51495
51473
51499
51499
51501
51501
51503
51503
51504
51504
51506
51506
51508
51510
51511
51508
51510
51512
51511
51515
51517
51512
51515
51517
51518
51518
51498
51524
51525
51526
51527
51528
51529
51530
51531
51532
51533
51534
51535
51536
51537
51538
51539
51540
51541
51523
51543
51544
51545
51546
51547
51548
51549
51550
51551
51552
51553
51554
51555
51556
51557
51558
51559
51560
51561
51562
51563
51564
51565
51566
51567
51568
51569
51570
51571
51572
51573
51574
51575
51576
51577
51578
51579
51580
51581
51582
51583
51584
51585
51472
51587
51588
51588
51590
51591
51592
51593
51590
51591
51592
51594
51598
51593
51594
51599
51602
51603
51604
51598
51599
51602
51603
51604
51605
51605
51587
51613
51613
51615
51615
51616
51616
51619
51619
51621
51621
51622
51624
51622
51624
51625
51628
51629
51625
51630
51628
51629
51630
51632
51632
51612
51638
51639
51639
51641
51641
51643
51643
51644
51644
51646
51646
51648
51648
51651
51651
51652
51654
51652
51655
51657
51654
51655
51657
51658
51658
51638
51664
51664
51666
51666
51668
51669
51670
51671
51668
51669
51670
51672
51671
51676
51678
51679
51680
51672
51676
51678
51679
51680
51681
51681
51663
51689
51690
51691
51692
51693
51694
51695
51696
51697
51698
51699
51700
51701
51688
51703
51704
51705
51706
51707
51708
51709
51710
51711
51712
51713
51714
51715
51716
51717
51718
51719
51720
51721
51637
51723
51724
51724
51726
51726
51728
51728
51729
51729
51732
51733
51732
51733
51734
51734
51737
51737
51740
51740
51741
51741
51744
51744
51745
51745
51723
51749
51749
51751
51751
51752
51752
51755
51755
51756
51756
51759
51759
51761
51762
51763
51761
51762
51763
51764
51764
51769
51769
51770
51770
51748
51774
51775
51776
51777
51778
51779
51780
51781
51782
51783
51784
51785
51786
51787
51788
51789
51790
51791
51792
51793
51794
51795
51796
51797
51798
51799
51800
51801
51802
51803
51804
51805
51806
51807
51808
51809
51810
51811
51812
51813
51814
51815
51816
51817
51818
51819
51820
51773
51822
51823
51823
51824
51824
51826
51826
51828
51828
51830
51830
51832
51834
51832
51835
51834
51837
51839
51835
51840
51837
51839
51840
51842
51842
51822
51848
51848
51850
51850
51852
51852
51853
51855
51856
51853
51855
51857
51860
51856
51861
51857
51863
51865
51860
51861
51863
51865
51866
51866
51847
51873
51874
51875
51876
51877
51878
51879
51880
51881
51882
51883
51872
51885
51886
51886
51887
51887
51890
51891
51892
51893
51894
51890
51891
51895
51892
51893
51898
51901
51902
51894
51895
51898
51901
51902
51903
51903
51885
51911
51911
51913
51914
51915
51916
51913
51917
51914
51915
51919
51922
51923
51924
51916
51917
51925
51919
51922
51923
51924
51925
51928
51928
51910
51936
51937
51937
51939
51939
51940
51942
51940
51942
51943
51946
51947
51943
51946
51947
51948
51948
51953
51954
51953
51954
51955
51955
51959
51959
51936
51962
51962
51963
51963
51966
51966
51968
51968
51970
51971
51970
51972
51974
51971
51975
51972
51977
51979
51974
51975
51977
51979
51980
51980
51961
51987
51988
51986
51990
51935
51992
51993
51994
51995
51996
51997
51998
51999
52000
52001
52002
52003
52004
52005
52006
52007
52008
52009
52010
48089
52012
52013
52013
52015
52016
52017
52015
52016
52017
52018
52022
52018
52023
52025
52022
52026
52023
52028
52030
52025
52026
52028
52030
52031
52031
52012
52038
52038
52039
52039
52041
52041
52043
52043
52046
52046
52047
52049
52050
52047
52051
52053
52054
52049
52050
52051
52053
52054
52055
52055
52037
52063
52064
52064
52065
52065
52067
52069
52070
52071
52072
52073
52067
52069
52070
52071
52074
52079
52072
52073
52080
52074
52079
52080
52083
52083
52063
52089
52089
52091
52091
52093
52093
52094
52094
52097
52097
52099
52099
52101
52101
52103
52103
52105
52106
52105
52106
52107
52107
52110
52110
52088
52114
52115
52115
52116
52118
52119
52120
52116
52121
52118
52119
52123
52120
52121
52123
52126
52126
52130
52130
52132
52132
52135
52135
52136
52136
52114
52140
52140
52142
52142
52143
52143
52145
52145
52147
52147
52150
52150
52152
52152
52154
52155
52154
52156
52155
52158
52156
52158
52160
52160
52139
52165
52166
52166
52168
52169
52168
52169
52170
52173
52174
52175
52176
52177
52178
52170
52173
52179
52174
52175
52176
52177
52178
52179
52182
52182
52165
52191
52191
52193
52193
52195
52195
52197
52197
52198
52198
52200
52200
52202
52204
52202
52205
52207
52204
52205
52207
52208
52208
52213
52213
52190
52216
52217
52217
52218
52220
52221
52218
52220
52222
52221
52222
52225
52225
52228
52228
52230
52230
52232
52232
52234
52234
52237
52237
52239
52239
52216
52242
52242
52244
52244
52245
52247
52245
52248
52247
52248
52250
52250
52254
52254
52256
52257
52258
52256
52259
52257
52258
52259
52261
52261
52241
52267
52268
52268
52269
52269
52272
52272
52274
52274
52276
52277
52278
52279
52280
52276
52277
52281
52284
52278
52279
52280
52281
52284
52285
52285
52267
52293
52294
52295
52293
52296
52294
52295
52296
52298
52298
52302
52302
52304
52304
52307
52307
52308
52308
52310
52310
52312
52312
52314
52314
52292
52318
52319
52320
52321
52322
52323
52324
52325
52326
52327
52328
52329
52330
52331
52332
52333
52317
52335
52336
52336
52338
52338
52339
52339
52342
52343
52344
52342
52343
52344
52345
52345
52350
52350
52352
52353
52354
52352
52353
52354
52355
52355
52335
52361
52361
52363
52364
52363
52364
52365
52365
52369
52369
52371
52371
52372
52372
52375
52375
52377
52377
52379
52379
52381
52381
52383
52383
52360
52386
52387
52385
52389
52390
52391
52392
52393
52394
52395
52396
52397
52398
52399
52266
52401
52402
52403
52404
52405
52406
52407
52408
52409
52410
52411
52412
52413
52414
52415
52416
52417
52418
52419
52420
52421
52422
52423
52215
52425
52426
52426
52428
52428
52430
52430
52431
52431
52434
52434
52436
52436
52438
52438
52439
52441
52439
52442
52441
52442
52444
52444
52448
52448
52425
52451
52451
52452
52452
52455
52455
52457
52457
52459
52459
52461
52461
52463
52464
52463
52465
52467
52468
52464
52465
52467
52468
52469
52469
52450
52476
52477
52478
52477
52479
52478
52481
52483
52484
52485
52479
52486
52481
52483
52488
52484
52491
52493
52485
52486
52488
52491
52493
52494
52494
52476
52502
52502
52504
52505
52504
52505
52506
52506
52510
52510
52511
52511
52514
52514
52515
52515
52518
52518
52520
52521
52520
52521
52522
52522
52501
52527
52528
52528
52530
52530
52531
52533
52534
52531
52533
52534
52535
52535
52539
52541
52539
52542
52541
52542
52544
52544
52548
52548
52549
52549
52527
52553
52553
52555
52555
52556
52556
52558
52558
52560
52562
52563
52560
52562
52563
52564
52564
52569
52569
52571
52571
52573
52573
52574
52574
52552
52578
52579
52579
52581
52581
52583
52583
52584
52584
52586
52586
52589
52589
52591
52591
52593
52593
52595
52595
52597
52597
52599
52599
52600
52600
52578
52604
52604
52605
52607
52608
52605
52609
52611
52607
52608
52609
52611
52612
52612
52618
52618
52619
52621
52622
52619
52621
52622
52623
52623
52603
52629
52630
52631
52632
52633
52634
52635
52628
52637
52638
52639
52640
52577
52642
52643
52643
52645
52645
52647
52647
52649
52649
52650
52650
52653
52653
52654
52654
52657
52657
52658
52658
52660
52660
52663
52663
52665
52665
52642
52668
52669
52668
52670
52672
52673
52674
52669
52670
52672
52673
52675
52680
52681
52674
52682
52684
52675
52680
52681
52682
52684
52685
52685
52667
52693
52694
52695
52696
52697
52698
52699
52700
52701
52702
52703
52704
52705
52706
52707
52708
52709
52710
52711
52712
52713
52714
52715
52716
52717
52718
52719
52720
52721
52692
52723
52724
52724
52725
52725
52728
52729
52730
52731
52728
52732
52734
52729
52730
52731
52735
52732
52739
52734
52741
52735
52739
52741
52743
52743
52723
52749
52749
52751
52751
52752
52752
52754
52756
52754
52756
52757
52760
52757
52761
52760
52761
52763
52763
52767
52767
52768
52768
52770
52770
52748
52774
52775
52775
52777
52777
52779
52779
52781
52781
52783
52783
52785
52786
52787
52785
52788
52790
52786
52791
52787
52788
52790
52791
52793
52793
52774
52800
52800
52802
52803
52802
52804
52803
52804
52806
52806
52809
52809
52812
52812
52813
52813
52816
52816
52817
52817
52820
52820
52821
52821
52799
52825
52826
52826
52827
52827
52830
52830
52832
52833
52832
52834
52833
52836
52838
52834
52839
52841
52842
52836
52838
52839
52841
52842
52843
52843
52825
52851
52851
52852
52852
52854
52854
52857
52857
52859
52859
52861
52861
52863
52863
52865
52865
52866
52866
52869
52869
52870
52870
52873
52873
52850
52876
52877
52878
52879
52880
52881
52882
52883
52884
52885
52886
52875
52888
52889
52824
52891
52892
52893
52894
52895
52896
52897
52898
52899
52900
52901
52902
52773
52904
52905
52905
52907
52907
52909
52909
52911
52911
52912
52912
52914
52914
52917
52918
52919
52920
52921
52917
52918
52919
52920
52921
52922
52922
52904
52930
52930
52931
52933
52931
52933
52934
52934
52937
52937
52940
52941
52940
52941
52942
52945
52946
52942
52945
52946
52947
52947
52951
52951
52954
52526
52956
52957
52957
52959
52960
52959
52960
52961
52961
52965
52965
52966
52966
52969
52970
52969
52970
52971
52974
52975
52971
52974
52975
52976
52976
52956
52982
52982
52984
52985
52986
52987
52988
52989
52984
52985
52990
52993
52986
52994
52996
52987
52988
52989
52990
52993
52994
52996
52997
52997
52981
53007
53008
53009
53010
53008
53011
53009
53013
53010
53015
53017
53011
53018
53020
53021
53022
53013
53015
53017
53018
53020
53021
53022
53023
53023
53007
53033
53033
53035
53035
53036
53036
53039
53039
53040
53040
53042
53042
53044
53044
53046
53048
53046
53049
53048
53049
53051
53051
53055
53055
53032
53058
53059
53059
53061
53061
53063
53064
53065
53066
53063
53064
53065
53066
53067
53067
53073
53073
53075
53075
53077
53077
53079
53079
53080
53080
53058
53084
53084
53085
53085
53088
53088
53090
53090
53091
53093
53094
53095
53096
53097
53098
53091
53093
53094
53095
53096
53097
53098
53099
53099
53083
53109
53110
53110
53111
53111
53113
53113
53116
53116
53118
53118
53119
53119
53121
53121
53124
53124
53126
53126
53128
53128
53130
53130
53132
53132
53109
53135
53136
53135
53137
53139
53140
53136
53141
53143
53137
53139
53140
53141
53143
53144
53144
53151
53152
53151
53152
53153
53153
53156
53156
53134
53160
53161
53161
53162
53162
53165
53165
53166
53166
53169
53169
53171
53171
53173
53173
53175
53175
53177
53177
53179
53179
53181
53181
53183
53183
53160
53186
53187
53188
53186
53189
53187
53191
53193
53188
53189
53194
53191
53197
53193
53194
53197
53199
53199
53204
53204
53206
53206
53208
53208
53185
53211
53212
53212
53214
53214
53215
53215
53218
53218
53220
53220
53221
53221
53223
53223
53225
53227
53225
53227
53228
53228
53231
53231
53234
53234
53211
53237
53237
53239
53240
53241
53239
53242
53244
53240
53241
53245
53242
53248
53244
53245
53248
53250
53250
53255
53255
53257
53257
53259
53259
53236
53262
53263
53263
53265
53265
53267
53267
53268
53268
53271
53271
53272
53274
53272
53274
53275
53278
53279
53275
53278
53279
53280
53280
53284
53284
53262
53288
53288
53290
53290
53292
53292
53294
53295
53296
53294
53295
53297
53296
53300
53297
53302
53304
53305
53300
53302
53304
53305
53306
53306
53287
53313
53314
53315
53316
53312
53318
53319
53320
53321
53322
53323
53324
53325
53326
53327
53328
53329
53330
53261
53332
53333
53334
53335
53336
53337
53338
53339
53340
53341
53342
53343
53344
53345
53346
53347
53348
53349
53350
53351
53352
53353
53354
53355
53356
53357
53358
53359
53210
53361
53362
53363
53364
53365
53366
53367
53368
53369
53370
53371
53159
53373
53374
53374
53376
53376
53377
53377
53379
53379
53381
53383
53381
53383
53384
53384
53388
53388
53390
53390
53391
53393
53391
53393
53394
53394
53373
53399
53399
53400
53400
53402
53402
53405
53405
53407
53407
53409
53410
53411
53412
53413
53409
53410
53414
53411
53412
53413
53414
53417
53417
53398
53424
53425
53425
53427
53428
53427
53429
53431
53428
53429
53431
53432
53436
53432
53436
53437
53437
53440
53440
53443
53443
53445
53445
53447
53447
53424
53450
53451
53450
53451
53452
53455
53456
53457
53458
53459
53452
53455
53456
53457
53458
53459
53460
53460
53468
53468
53469
53469
53471
53471
53449
53475
53476
53476
53478
53478
53479
53479
53482
53482
53484
53485
53484
53486
53488
53489
53485
53486
53490
53488
53493
53489
53490
53493
53495
53495
53475
53501
53501
53503
53503
53505
53505
53507
53508
53509
53510
53511
53507
53512
53514
53508
53509
53510
53511
53512
53514
53515
53515
53523
53523
53500
53526
53527
53527
53528
53528
53531
53531
53532
53532
53535
53535
53537
53537
53538
53540
53538
53541
53540
53541
53543
53543
53546
53546
53549
53549
53526
53552
53552
53554
53554
53556
53556
53558
53558
53559
53559
53562
53562
53564
53565
53564
53565
53566
53566
53570
53570
53572
53572
53574
53574
53551
53577
53578
53579
53580
53581
53582
53583
53584
53585
53586
53587
53588
53589
53590
53591
53592
53593
53594
53595
53596
53597
53598
53599
53600
53601
53602
53603
53604
53605
53606
53607
53608
53609
53610
53611
53612
53576
53614
53615
53615
53617
53617
53619
53619
53621
53622
53621
53623
53625
53622
53626
53628
53623
53629
53631
53625
53626
53628
53629
53631
53632
53632
53614
53640
53640
53642
53643
53644
53645
53642
53646
53643
53648
53650
53651
53652
53644
53645
53646
53648
53650
53653
53651
53652
53653
53659
53659
53639
53665
53666
53667
53666
53668
53667
53668
53670
53673
53670
53674
53673
53674
53676
53676
53680
53680
53682
53682
53684
53684
53685
53685
53687
53687
53665
53691
53692
53693
53694
53691
53692
53693
53694
53695
53695
53701
53701
53703
53703
53705
53705
53707
53708
53707
53709
53708
53709
53711
53711
53690
53716
53717
53715
53719
53720
53721
53722
53723
53724
53725
53726
53727
53728
53729
53730
53731
53732
53733
53734
53664
53525
53737
53738
53739
53740
53741
53742
53743
53744
53745
53746
53747
53748
53749
53474
53751
53752
53753
53754
53755
53756
53757
53758
53759
53760
53761
53762
53763
53764
53765
53766
53767
53768
53769
53770
53423
53772
53773
53774
53773
53775
53777
53774
53775
53778
53781
53777
53778
53782
53785
53781
53786
53788
53782
53789
53785
53786
53788
53789
53791
53791
53772
53798
53798
53800
53801
53802
53803
53800
53804
53801
53802
53803
53806
53804
53806
53810
53810
53814
53814
53816
53816
53818
53818
53820
53820
53797
53823
53824
53825
53826
53827
53824
53828
53830
53825
53826
53831
53827
53828
53830
53831
53834
53834
53839
53839
53841
53841
53843
53843
53845
53845
53823
53849
53850
53849
53850
53851
53851
53855
53856
53857
53855
53858
53856
53857
53860
53863
53858
53864
53866
53860
53863
53864
53866
53867
53867
53873
53874
53875
53876
53877
53878
53879
53822
53881
53882
53883
53884
53885
53886
53887
53888
53889
53890
53891
53892
53893
53894
53895
53108
53897
53898
53898
53900
53900
53902
53902
53904
53904
53905
53907
53905
53907
53908
53908
53912
53912
53914
53915
53916
53914
53915
53916
53917
53917
53897
53923
53923
53924
53924
53926
53926
53929
53929
53931
53931
53933
53933
53934
53934
53936
53938
53939
53936
53938
53939
53940
53940
53944
53944
53922
53948
53949
53947
53951
53952
53953
53954
53955
53956
53957
53958
53959
53960
53961
53962
53963
53964
53965
53057
53967
53968
53969
53970
53971
53972
53973
53974
53975
53976
53977
53978
53979
53980
53981
53982
53983
53984
53985
53986
53987
53988
53989
53990
53991
53992
53993
53006
53995
53996
53996
53998
53998
54000
54000
54002
54003
54004
54005
54006
54007
54008
54002
54003
54009
54004
54005
54006
54007
54008
54009
54012
54012
53995
54021
54021
54023
54023
54025
54025
54027
54027
54029
54029
54031
54031
54032
54032
54034
54036
54037
54034
54036
54037
54038
54038
54043
54043
54020
54046
54047
54047
54048
54048
54050
54050
54053
54053
54055
54055
54057
54057
54058
54058
54061
54061
54063
54063
54064
54066
54064
54066
54067
54067
54046
54072
54072
54073
54073
54076
54076
54078
54078
54080
54080
54082
54083
54082
54083
54084
54084
54088
54088
54089
54089
54091
54091
54093
54093
54071
54097
54098
54098
54100
54101
54102
54103
54104
54100
54105
54107
54108
54109
54101
54110
54102
54103
54104
54105
54107
54108
54109
54110
54112
54112
54097
54123
54123
54124
54126
54127
54124
54126
54128
54131
54127
54128
54132
54135
54136
54137
54138
54131
54132
54135
54136
54137
54138
54139
54139
54122
54148
54149
54150
54151
54152
54153
54154
54155
54156
54147
54158
54159
54160
54161
54162
54163
54164
54165
54166
54167
54168
54169
54170
54171
54172
54173
54174
54175
54176
54177
54178
54179
54180
54181
54182
54183
54184
54185
54186
54187
54188
54189
54190
54191
54096
54193
54194
54195
54196
54197
54198
54199
54200
54201
54202
54203
54204
54205
54206
54207
54208
54209
54210
54211
54212
54213
54214
54215
54216
54217
54218
54219
54220
54221
54222
54223
54224
54045
54226
54227
54227
54229
54229
54231
54231
54232
54232
54235
54235
54237
54238
54239
54240
54237
54238
54239
54241
54245
54240
54241
54245
54246
54246
54226
54252
54252
54254
54254
54256
54257
54258
54256
54259
54257
54261
54258
54259
54261
54263
54263
54268
54268
54270
54270
54272
54272
54273
54273
54251
54277
54278
54279
54280
54281
54282
54283
54284
54285
54286
54287
54288
54289
54290
54291
54292
54293
54294
54295
54296
54297
54276
54299
54300
54300
54301
54303
54304
54301
54303
54305
54304
54308
54305
54308
54310
54310
54314
54314
54316
54317
54318
54316
54317
54318
54319
54319
54299
54325
54325
54327
54327
54329
54330
54329
54331
54333
54334
54335
54336
54330
54331
54337
54333
54334
54340
54335
54336
54337
54340
54343
54343
54324
54350
54351
54349
54353
54354
54355
54356
54357
54358
54359
54360
54361
54362
54363
54364
54365
54366
54367
54368
54369
54370
54371
54372
54373
54374
54375
54376
54377
54378
54379
54380
54381
54382
54383
52475
54385
54386
54386
54387
54387
54390
54390
54392
54392
54394
54395
54394
54395
54396
54396
54400
54400
54401
54401
54404
54404
54406
54406
54408
54408
54385
54411
54411
54413
54414
54415
54413
54416
54414
54418
54420
54421
54422
54423
54415
54424
54416
54418
54420
54421
54422
54423
54424
54426
54426
54410
54436
54437
54435
54439
54440
54441
52164
54443
54444
54444
54445
54445
54447
54447
54450
54450
54452
54453
54452
54454
54453
54454
54456
54456
54460
54461
54460
54462
54461
54462
54464
54464
54443
54469
54470
54471
54472
54469
54473
54470
54471
54472
54473
54475
54475
54481
54481
54482
54482
54484
54484
54487
54487
54489
54489
54490
54490
54468
54494
54495
54495
54496
54496
54499
54499
54501
54501
54503
54503
54505
54505
54507
54507
54508
54508
54511
54511
54512
54512
54514
54514
54516
54516
54494
54520
54520
54522
54522
54523
54523
54526
54526
54528
54528
54530
54530
54532
54532
54533
54533
54536
54537
54536
54537
54538
54538
54541
54541
54519
54545
54546
54547
54548
54549
54550
54544
54552
54553
54554
54553
54554
54555
54555
54559
54559
54561
54561
54563
54563
54565
54566
54565
54567
54566
54569
54571
54567
54569
54571
54572
54572
54552
54578
54578
54580
54580
54582
54582
54583
54583
54586
54586
54588
54588
54590
54590
54592
54592
54594
54594
54596
54596
54598
54598
54599
54599
54577
54603
54604
54605
54606
54607
54608
54609
54610
54611
54612
54613
54614
54615
54616
54617
54618
54619
54620
54621
54622
54623
54624
54625
54626
54627
54628
54629
54630
54631
54632
54633
54634
54635
54636
54637
54638
54639
54640
54641
54642
54643
54644
54645
54646
54647
54648
54602
54650
54651
54652
54493
54654
54655
54656
54657
54655
54658
54660
54656
54657
54658
54661
54660
54665
54661
54665
54667
54667
54670
54670
54673
54673
54674
54674
54677
54677
54654
54680
54680
54682
54682
54684
54685
54686
54687
54688
54689
54684
54685
54686
54687
54688
54689
54690
54690
54697
54697
54699
54699
54701
54701
54679
54705
54706
54707
54706
54707
54708
54708
54712
54712
54714
54715
54716
54717
54714
54715
54718
54716
54717
54718
54721
54725
54721
54725
54726
54726
54705
54731
54731
54732
54732
54735
54736
54735
54737
54739
54740
54741
54742
54736
54737
54739
54740
54741
54742
54743
54743
54750
54750
54753
54753
54730
54756
54757
54758
54759
54760
54761
54762
54763
54764
54765
54766
54767
54768
54769
54770
54771
54772
54773
54774
54775
54776
54777
54778
54779
54780
54781
54782
54783
54784
54785
54786
54787
54788
54789
54790
54791
54792
54793
54794
54755
54796
54797
54797
54798
54798
54800
54800
54802
54804
54802
54805
54804
54805
54807
54807
54810
54812
54810
54812
54813
54813
54816
54816
54819
54819
54796
54822
54822
54824
54825
54826
54827
54824
54828
54830
54831
54825
54832
54826
54827
54828
54830
54834
54839
54831
54832
54834
54839
54840
54840
54821
54847
54848
54849
54850
54851
54852
54853
54854
54855
54856
54857
54858
54859
54860
54861
54862
54863
54864
54865
54866
54867
54868
54869
54846
54871
54872
54873
54874
54875
54876
54877
54878
54879
54880
54881
54882
54883
54884
54885
54886
54887
54888
54889
54890
54891
54892
54893
54894
54895
54896
54897
54898
54899
54900
54901
54902
54903
54904
54704
54906
54907
54907
54908
54908
54911
54911
54913
54913
54915
54915
54916
54918
54919
54920
54921
54922
54916
54918
54919
54920
54921
54922
54923
54923
54906
54932
54932
54934
54934
54936
54936
54938
54938
54939
54939
54942
54942
54943
54945
54943
54945
54946
54946
54949
54949
54951
54951
54953
54953
54931
54957
54958
54958
54960
54960
54962
54963
54962
54963
54964
54964
54967
54967
54970
54970
54972
54972
54974
54974
54976
54977
54976
54977
54978
54978
54957
54983
54983
54985
54985
54987
54988
54987
54988
54989
54992
54989
54992
54993
54993
54996
54996
54999
54999
55001
55001
55003
55003
55004
55004
54982
55008
55009
55010
55011
55012
55013
55014
55015
55016
55017
55018
55019
55007
55021
54956
55023
55024
55024
55026
55027
55028
55026
55027
55028
55029
55029
55033
55035
55033
55035
55036
55036
55040
55040
55042
55042
55044
55044
55046
55046
55023
55049
55049
55051
55051
55053
55053
55054
55054
55057
55057
55059
55059
55060
55060
55062
55062
55065
55065
55067
55067
55069
55069
55070
55070
55048
55074
55075
55076
55075
55076
55077
55077
55081
55081
55082
55082
55084
55086
55087
55084
55086
55087
55088
55092
55093
55088
55092
55093
55094
55094
55074
55100
55100
55101
55101
55104
55104
55106
55106
55108
55109
55110
55108
55111
55109
55110
55113
55116
55111
55113
55117
55116
55117
55120
55120
55099
55125
55126
55126
55128
55129
55128
55129
55130
55133
55130
55134
55133
55136
55138
55139
55134
55140
55136
55138
55139
55142
55140
55142
55146
55146
55125
55151
55151
55153
55153
55154
55156
55157
55154
55156
55157
55158
55158
55163
55164
55163
55165
55164
55167
55165
55169
55167
55169
55171
55171
55150
55176
55177
55178
55179
55180
55181
55182
55183
55184
55175
55186
55187
55188
55189
55124
55191
55192
55193
55194
55195
55196
55197
55198
55199
55200
55201
55202
55203
55204
55205
55206
55207
55073
55209
55210
55210
55212
55212
55214
55214
55215
55217
55215
55217
55218
55218
55222
55222
55223
55223
55226
55226
55227
55227
55229
55229
55232
55232
55209
55235
55236
55237
55235
55238
55236
55237
55240
55238
55243
55245
55240
55246
55248
55249
55243
55245
55246
55248
55249
55250
55250
55257
55257
55234
55260
55261
55262
55263
55264
55265
55266
55267
55268
55269
55270
55271
55272
55273
55274
55275
55276
55277
55278
55279
55280
55281
55282
55283
55259
55285
55286
55287
52113
55289
55290
55291
55290
55292
55291
55294
55296
55297
55292
55298
55294
55296
55297
55298
55300
55300
55306
55306
55308
55308
55310
55310
55311
55311
55289
55315
55315
55317
55317
55319
55319
55320
55322
55320
55323
55325
55326
55322
55323
55325
55326
55327
55327
55333
55333
55335
55335
55336
55336
55314
55340
55341
55341
55342
55342
55345
55346
55345
55347
55346
55349
55351
55352
55347
55353
55355
55356
55349
55351
55352
55353
55355
55356
55357
55357
55340
55366
55366
55368
55368
55369
55369
55371
55371
55373
55373
55376
55376
55377
55377
55380
55381
55380
55382
55381
55382
55384
55384
55387
55387
55365
55391
55392
55392
55393
55393
55396
55397
55398
55399
55396
55397
55400
55403
55404
55405
55398
55406
55399
55400
55403
55404
55405
55406
55408
55408
55391
55417
55417
55419
55420
55419
55421
55423
55420
55421
55423
55424
55424
55428
55428
55431
55432
55431
55432
55433
55433
55437
55437
55439
55439
55416
55442
55443
55443
55445
55446
55447
55445
55448
55446
55447
55448
55450
55454
55450
55455
55454
55457
55455
55459
55457
55461
55459
55461
55463
55463
55442
55468
55468
55469
55469
55472
55472
55473
55473
55476
55476
55477
55477
55480
55480
55482
55482
55484
55484
55486
55486
55488
55488
55490
55490
55467
55493
55494
55495
55496
55497
55498
55499
55500
55501
55502
55503
55504
55505
55506
55507
55508
55509
55510
55511
55512
55513
55514
55515
55516
55517
55518
55519
55520
55492
55522
55523
55524
55441
55526
55527
55527
55529
55529
55530
55532
55530
55532
55533
55536
55537
55538
55533
55536
55537
55538
55539
55544
55539
55545
55544
55545
55547
55547
55526
55552
55552
55554
55554
55556
55556
55557
55557
55560
55561
55562
55563
55560
55561
55562
55563
55564
55564
55570
55570
55571
55571
55573
55573
55551
55577
55578
55578
55579
55579
55582
55582
55584
55584
55586
55586
55587
55587
55590
55590
55592
55593
55594
55592
55595
55593
55594
55595
55597
55597
55577
55603
55603
55604
55604
55607
55607
55608
55608
55611
55611
55612
55612
55614
55614
55617
55618
55619
55617
55620
55618
55619
55620
55622
55622
55602
55628
55629
55630
55631
55632
55633
55634
55635
55636
55637
55638
55639
55640
55641
55642
55643
55644
55645
55646
55647
55648
55649
55627
55651
55652
55653
55654
55655
55656
55657
55658
55659
55660
55661
55662
55663
55664
55665
55666
55667
55668
55669
55670
55671
55672
55673
55674
55675
55676
55677
55678
55679
55680
55681
55682
55683
55684
55685
55686
55687
55576
55689
55690
55690
55692
55692
55694
55694
55696
55696
55698
55698
55699
55699
55702
55702
55704
55705
55704
55705
55706
55706
55710
55710
55711
55711
55689
55715
55715
55717
55718
55719
55720
55721
55722
55717
55723
55718
55725
55727
55719
55720
55728
55721
55722
55723
55725
55727
55728
55731
55731
55714
55740
55741
55742
55743
55744
55745
55746
55747
55748
55739
55750
55751
55751
55753
55753
55754
55754
55757
55757
55759
55759
55760
55760
55763
55764
55763
55764
55765
55765
55769
55769
55771
55771
55773
55773
55750
55776
55777
55778
55776
55779
55777
55781
55778
55783
55779
55785
55781
55787
55783
55785
55787
55789
55789
55794
55795
55794
55795
55796
55796
55775
55801
55802
55803
55804
55805
55806
55807
55808
55809
55810
55811
55812
55813
55814
55815
55816
55817
55818
55819
55820
55821
55822
55823
55824
55825
55826
55827
55828
55829
55830
55831
55832
55833
55834
55835
55836
55837
55838
55839
55840
55800
55390
55843
55844
55844
55846
55846
55848
55848
55850
55850
55851
55851
55854
55854
55856
55856
55858
55858
55860
55860
55861
55861
55864
55864
55865
55865
55843
55869
55869
55870
55870
55873
55873
55874
55874
55876
55876
55879
55879
55881
55882
55883
55881
55884
55886
55882
55883
55884
55886
55887
55887
55868
55894
55895
55895
55897
55897
55899
55899
55901
55902
55901
55902
55903
55903
55907
55907
55909
55909
55911
55911
55913
55913
55915
55915
55916
55916
55894
55920
55920
55922
55922
55923
55923
55926
55926
55927
55927
55930
55931
55932
55930
55931
55932
55933
55933
55937
55937
55940
55940
55942
55942
55919
55945
55946
55946
55948
55948
55950
55950
55952
55953
55952
55953
55954
55957
55958
55959
55960
55954
55961
55957
55958
55959
55960
55961
55963
55963
55945
55971
55971
55973
55973
55975
55975
55977
55977
55979
55980
55981
55982
55979
55980
55981
55983
55987
55988
55982
55983
55987
55988
55989
55989
55970
55996
55997
55998
55999
56000
56001
56002
56003
56004
56005
56006
56007
56008
56009
56010
56011
56012
56013
56014
56015
56016
56017
56018
56019
56020
56021
56022
56023
56024
56025
56026
56027
56028
56029
56030
55995
56032
56033
56034
56035
56036
56037
56038
56039
56040
56041
56042
56043
56044
56045
56046
56047
56048
56049
56050
56051
56052
56053
56054
56055
56056
56057
56058
56059
56060
56061
56062
56063
56064
56065
56066
56067
56068
56069
56070
56071
56072
56073
56074
56075
55944
56077
56078
56079
56080
56081
56082
56083
56084
56085
56086
56087
56088
56089
56090
56091
56092
56093
56094
56095
56096
56097
56098
56099
56100
56101
56102
56103
56104
56105
56106
56107
56108
56109
56110
56111
56112
56113
56114
56115
56116
56117
56118
56119
56120
56121
56122
55893
56124
55339
56126
56127
56128
56127
56129
56131
56132
56128
56129
56131
56133
56132
56133
56137
56140
56141
56137
56142
56140
56144
56141
56142
56144
56146
56146
56126
56152
56152
56154
56154
56156
56156
56158
56158
56159
56159
56162
56162
56163
56163
56166
56166
56168
56169
56168
56169
56170
56170
56174
56174
56151
56177
56178
56179
56180
56181
56182
56183
56184
56185
56186
56187
56188
56189
56190
56191
56192
56193
56194
56195
56196
56197
56176
56199
56200
56201
56202
56203
56204
56205
56206
52062
56208
56209
56209
56210
56210
56213
56213
56215
56215
56217
56217
56219
56219
56221
56222
56221
56223
56222
56225
56227
56223
56225
56227
56228
56228
56208
56234
56235
56236
56237
56238
56239
56240
56241
56234
56242
56244
56235
56236
56245
56237
56238
56239
56240
56241
56242
56244
56245
56248
56248
56233
56259
56260
56260
56261
56263
56261
56263
56264
56264
56267
56267
56270
56271
56272
56270
56271
56272
56273
56273
56277
56277
56279
56279
56281
56281
56259
56285
56286
56287
56288
56285
56289
56286
56287
56291
56294
56288
56295
56289
56297
56291
56299
56294
56301
56295
56297
56299
56301
56303
56303
56284
56310
56311
56311
56313
56313
56315
56316
56317
56318
56315
56316
56319
56322
56323
56324
56325
56317
56318
56319
56322
56323
56324
56325
56326
56326
56310
56336
56336
56338
56339
56340
56338
56339
56340
56341
56341
56346
56347
56346
56347
56348
56348
56351
56351
56353
56355
56353
56355
56356
56356
56335
56361
56362
56363
56362
56363
56364
56364
56368
56369
56368
56370
56372
56369
56373
56370
56375
56377
56372
56373
56375
56377
56378
56378
56384
56384
56361
56387
56387
56389
56390
56391
56392
56393
56394
56389
56390
56391
56392
56395
56400
56401
56393
56394
56395
56400
56401
56402
56402
56408
56408
56386
56412
56413
56413
56415
56416
56415
56417
56419
56416
56420
56417
56419
56420
56422
56422
56427
56428
56429
56430
56427
56428
56429
56430
56431
56431
56412
56438
56438
56439
56439
56441
56441
56443
56443
56446
56446
56448
56448
56450
56451
56450
56452
56451
56454
56456
56452
56454
56456
56457
56457
56437
56463
56464
56464
56466
56466
56467
56467
56469
56469
56472
56472
56473
56473
56476
56477
56478
56476
56479
56477
56481
56478
56479
56481
56483
56483
56463
56489
56489
56490
56490
56492
56492
56494
56496
56494
56497
56499
56500
56496
56497
56499
56500
56501
56501
56507
56507
56509
56509
56511
56511
56488
56514
56515
56515
56516
56518
56519
56516
56520
56522
56518
56519
56523
56526
56520
56522
56527
56523
56526
56527
56530
56530
56535
56535
56537
56537
56514
56540
56540
56542
56542
56544
56544
56546
56547
56548
56549
56546
56547
56548
56549
56550
56550
56556
56556
56558
56558
56560
56560
56561
56561
56539
56565
56566
56567
56568
56569
56570
56571
56572
56573
56574
56575
56576
56577
56578
56579
56580
56581
56582
56583
56584
56585
56586
56587
56588
56589
56590
56591
56592
56593
56594
56564
56596
56597
56598
56599
56600
56601
56602
56603
56604
56605
56606
56607
56513
56609
56610
56610
56611
56611
56613
56613
56616
56616
56618
56618
56619
56619
56622
56623
56622
56624
56626
56623
56627
56624
56626
56627
56629
56629
56609
56635
56635
56636
56636
56639
56639
56641
56641
56643
56644
56643
56645
56644
56647
56645
56649
56651
56652
56647
56649
56651
56652
56653
56653
56634
56660
56661
56662
56663
56664
56665
56666
56667
56668
56669
56670
56671
56672
56673
56674
56675
56676
56677
56678
56679
56680
56681
56682
56683
56684
56685
56686
56687
56688
56689
56690
56691
56692
56693
56659
56695
56696
56697
56698
56699
56700
56701
56702
56703
56462
56705
56706
56707
56708
56709
56411
56711
56712
56713
56714
56715
56716
56717
56718
56719
56720
56721
56722
56723
56724
56725
56726
56727
56728
56729
56730
56731
56732
56733
56734
56735
56736
56737
56738
56739
56740
56741
56742
56743
56744
56745
56746
56747
56748
56749
56750
56751
56752
56753
56754
56755
56756
56757
56758
56759
56760
56360
56762
56763
56763
56765
56766
56765
56767
56769
56766
56767
56769
56770
56770
56775
56775
56776
56776
56778
56778
56781
56781
56782
56782
56785
56785
56762
56788
56788
56789
56789
56791
56791
56794
56794
56795
56797
56795
56798
56800
56797
56798
56800
56801
56801
56806
56807
56806
56807
56808
56808
56787
56813
56814
56815
56816
56817
56818
56819
56820
56821
56822
56823
56824
56825
56826
56827
56828
56829
56830
56831
56832
56833
56834
56835
56836
56837
56838
56839
56840
56841
56812
56843
56844
56845
56846
56847
56848
56849
56844
56845
56846
56850
56847
56854
56856
56848
56849
56857
56860
56850
56854
56856
56857
56860
56861
56861
56843
56869
56869
56870
56870
56873
56873
56875
56876
56875
56876
56877
56880
56877
56881
56883
56884
56880
56881
56885
56883
56884
56885
56888
56888
56868
56894
56895
56896
56897
56898
56899
56900
56901
56902
56903
56904
56905
56906
56907
56893
56909
56910
56911
56912
56913
56914
56915
56916
56917
56918
56919
56920
56921
56922
56923
56924
56925
56926
56927
56928
56929
56930
56931
56932
56309
56934
56935
56936
56937
56938
56939
56935
56940
56936
56942
56944
56937
56938
56945
56948
56949
56939
56940
56942
56944
56945
56948
56949
56950
56950
56934
56960
56961
56960
56962
56964
56961
56965
56967
56962
56968
56964
56970
56965
56972
56967
56974
56968
56976
56970
56972
56974
56976
56978
56978
56959
56985
56986
56987
56988
56989
56990
56991
56992
56993
56994
56995
56996
56997
56998
56999
57000
57001
57002
57003
57004
57005
57006
57007
57008
57009
57010
57011
57012
57013
57014
57015
57016
57017
57018
57019
57020
57021
57022
57023
57024
57025
57026
57027
57028
57029
57030
56984
57032
57033
57034
57035
56258
57037
57038
57038
57040
57040
57041
57041
57044
57044
57046
57047
57046
57047
57048
57048
57051
57051
57054
57055
57054
57055
57056
57056
57060
57060
57037
57063
57063
57064
57064
57067
57068
57069
57067
57070
57072
57068
57073
57069
57075
57070
57072
57073
57077
57081
57075
57077
57081
57082
57082
57062
57088
57089
57090
57091
57089
57090
57092
57095
57091
57092
57095
57096
57096
57101
57101
57103
57103
57104
57104
57107
57107
57109
57109
57111
57111
57088
57114
57115
57114
57116
57118
57119
57115
57116
57120
57118
57123
57119
57120
57123
57125
57125
57130
57131
57130
57132
57131
57132
57134
57134
57113
57139
57140
57141
57142
57143
57144
57145
57146
57147
57148
57149
57150
57151
57152
57153
57154
57155
57156
57157
57158
57159
57160
57161
57162
57163
57164
57138
57166
57167
57167
57169
57170
57169
57170
57171
57171
57174
57174
57177
57177
57179
57179
57181
57181
57182
57182
57185
57186
57185
57186
57187
57187
57166
57192
57192
57194
57194
57195
57195
57197
57197
57200
57200
57202
57202
57204
57205
57204
57205
57206
57206
57209
57211
57209
57211
57212
57212
57191
57217
57218
57218
57220
57220
57221
57221
57224
57224
57225
57225
57227
57229
57227
57229
57230
57230
57233
57233
57236
57237
57236
57237
57238
57238
57217
57243
57243
57245
57245
57247
57247
57249
57249
57251
57251
57252
57252
57255
57255
57257
57257
57259
57260
57261
57259
57260
57261
57262
57262
57242
57268
57269
57269
57271
57271
57272
57272
57275
57275
57276
57276
57278
57280
57278
57280
57281
57281
57285
57285
57286
57286
57289
57289
57291
57291
57268
57294
57295
57296
57297
57294
57298
57295
57300
57296
57297
57302
57305
57306
57307
57308
57298
57300
57302
57305
57306
57307
57308
57309
57309
57293
57319
57320
57321
57322
57323
57318
57325
57326
57327
57328
57329
57330
57331
57332
57333
57334
57335
57336
57337
57338
57339
57340
57341
57342
57343
57344
57345
57267
57347
57348
57348
57350
57350
57352
57352
57353
57355
57356
57357
57353
57355
57356
57358
57362
57357
57363
57358
57362
57365
57363
57365
57368
57368
57347
57373
57374
57375
57376
57373
57377
57379
57380
57381
57382
57383
57374
57384
57375
57376
57377
57379
57380
57381
57382
57383
57384
57386
57386
57372
57398
57399
57400
57401
57402
57403
57404
57405
57406
57407
57408
57409
57410
57411
57412
57397
57414
57415
57415
57416
57418
57419
57416
57418
57420
57419
57420
57423
57423
57427
57427
57429
57429
57431
57431
57433
57433
57435
57435
57436
57436
57414
57440
57440
57441
57441
57444
57444
57446
57447
57446
57448
57450
57451
57452
57453
57454
57447
57448
57450
57451
57452
57453
57454
57455
57455
57439
57465
57466
57467
57468
57466
57467
57469
57468
57472
57474
57469
57475
57477
57472
57478
57480
57474
57481
57475
57477
57478
57480
57481
57483
57483
57465
57491
57491
57493
57493
57494
57494
57496
57496
57499
57499
57500
57500
57502
57502
57505
57505
57507
57507
57509
57509
57511
57511
57512
57512
57515
57516
57517
57464
57519
57520
57520
57522
57522
57524
57524
57526
57526
57528
57529
57528
57529
57530
57533
57534
57530
57535
57537
57533
57534
57535
57537
57538
57538
57519
57545
57545
57546
57548
57549
57546
57550
57548
57552
57549
57554
57550
57552
57554
57556
57556
57560
57560
57563
57563
57565
57565
57567
57567
57544
57570
57571
57571
57573
57573
57575
57576
57577
57575
57576
57578
57577
57578
57581
57581
57585
57585
57586
57588
57589
57586
57588
57589
57590
57590
57570
57596
57596
57598
57598
57599
57599
57602
57602
57603
57603
57605
57607
57608
57605
57609
57607
57611
57608
57609
57613
57611
57613
57616
57616
57595
57621
57622
57623
57624
57625
57626
57627
57628
57629
57630
57631
57632
57633
57634
57620
57636
57637
57637
57639
57640
57639
57641
57640
57643
57641
57645
57647
57648
57649
57650
57643
57651
57645
57647
57648
57649
57650
57651
57653
57653
57636
57662
57663
57662
57664
57663
57666
57668
57669
57670
57664
57671
57666
57668
57673
57669
57676
57670
57671
57673
57676
57678
57678
57683
57683
57661
57687
57688
57689
57690
57691
57692
57693
57694
57686
57696
57697
57697
57699
57699
57701
57701
57702
57702
57705
57705
57706
57706
57708
57708
57710
57710
57713
57713
57715
57716
57715
57716
57717
57717
57696
57722
57722
57723
57723
57726
57727
57728
57729
57730
57726
57727
57728
57731
57735
57736
57737
57729
57730
57731
57735
57736
57737
57738
57738
57746
57747
57748
57749
57750
57751
57752
57753
57754
57569
57756
57757
57757
57759
57759
57761
57761
57763
57763
57764
57764
57766
57766
57768
57768
57770
57770
57773
57773
57775
57776
57775
57776
57777
57777
57756
57782
57782
57784
57784
57786
57787
57786
57788
57787
57790
57792
57793
57794
57795
57796
57788
57790
57792
57793
57794
57795
57796
57797
57797
57781
57807
57808
57809
57810
57811
57812
57813
57814
57815
57816
57817
57818
57806
57216
57821
57822
57822
57824
57824
57826
57826
57828
57828
57829
57829
57831
57831
57834
57834
57835
57835
57837
57837
57840
57840
57841
57841
57844
57844
57821
57847
57848
57849
57850
57847
57851
57853
57848
57854
57849
57856
57858
57859
57850
57860
57851
57853
57854
57856
57858
57859
57860
57862
57862
57846
57872
57873
57873
57875
57876
57877
57878
57879
57875
57876
57880
57877
57883
57885
57886
57878
57879
57880
57883
57885
57886
57887
57887
57895
57895
57872
57898
57898
57900
57901
57902
57903
57904
57905
57906
57907
57900
57908
57901
57902
57910
57903
57904
57905
57906
57907
57908
57910
57913
57913
57897
57923
57924
57924
57926
57926
57928
57928
57930
57930
57932
57932
57933
57933
57936
57936
57937
57939
57940
57941
57937
57939
57940
57941
57942
57942
57923
57949
57949
57951
57952
57953
57954
57951
57952
57955
57958
57959
57960
57961
57962
57953
57954
57955
57958
57959
57960
57961
57962
57963
57963
57948
57974
57973
57976
57977
57978
57979
57980
57981
57982
57983
57984
57985
57986
57987
57988
57989
57990
57991
57992
57993
57994
57995
57996
57997
57998
57999
58000
57922
58002
58003
58003
58005
58006
58007
58005
58006
58007
58008
58008
58013
58014
58013
58014
58015
58015
58018
58018
58020
58022
58020
58022
58023
58023
58002
58028
58028
58029
58031
58029
58031
58032
58035
58036
58037
58032
58038
58035
58036
58037
58038
58040
58040
58045
58047
58045
58047
58048
58048
58027
58053
58054
58055
58056
58052
58058
58059
58060
58061
58062
58063
58064
57871
58066
58067
58067
58068
58068
58070
58070
58073
58073
58075
58076
58077
58078
58075
58076
58079
58082
58077
58083
58078
58079
58082
58083
58085
58085
58066
58092
58092
58094
58094
58096
58097
58096
58098
58100
58097
58098
58101
58104
58105
58100
58101
58104
58105
58106
58106
58111
58111
58114
58114
58091
58117
58118
58119
58120
58121
58122
58123
58116
58125
58126
58127
58128
58129
58130
58131
58132
58133
58134
58135
58136
58137
58138
58139
58140
58141
58142
58143
58144
58145
57087
58147
58148
58149
58150
58151
58152
58148
58149
58153
58156
58157
58158
58150
58151
58159
58162
58152
58153
58156
58157
58158
58159
58162
58163
58163
58147
58173
58174
58175
58173
58176
58178
58179
58180
58181
58182
58174
58175
58183
58186
58176
58178
58179
58180
58181
58182
58183
58186
58187
58187
58172
58198
58199
58199
58201
58201
58203
58203
58205
58206
58207
58208
58209
58205
58210
58212
58206
58207
58213
58208
58209
58210
58212
58213
58216
58216
58198
58224
58224
58225
58225
58228
58229
58228
58230
58229
58230
58232
58232
58235
58235
58238
58239
58238
58240
58239
58240
58242
58242
58246
58246
58223
58249
58250
58250
58251
58251
58254
58254
58256
58256
58258
58258
58259
58261
58262
58259
58261
58262
58263
58267
58268
58263
58267
58268
58269
58269
58249
58275
58275
58277
58277
58279
58279
58281
58281
58283
58283
58284
58284
58287
58287
58288
58288
58290
58290
58293
58294
58293
58294
58295
58295
58274
58300
58301
58301
58303
58304
58305
58306
58307
58308
58309
58310
58303
58304
58305
58311
58306
58307
58315
58308
58309
58310
58311
58315
58318
58318
58300
58326
58327
58326
58328
58330
58331
58332
58327
58328
58333
58330
58331
58332
58333
58336
58341
58342
58336
58341
58342
58343
58343
58348
58348
58325
58351
58352
58353
58354
58355
58356
58357
58358
58359
58360
58361
58362
58363
58364
58365
58366
58367
58368
58369
58350
58371
58372
58373
58374
58372
58375
58377
58373
58378
58374
58380
58375
58377
58378
58382
58386
58387
58388
58380
58382
58386
58387
58388
58389
58389
58371
58397
58398
58399
58400
58397
58401
58403
58398
58399
58400
58404
58401
58408
58410
58403
58411
58413
58404
58408
58410
58411
58413
58414
58414
58396
58422
58423
58423
58425
58425
58427
58428
58429
58427
58430
58428
58429
58430
58432
58432
58437
58438
58439
58440
58437
58438
58439
58440
58441
58441
58422
58448
58448
58449
58449
58451
58451
58454
58455
58456
58454
58455
58456
58457
58457
58461
58461
58464
58464
58466
58467
58466
58467
58468
58468
58447
58473
58474
58474
58476
58476
58477
58479
58480
58481
58477
58482
58479
58484
58480
58486
58488
58489
58481
58482
58484
58486
58488
58489
58490
58490
58473
58499
58499
58500
58500
58502
58502
58504
58504
58507
58507
58508
58508
58511
58511
58513
58513
58515
58515
58517
58517
58519
58519
58520
58520
58498
58524
58525
58526
58527
58525
58526
58528
58531
58527
58532
58534
58535
58536
58528
58531
58537
58540
58532
58534
58535
58536
58537
58540
58541
58541
58524
58550
58550
58552
58552
58554
58554
58555
58555
58558
58558
58560
58560
58562
58562
58564
58564
58565
58565
58568
58568
58569
58569
58571
58571
58549
58574
58576
58577
58578
58523
58580
58581
58581
58583
58584
58585
58586
58587
58583
58584
58585
58586
58588
58587
58588
58593
58593
58596
58596
58598
58598
58601
58601
58602
58602
58580
58606
58607
58608
58606
58607
58609
58612
58608
58609
58613
58612
58613
58616
58619
58616
58619
58620
58620
58624
58624
58626
58626
58627
58627
58630
58631
58632
58633
58634
58635
58636
58637
58638
58639
58640
58641
58642
58643
58472
58645
58646
58647
58648
58649
58650
58651
58652
58653
58654
58655
58656
58657
58658
58659
58660
58661
58662
58663
58664
58665
58666
58667
58668
58669
58670
58671
58672
58673
58674
58675
58676
58677
58678
58679
58680
58681
58682
58683
58684
58421
58686
58687
58688
58689
58690
58691
58692
58693
58694
58695
58696
58697
58698
58699
58700
58701
58702
58703
58704
58705
58706
58707
58708
58709
58710
58711
58712
58713
58714
58715
58716
58717
58718
58719
58720
58721
58722
58723
58724
58725
58726
58299
58728
58729
58729
58730
58730
58732
58732
58734
58734
58737
58737
58739
58739
58740
58740
58743
58743
58744
58744
58746
58748
58746
58748
58749
58749
58728
58754
58754
58756
58756
58758
58758
58760
58760
58762
58762
58763
58763
58766
58767
58766
58768
58770
58771
58767
58768
58770
58771
58772
58772
58778
58779
58780
58781
58248
58783
58784
58785
58786
58784
58787
58785
58789
58791
58792
58793
58786
58794
58787
58796
58798
58789
58791
58792
58793
58794
58796
58798
58799
58799
58783
58809
58809
58811
58812
58811
58812
58813
58816
58813
58816
58817
58817
58821
58821
58823
58824
58823
58824
58825
58828
58825
58828
58829
58829
58808
58834
58835
58835
58837
58837
58839
58840
58839
58840
58841
58841
58845
58845
58847
58847
58848
58848
58851
58851
58852
58852
58854
58854
58856
58856
58834
58860
58860
58862
58862
58863
58863
58865
58865
58868
58868
58870
58871
58870
58872
58871
58874
58876
58877
58872
58874
58876
58877
58878
58878
58859
58885
58886
58886
58888
58888
58890
58890
58892
58892
58894
58894
58896
58897
58896
58898
58897
58898
58900
58903
58904
58900
58903
58904
58905
58905
58885
58911
58912
58911
58913
58912
58915
58917
58913
58918
58920
58921
58915
58922
58917
58924
58926
58918
58920
58921
58922
58924
58926
58927
58927
58910
58936
58937
58937
58939
58940
58941
58939
58942
58940
58941
58944
58942
58944
58947
58947
58951
58951
58952
58952
58955
58955
58957
58957
58959
58959
58936
58962
58963
58962
58964
58963
58966
58964
58966
58968
58968
58972
58972
58974
58974
58975
58977
58978
58979
58975
58977
58978
58979
58980
58980
58961
58987
58988
58986
58990
58935
58992
58993
58994
58995
58996
58993
58997
58999
59000
58994
58995
58996
59001
59005
59006
59007
58997
58999
59000
59001
59005
59006
59007
59008
59008
58992
59018
59018
59020
59020
59022
59022
59024
59025
59024
59026
59028
59029
59025
59030
59026
59028
59029
59032
59030
59036
59032
59036
59038
59038
59017
59043
59044
59044
59045
59045
59047
59047
59050
59050
59051
59053
59051
59054
59056
59053
59054
59056
59057
59057
59062
59063
59062
59063
59064
59064
59043
59069
59069
59071
59072
59073
59071
59072
59074
59077
59073
59078
59080
59074
59077
59081
59084
59085
59078
59080
59081
59084
59085
59086
59086
59068
59094
59095
59095
59096
59098
59099
59100
59096
59101
59103
59104
59098
59099
59105
59108
59109
59100
59101
59103
59104
59105
59108
59109
59110
59110
59094
59120
59120
59122
59122
59123
59123
59126
59126
59128
59128
59130
59131
59130
59132
59131
59134
59136
59137
59132
59134
59136
59137
59138
59138
59119
59145
59146
59147
59148
59149
59150
59151
59152
59153
59154
59155
59144
59157
59093
59159
59160
59161
59162
59042
59164
59165
59166
59167
59168
59169
59170
59171
59172
59173
58884
59175
59176
59177
59178
59179
59180
59181
59182
59183
59184
58833
59186
58197
59188
59189
59190
59189
59190
59191
59194
59191
59195
59194
59195
59197
59197
59200
59200
59203
59203
59205
59206
59205
59207
59206
59207
59209
59209
59188
59214
59215
59214
59215
59216
59216
59220
59220
59222
59222
59224
59224
59226
59226
59227
59227
59229
59231
59229
59232
59231
59232
59234
59234
59213
59239
59240
59240
59242
59242
59244
59244
59245
59245
59248
59248
59250
59250
59252
59252
59254
59254
59255
59255
59258
59258
59260
59260
59261
59261
59239
59265
59265
59267
59267
59268
59270
59268
59271
59270
59273
59275
59271
59276
59273
59278
59280
59281
59275
59276
59278
59280
59281
59282
59282
59264
59290
59291
59291
59292
59292
59294
59294
59296
59298
59296
59298
59299
59299
59303
59303
59305
59305
59307
59307
59309
59310
59309
59310
59311
59311
59290
59316
59316
59318
59318
59320
59320
59322
59322
59323
59323
59325
59327
59325
59327
59328
59331
59332
59328
59331
59332
59333
59333
59338
59338
59315
59341
59342
59343
59342
59344
59343
59346
59344
59348
59350
59346
59351
59348
59350
59353
59356
59351
59357
59359
59353
59356
59357
59359
59360
59360
59341
59367
59367
59368
59370
59371
59368
59370
59371
59372
59372
59377
59377
59379
59379
59380
59380
59383
59384
59383
59385
59384
59385
59387
59387
59366
59392
59393
59393
59395
59395
59397
59397
59399
59399
59401
59401
59403
59403
59405
59406
59405
59407
59406
59409
59407
59411
59409
59411
59413
59413
59392
59418
59418
59420
59420
59422
59422
59424
59425
59424
59425
59426
59426
59429
59429
59431
59431
59434
59434
59436
59436
59438
59438
59439
59439
59417
59443
59444
59444
59445
59447
59448
59449
59445
59450
59452
59447
59448
59453
59456
59449
59450
59457
59460
59452
59453
59456
59457
59460
59461
59461
59443
59469
59470
59469
59470
59471
59471
59475
59476
59477
59475
59476
59478
59481
59482
59477
59478
59483
59486
59481
59482
59483
59486
59487
59487
59493
59442
59495
59496
59497
59498
59499
59500
59501
59502
59503
59504
59505
59506
59507
59508
59509
59510
59511
59512
59513
59514
59515
59516
59517
59518
59519
59391
59521
59522
59522
59524
59524
59525
59525
59528
59528
59530
59531
59532
59533
59534
59530
59535
59531
59537
59532
59533
59534
59535
59537
59539
59539
59521
59547
59547
59548
59550
59548
59551
59553
59554
59555
59550
59556
59558
59559
59551
59560
59553
59554
59555
59556
59558
59559
59560
59562
59562
59546
59572
59573
59573
59574
59574
59577
59577
59579
59579
59580
59580
59583
59583
59585
59586
59585
59587
59586
59587
59589
59592
59589
59592
59593
59593
59572
59598
59598
59599
59599
59602
59602
59603
59603
59606
59606
59607
59607
59609
59611
59609
59612
59611
59614
59612
59616
59614
59616
59618
59618
59597
59623
59624
59624
59626
59626
59628
59628
59630
59630
59631
59631
59634
59635
59634
59636
59638
59635
59639
59636
59641
59638
59639
59641
59643
59643
59623
59649
59649
59651
59651
59652
59652
59654
59654
59657
59658
59657
59659
59658
59661
59663
59664
59659
59661
59663
59665
59664
59665
59669
59669
59648
59674
59675
59676
59677
59678
59673
59680
59681
59681
59682
59684
59685
59682
59684
59685
59686
59686
59690
59690
59692
59692
59695
59695
59697
59697
59699
59699
59701
59701
59703
59703
59680
59706
59706
59708
59708
59709
59709
59711
59711
59713
59713
59715
59715
59718
59718
59720
59721
59720
59721
59722
59722
59725
59725
59728
59728
59705
59731
59732
59733
59734
59735
59736
59737
59738
59739
59740
59741
59742
59743
59744
59745
59746
59747
59748
59749
59750
59751
59752
59753
59754
59755
59730
59757
59758
59758
59760
59760
59761
59763
59764
59761
59763
59764
59765
59765
59770
59771
59772
59770
59773
59771
59772
59775
59773
59775
59778
59778
59757
59783
59783
59785
59786
59785
59787
59786
59787
59789
59789
59792
59792
59795
59795
59797
59797
59798
59800
59801
59798
59800
59801
59802
59802
59807
59808
59809
59809
59811
59811
59813
59813
59814
59814
59817
59817
59818
59818
59821
59821
59823
59823
59825
59825
59826
59826
59829
59829
59830
59830
59808
59834
59835
59834
59835
59836
59836
59839
59841
59842
59839
59841
59843
59846
59842
59847
59849
59850
59843
59846
59847
59849
59850
59851
59851
59833
59859
59860
59861
59862
59863
59864
59865
59866
59867
59868
59869
59870
59858
59872
59873
59874
59875
59876
59622
59878
59879
59880
59881
59882
59883
59884
59885
59886
59887
59888
59889
59890
59891
59892
59893
59894
59895
59896
59897
59898
59899
59900
59901
59902
59903
59904
59905
59906
59907
59908
59909
59571
59911
59912
59913
59914
59915
59912
59916
59913
59914
59918
59915
59921
59923
59916
59918
59921
59924
59923
59928
59924
59930
59928
59930
59932
59932
59911
59937
59937
59939
59939
59941
59941
59943
59943
59945
59946
59947
59945
59946
59947
59948
59948
59953
59954
59953
59955
59954
59955
59957
59957
59936
59962
59963
59964
59965
59966
59967
59968
59969
59970
59971
59972
59973
59974
59975
59976
59977
59978
59979
59980
59981
59982
59983
59984
59985
59986
59987
59988
59989
59990
59991
59992
59961
59994
59995
59995
59996
59996
59999
59999
60001
60001
60002
60004
60005
60006
60007
60008
60009
60002
60004
60005
60006
60007
60008
60009
60010
60010
59994
60020
60021
60020
60022
60021
60024
60026
60022
60024
60026
60027
60031
60032
60027
60031
60032
60033
60033
60038
60038
60040
60040
60041
60041
60019
60045
60046
60047
60048
60049
60050
60051
60052
60053
60054
60055
60056
60057
60058
60059
60060
60061
60062
60063
60044
60065
60066
60067
60068
60069
60070
59340
60072
60073
60073
60075
60075
60077
60078
60079
60080
60081
60082
60077
60083
60085
60086
60078
60079
60080
60081
60082
60083
60085
60086
60087
60087
60072
60098
60098
60100
60100
60102
60103
60102
60104
60103
60106
60108
60109
60104
60106
60110
60108
60113
60115
60109
60110
60113
60115
60116
60116
60097
60123
60124
60124
60125
60125
60127
60127
60130
60130
60132
60132
60133
60133
60136
60136
60138
60139
60140
60138
60139
60140
60141
60141
60146
60146
60123
60149
60149
60151
60151
60152
60152
60155
60155
60157
60157
60158
60160
60161
60158
60162
60164
60160
60161
60162
60165
60164
60165
60169
60169
60148
60174
60175
60175
60177
60177
60178
60178
60180
60180
60183
60183
60185
60185
60187
60187
60189
60190
60191
60192
60189
60190
60191
60192
60193
60193
60174
60200
60200
60202
60202
60204
60204
60206
60207
60206
60207
60208
60208
60212
60212
60214
60215
60214
60215
60216
60216
60220
60220
60221
60221
60199
60225
60226
60227
60228
60229
60230
60231
60232
60233
60234
60235
60236
60237
60238
60239
60240
60241
60242
60243
60244
60245
60246
60247
60248
60249
60250
60251
60224
60253
60254
60255
60173
60257
60258
60258
60260
60260
60262
60262
60264
60265
60266
60264
60267
60265
60266
60269
60267
60272
60274
60269
60272
60274
60275
60275
60279
60279
60257
60283
60283
60284
60286
60284
60287
60289
60286
60290
60287
60289
60290
60292
60292
60296
60296
60299
60300
60299
60300
60301
60301
60305
60305
60282
60308
60309
60310
60311
60312
60313
60314
60315
60316
60317
60318
60319
60320
60321
60322
60323
60324
60325
60326
60327
60328
60329
60330
60331
60332
60333
60334
60335
60336
60337
60338
60339
60340
60341
60342
60307
60344
60345
60346
60347
60348
60349
60350
60122
60352
60353
60353
60354
60354
60356
60356
60359
60359
60361
60361
60363
60363
60364
60364
60367
60368
60367
60369
60371
60368
60369
60371
60372
60372
60352
60378
60378
60379
60379
60381
60383
60381
60383
60384
60384
60388
60388
60390
60390
60392
60392
60393
60393
60395
60397
60395
60397
60398
60398
60402
60403
59289
60405
60406
60406
60407
60407
60410
60410
60412
60412
60413
60413
60415
60415
60417
60419
60420
60417
60419
60420
60421
60421
60426
60426
60427
60427
60405
60431
60431
60432
60432
60434
60436
60434
60437
60439
60440
60436
60437
60439
60440
60441
60441
60447
60447
60449
60449
60451
60451
60453
60453
60430
60456
60457
60458
60457
60458
60459
60459
60463
60463
60464
60464
60467
60468
60469
60470
60471
60472
60467
60468
60469
60470
60471
60472
60473
60473
60456
60482
60482
60483
60485
60483
60486
60488
60489
60485
60490
60492
60493
60494
60486
60495
60488
60489
60490
60492
60493
60494
60495
60497
60497
60481
60507
60508
60509
60506
60511
60512
60513
60514
60515
60516
60517
60518
60519
60520
60521
60522
60523
60524
60525
60526
60527
60528
60455
60530
60531
60531
60533
60533
60534
60534
60537
60537
60539
60539
60540
60542
60540
60542
60543
60543
60546
60546
60549
60549
60550
60550
60552
60552
60530
60556
60556
60557
60557
60559
60559
60562
60562
60564
60564
60565
60567
60565
60568
60567
60570
60568
60570
60572
60575
60572
60575
60576
60576
60555
60581
60582
60583
60584
60580
60586
60587
60588
60589
60590
60591
60592
60593
60594
60595
60596
60597
60598
60599
60600
60601
60602
60603
60604
60605
60606
60607
60608
60609
60610
60611
60612
59238
60614
60615
60615
60617
60618
60619
60620
60617
60621
60618
60619
60623
60620
60626
60621
60623
60626
60628
60632
60633
60628
60632
60633
60634
60634
60614
60640
60640
60641
60641
60643
60643
60646
60647
60646
60647
60648
60648
60651
60651
60654
60654
60656
60656
60657
60659
60657
60659
60660
60660
60639
60665
60666
60666
60667
60667
60669
60671
60672
60669
60671
60673
60672
60673
60676
60676
60680
60680
60682
60683
60682
60683
60684
60684
60687
60687
60665
60691
60691
60693
60694
60693
60694
60695
60695
60698
60698
60701
60702
60701
60702
60703
60703
60707
60707
60708
60708
60710
60710
60712
60712
60690
60716
60717
60718
60719
60720
60717
60721
60718
60719
60723
60726
60720
60721
60723
60727
60731
60726
60732
60727
60734
60731
60732
60734
60736
60736
60716
60742
60742
60744
60744
60746
60746
60748
60748
60749
60751
60749
60752
60751
60754
60752
60756
60758
60754
60756
60758
60759
60759
60764
60764
60741
60767
60768
60768
60770
60770
60772
60772
60773
60773
60776
60776
60777
60777
60780
60780
60782
60782
60784
60784
60785
60785
60787
60787
60789
60789
60767
60793
60793
60795
60795
60796
60796
60798
60800
60798
60801
60803
60800
60801
60803
60804
60804
60808
60810
60811
60808
60810
60811
60812
60812
60792
60818
60819
60817
60766
60822
60823
60823
60825
60825
60826
60826
60828
60828
60831
60831
60832
60834
60832
60834
60835
60835
60839
60840
60841
60839
60840
60841
60842
60842
60822
60848
60848
60849
60851
60849
60852
60851
60852
60854
60854
60858
60859
60858
60859
60860
60860
60864
60864
60866
60866
60867
60867
60870
60870
60847
60873
60874
60874
60876
60876
60878
60879
60878
60880
60882
60879
60883
60885
60880
60886
60888
60882
60889
60883
60885
60886
60888
60889
60891
60891
60873
60899
60899
60900
60900
60902
60904
60902
60904
60905
60905
60909
60910
60911
60912
60909
60913
60910
60911
60912
60913
60915
60915
60920
60920
60898
60924
60925
60926
60927
60928
60923
60930
60931
60932
60931
60933
60932
60935
60937
60933
60938
60940
60935
60937
60938
60940
60941
60946
60947
60948
60941
60946
60947
60948
60949
60949
60930
60956
60957
60958
60959
60960
60961
60962
60963
60956
60964
60966
60967
60957
60958
60959
60960
60961
60962
60963
60964
60966
60967
60968
60968
60955
60981
60982
60983
60984
60985
60986
60987
60988
60989
60980
60991
60992
60992
60993
60993
60995
60997
60998
60995
60999
61001
60997
61002
60998
61004
60999
61006
61001
61002
61008
61004
61006
61008
61011
61011
60991
61017
61017
61018
61020
61018
61021
61020
61023
61021
61025
61023
61027
61029
61025
61030
61027
61029
61032
61035
61030
61032
61035
61036
61036
61016
61042
61043
61044
61045
61046
61047
61048
61049
61041
61051
61052
61053
61054
61055
61056
61057
61058
61059
61060
61061
61062
61063
61064
61065
61066
61067
61068
61069
60872
61071
61072
61072
61074
61074
61075
61075
61077
61077
61080
61081
61082
61083
61084
61080
61081
61082
61083
61085
61090
61084
61085
61090
61091
61091
61071
61097
61097
61098
61098
61101
61102
61103
61104
61105
61101
61106
61108
61109
61110
61102
61103
61104
61105
61106
61108
61109
61110
61111
61111
61121
60715
61123
61124
61124
61126
61126
61127
61127
61130
61130
61131
61133
61134
61131
61135
61133
61137
61134
61139
61141
61135
61137
61139
61141
61142
61142
61123
61149
61150
61149
61150
61151
61151
61155
61155
61156
61156
61159
61160
61159
61161
61163
61164
61165
61160
61161
61163
61164
61165
61166
61166
61148
61174
61175
61176
61177
61178
61179
61180
61181
61182
61183
61184
61185
61186
61187
61188
61189
61190
61191
61192
61193
61194
61195
61196
61197
61198
61199
61200
61201
61202
61203
61204
61205
61206
61207
61208
61209
61210
61211
61212
61213
61214
61173
61216
61217
61218
61219
61220
61221
61222
61223
61224
61225
61226
61227
61228
61229
61230
61231
61232
61233
61234
61235
61236
61237
61238
61239
61240
61241
61242
61243
61244
61245
60664
61247
61248
61248
61250
61250
61251
61251
61254
61254
61256
61256
61257
61257
61259
61259
61262
61262
61263
61263
61266
61266
61268
61268
61270
61270
61247
61273
61273
61275
61275
61277
61277
61279
61279
61280
61282
61283
61284
61285
61286
61287
61280
61282
61283
61284
61285
61286
61287
61288
61288
61272
61298
61299
61299
61300
61302
61303
61304
61305
61306
61300
61307
61309
61310
61302
61311
61303
61304
61305
61306
61307
61309
61310
61311
61313
61313
61298
61324
61324
61326
61326
61328
61329
61330
61331
61332
61328
61333
61335
61329
61336
61338
61330
61331
61332
61333
61335
61336
61338
61339
61339
61348
61349
61350
61351
61350
61352
61351
61354
61356
61352
61354
61357
61360
61361
61362
61356
61363
61365
61357
61360
61361
61362
61363
61365
61366
61366
61349
61375
61375
61377
61377
61379
61380
61379
61381
61380
61383
61385
61386
61381
61387
61389
61390
61383
61385
61386
61387
61389
61390
61391
61391
61374
61400
61401
61399
61403
61297
61405
61406
61406
61407
61409
61410
61411
61412
61413
61407
61409
61410
61414
61411
61418
61420
61421
61412
61413
61414
61418
61420
61421
61422
61422
61405
61431
61432
61431
61433
61432
61435
61433
61435
61437
61437
61440
61440
61442
61442
61445
61445
61446
61448
61449
61446
61448
61449
61450
61450
61430
61456
61457
61458
61459
61457
61460
61458
61462
61464
61459
61465
61460
61462
61464
61465
61467
61467
61472
61472
61475
61475
61477
61477
61478
61478
61456
61482
61482
61484
61484
61485
61485
61487
61487
61490
61490
61492
61492
61494
61495
61496
61497
61494
61495
61496
61497
61498
61498
61503
61503
61481
61507
61508
61509
61510
61511
61512
61506
61514
61515
61515
61517
61518
61519
61517
61520
61522
61518
61519
61523
61520
61522
61526
61523
61526
61529
61529
61533
61534
61533
61534
61535
61535
61514
61540
61540
61542
61542
61543
61543
61545
61545
61548
61548
61549
61549
61552
61552
61554
61555
61556
61557
61554
61555
61556
61557
61558
61558
61539
61564
61566
61567
61568
61569
61570
61571
61572
61573
61574
61575
61576
61577
61578
61579
61580
61581
61582
61583
61584
61585
61586
61587
61588
61589
61590
61591
61592
61593
61594
61595
61596
61597
61598
61599
61600
61601
61455
61603
61604
61604
61606
61607
61606
61608
61607
61608
61610
61610
61613
61613
61616
61616
61618
61618
61620
61620
61622
61623
61622
61623
61624
61624
61603
61629
61630
61629
61630
61631
61634
61631
61634
61635
61638
61635
61638
61639
61642
61639
61642
61643
61643
61647
61647
61649
61649
61651
61651
61628
61654
61655
61656
61653
61658
29932
61660
61661
61661
61662
61662
61665
61666
61665
61666
61667
61667
61671
61671
61672
61672
61674
61674
61677
61677
61679
61680
61679
61680
61681
61681
61660
61686
61686
61687
61687
61690
61690
61692
61693
61694
61695
61696
61692
61693
61697
61694
61700
61702
61695
61696
61697
61700
61702
61703
61703
61685
61711
61712
61712
61714
61714
61716
61716
61717
61717
61719
61719
61722
61722
61724
61724
61726
61726
61728
61729
61730
61728
61729
61730
61731
61731
61711
61737
61737
61738
61738
61741
61741
61743
61743
61745
61745
61747
61747
61749
61749
61750
61750
61753
61753
61755
61755
61757
61757
61758
61758
61736
61762
61763
61763
61764
61764
61767
61768
61769
61767
61770
61772
61773
61774
61768
61769
61775
61778
61770
61772
61773
61774
61775
61778
61779
61779
61762
61788
61788
61789
61791
61789
61791
61792
61792
61796
61796
61798
61799
61798
61800
61802
61799
61803
61805
61800
61802
61803
61805
61806
61806
61787
61813
61814
61815
61816
61817
61814
61815
61816
61817
61818
61823
61824
61825
61818
61823
61824
61825
61826
61826
61832
61833
61832
61833
61834
61834
61813
61839
61839
61841
61842
61843
61841
61844
61842
61843
61844
61846
61850
61851
61846
61850
61852
61855
61851
61856
61852
61855
61856
61858
61858
61838
61864
61865
61866
61865
61867
61866
61867
61869
61869
61872
61872
61874
61874
61876
61876
61879
61879
61880
61880
61883
61883
61885
61885
61887
61887
61864
61890
61891
61890
61891
61892
61892
61896
61896
61898
61898
61900
61901
61902
61903
61900
61904
61901
61906
61902
61903
61904
61906
61908
61908
61889
61915
61916
61917
61918
61919
61920
61921
61922
61923
61924
61925
61926
61927
61928
61929
61930
61931
61932
61933
61934
61935
61936
61937
61938
61939
61940
61941
61942
61943
61944
61914
61946
61947
61948
61949
61950
61951
61952
61953
61954
61863
61956
61957
61957
61959
61959
61961
61961
61963
61963
61965
61965
61967
61967
61969
61969
61971
61971
61973
61973
61974
61974
61977
61977
61978
61978
61956
61982
61982
61984
61984
61986
61986
61988
61988
61990
61990
61991
61993
61991
61994
61993
61994
61996
61996
62000
62000
62001
62001
62004
62004
61981
62007
62008
62008
62010
62010
62012
62012
62014
62014
62016
62016
62017
62017
62020
62021
62020
62022
62021
62024
62026
62022
62024
62026
62027
62027
62007
62033
62033
62035
62036
62037
62035
62038
62036
62040
62042
62043
62044
62037
62045
62047
62038
62040
62042
62043
62044
62045
62047
62048
62048
62032
62058
62059
62059
62061
62062
62063
62064
62065
62066
62067
62068
62061
62062
62069
62063
62072
62064
62065
62066
62067
62068
62069
62072
62074
62074
62058
62084
62084
62086
62086
62088
62089
62088
62090
62089
62092
62090
62092
62094
62094
62098
62098
62100
62100
62102
62102
62104
62104
62106
62106
62083
62109
62110
62111
62112
62113
62114
62115
62116
62117
62118
62119
62120
62121
62122
62123
62124
62125
62126
62127
62128
62129
62130
62131
62132
62133
62108
62135
62136
62136
62138
62138
62139
62141
62139
62141
62142
62142
62145
62145
62148
62149
62148
62149
62150
62150
62154
62155
62154
62155
62156
62156
62135
62161
62162
62161
62163
62165
62166
62167
62168
62169
62170
62162
62171
62173
62163
62165
62166
62167
62168
62169
62170
62171
62173
62174
62174
62160
62186
62187
62188
62189
62190
62191
62192
62185
62194
62195
62196
62197
62198
62199
62200
62201
62202
62203
62204
62205
62206
62207
62208
62209
62210
62211
62212
62213
62214
62215
62216
62057
62218
62219
62220
62006
62222
62223
62223
62225
62225
62227
62227
62229
62229
62231
62231
62233
62233
62235
62236
62235
62237
62236
62237
62239
62239
62243
62243
62244
62244
62222
62248
62248
62250
62250
62252
62253
62254
62255
62252
62256
62253
62258
62254
62260
62262
62255
62263
62256
62258
62260
62262
62263
62265
62265
62247
62273
62274
62275
62276
62277
62278
62279
62280
62272
62282
62283
62283
62285
62286
62287
62288
62285
62289
62291
62292
62293
62294
62295
62286
62287
62288
62289
62291
62292
62293
62294
62295
62296
62296
62282
62308
62308
62309
62309
62312
62312
62314
62314
62315
62315
62318
62318
62320
62321
62320
62321
62322
62322
62326
62326
62328
62328
62330
62330
62307
62333
62334
62335
62336
62337
62338
62339
62340
62332
62342
62343
62344
62345
62346
62347
62348
62349
62350
62351
62352
62353
62354
62355
61812
62357
62358
62358
62360
62360
62362
62363
62364
62365
62362
62363
62366
62364
62369
62365
62366
62371
62369
62374
62376
62371
62374
62376
62377
62377
62357
62383
62384
62383
62384
62385
62385
62389
62390
62389
62390
62391
62394
62395
62396
62391
62397
62399
62394
62395
62396
62397
62399
62400
62400
62382
62408
62409
62409
62410
62410
62413
62413
62415
62416
62417
62415
62418
62416
62420
62422
62417
62423
62425
62418
62420
62422
62423
62425
62426
62426
62408
62434
62435
62434
62436
62438
62439
62435
62440
62442
62436
62438
62439
62443
62440
62442
62443
62447
62447
62452
62452
62454
62454
62456
62456
62433
62459
62460
62460
62462
62462
62463
62463
62466
62466
62468
62468
62470
62471
62472
62473
62470
62474
62476
62471
62472
62473
62474
62476
62477
62477
62459
62485
62485
62487
62487
62488
62488
62491
62491
62493
62493
62495
62495
62497
62497
62498
62500
62498
62501
62500
62501
62503
62503
62507
62507
62484
62510
62511
62512
62511
62512
62513
62513
62517
62517
62519
62519
62521
62521
62522
62522
62525
62525
62527
62528
62529
62527
62528
62529
62530
62530
62510
62536
62536
62538
62538
62540
62541
62540
62541
62542
62542
62545
62545
62548
62549
62548
62549
62550
62550
62554
62554
62556
62556
62557
62557
62535
62561
62562
62562
62564
62564
62566
62566
62567
62567
62570
62570
62571
62571
62574
62574
62576
62576
62578
62578
62579
62579
62581
62581
62583
62583
62561
62587
62588
62589
62590
62591
62587
62592
62594
62588
62595
62589
62597
62599
62590
62600
62591
62592
62594
62595
62597
62599
62600
62602
62602
62586
62612
62613
62613
62615
62616
62615
62617
62619
62616
62620
62622
62617
62619
62623
62620
62626
62628
62629
62622
62623
62626
62628
62629
62630
62630
62612
62638
62639
62638
62640
62642
62643
62639
62644
62646
62640
62647
62649
62642
62643
62644
62646
62650
62647
62655
62649
62650
62655
62657
62657
62662
62611
62664
62665
62666
62667
62668
62669
62670
62671
62672
62673
62674
62675
62676
62677
62678
62679
62680
62681
62682
62683
62684
62685
62686
62687
62688
62689
62560
62691
62692
62692
62694
62695
62694
62696
62695
62698
62700
62701
62702
62696
62698
62700
62703
62707
62701
62702
62703
62708
62707
62708
62712
62712
62691
62717
62717
62719
62719
62720
62720
62723
62723
62725
62726
62725
62727
62726
62729
62731
62732
62733
62727
62729
62731
62732
62733
62734
62734
62716
62742
62743
62744
62745
62746
62747
62748
62749
62750
62751
62752
62753
62754
62755
62756
62757
62758
62759
62760
62761
62762
62763
62764
62765
62766
62741
62768
62769
62770
62771
62772
62773
62509
62775
62776
62776
62777
62777
62780
62781
62782
62780
62781
62783
62786
62782
62787
62783
62786
62789
62787
62789
62792
62792
62796
62796
62798
62798
62775
62801
62801
62803
62804
62803
62804
62805
62805
62809
62810
62809
62810
62811
62811
62815
62815
62816
62816
62818
62818
62821
62821
62823
62823
62800
62826
62827
62828
62829
62825
62831
62832
62832
62833
62833
62835
62835
62838
62838
62840
62840
62842
62842
62843
62845
62846
62843
62847
62845
62849
62846
62847
62849
62851
62851
62831
62857
62857
62859
62860
62859
62861
62860
62861
62863
62863
62867
62867
62868
62868
62871
62871
62872
62872
62875
62876
62875
62876
62877
62877
62856
62882
62883
62883
62885
62885
62886
62886
62888
62888
62891
62891
62892
62892
62895
62895
62897
62898
62897
62898
62899
62902
62899
62902
62903
62903
62882
62908
62909
62908
62910
62912
62909
62910
62913
62916
62912
62913
62916
62917
62921
62917
62921
62922
62922
62925
62927
62925
62927
62928
62928
62907
62933
62934
62935
62936
62937
62938
62939
62940
62941
62932
62943
62944
62945
62946
62947
62948
62949
62950
62951
62952
62953
62954
62955
62956
62957
62958
62959
62960
62961
62962
62963
62964
62965
62966
62967
62968
62969
62970
62971
62972
62973
62881
62975
62976
62977
62978
62979
62980
62981
62982
62983
62984
62985
62986
62987
62988
62989
62990
62991
62458
62993
62994
62995
62407
62997
62998
62998
62999
62999
63002
63003
63002
63004
63003
63004
63006
63009
63010
63006
63009
63010
63011
63015
63016
63011
63015
63016
63017
63017
62997
63023
63024
63025
63023
63026
63028
63024
63025
63029
63026
63032
63028
63034
63029
63036
63032
63038
63040
63034
63036
63038
63040
63041
63041
63022
63048
63049
63050
63051
63052
63053
63054
63055
63056
63057
63058
63059
63060
63061
63062
63063
63064
63065
63066
63047
63068
63069
63070
63069
63070
63071
63071
63075
63075
63076
63076
63078
63078
63080
63080
63083
63083
63085
63085
63087
63087
63089
63089
63090
63090
63068
63094
63094
63096
63096
63098
63098
63100
63100
63102
63102
63104
63104
63106
63106
63107
63107
63110
63111
63112
63110
63111
63112
63113
63113
63093
63119
63120
63121
63122
63123
63124
63125
63126
63127
63128
63129
63130
63131
63132
63133
63134
63135
63136
63137
63138
63139
63140
63141
63142
63143
63144
63145
63146
63147
63148
63149
63150
63151
63152
63153
63154
63155
63156
63157
63158
63159
63160
63161
63118
63163
63164
63165
63166
63167
63168
63164
63165
63166
63169
63173
63167
63168
63169
63173
63174
63179
63174
63179
63180
63180
63184
63184
63185
63185
63163
63189
63189
63191
63191
63193
63193
63194
63196
63197
63194
63198
63196
63200
63202
63203
63204
63197
63198
63200
63202
63203
63204
63205
63205
63188
63214
63215
63215
63217
63217
63219
63220
63219
63221
63223
63220
63221
63224
63227
63228
63229
63230
63223
63224
63227
63228
63229
63230
63231
63231
63214
63240
63240
63242
63242
63244
63244
63245
63245
63248
63248
63250
63251
63250
63252
63254
63255
63251
63256
63252
63254
63255
63256
63258
63258
63239
63265
63266
63266
63267
63269
63270
63271
63267
63269
63270
63272
63271
63272
63276
63276
63280
63280
63281
63283
63284
63281
63283
63284
63285
63285
63265
63291
63291
63293
63293
63294
63294
63297
63297
63299
63300
63299
63300
63301
63301
63305
63305
63306
63306
63308
63308
63311
63311
63312
63312
63290
63316
63317
63318
63319
63320
63321
63317
63322
63324
63325
63326
63318
63327
63319
63329
63320
63321
63322
63324
63325
63326
63327
63329
63331
63331
63316
63342
63342
63343
63343
63346
63346
63347
63349
63350
63347
63351
63353
63354
63355
63349
63350
63356
63351
63353
63354
63355
63356
63359
63359
63341
63367
63368
63369
63370
63371
63372
63366
63374
63375
63376
63377
63315
63379
63380
63381
63382
63383
63384
63385
63386
63387
63388
63389
63390
63391
63392
63393
63394
63395
63396
63397
63398
63264
63400
63213
63402
63403
63403
63404
63404
63407
63407
63409
63410
63411
63409
63412
63410
63411
63414
63412
63417
63419
63420
63414
63417
63419
63420
63421
63421
63402
63428
63428
63430
63431
63430
63431
63432
63432
63436
63436
63438
63438
63440
63441
63440
63442
63444
63441
63442
63445
63444
63445
63448
63448
63427
63453
63454
63454
63456
63456
63457
63457
63460
63460
63462
63462
63464
63464
63466
63466
63468
63469
63468
63470
63469
63472
63470
63472
63474
63474
63453
63479
63479
63480
63482
63483
63480
63482
63484
63487
63483
63484
63488
63487
63491
63493
63488
63494
63496
63491
63493
63494
63496
63497
63497
63478
63504
63505
63506
63507
63508
63509
63510
63511
63512
63513
63514
63515
63516
63517
63503
63519
63520
63521
63522
63452
63524
63525
63525
63527
63527
63529
63530
63529
63531
63533
63534
63530
63535
63537
63538
63539
63531
63533
63534
63535
63537
63538
63539
63540
63540
63524
63550
63550
63552
63552
63554
63554
63555
63555
63557
63557
63560
63560
63561
63561
63564
63564
63565
63565
63568
63568
63570
63570
63571
63571
63549
63575
63576
63577
63578
63579
63580
63581
63582
63583
63584
63585
63586
63587
63574
63589
63590
63591
63592
63593
63594
63595
63596
63597
63598
63599
63600
63601
63602
63603
63604
63605
63606
63607
63608
63609
63610
63611
63612
63613
63614
63615
63616
63617
63618
63619
63620
63621
63622
63623
63624
63625
61761
63627
63628
63628
63630
63631
63632
63630
63633
63631
63635
63637
63632
63633
63638
63641
63635
63637
63642
63645
63638
63641
63642
63645
63646
63646
63627
63653
63653
63654
63654
63657
63657
63658
63658
63661
63662
63661
63662
63663
63663
63667
63668
63667
63669
63668
63669
63671
63671
63675
63675
63652
63678
63679
63680
63679
63680
63681
63681
63685
63686
63685
63686
63687
63687
63691
63692
63693
63691
63694
63692
63696
63693
63694
63696
63698
63698
63678
63704
63704
63706
63706
63708
63708
63709
63709
63712
63712
63714
63714
63716
63716
63717
63717
63719
63721
63719
63722
63721
63722
63724
63724
63703
63729
63730
63731
63730
63731
63732
63732
63736
63737
63736
63738
63737
63738
63740
63740
63744
63744
63745
63747
63745
63748
63747
63748
63750
63750
63729
63755
63755
63757
63758
63757
63758
63759
63759
63763
63764
63765
63763
63764
63766
63765
63766
63769
63769
63772
63772
63775
63775
63777
63777
63754
63780
63781
63781
63783
63783
63785
63785
63787
63788
63787
63788
63789
63789
63792
63792
63795
63795
63797
63797
63799
63799
63801
63801
63802
63802
63780
63806
63807
63806
63807
63808
63808
63811
63811
63813
63813
63816
63816
63817
63817
63820
63820
63822
63822
63824
63824
63825
63825
63828
63828
63805
63831
63832
63833
63834
63835
63836
63837
63838
63839
63840
63841
63842
63843
63844
63845
63846
63847
63830
63849
63850
63851
63852
63853
63854
63855
63856
63857
63858
63859
63860
63861
63779
63863
63864
63864
63866
63866
63867
63869
63870
63867
63869
63870
63871
63871
63875
63875
63878
63879
63878
63880
63879
63882
63880
63882
63884
63884
63863
63889
63889
63891
63892
63891
63893
63895
63896
63897
63892
63893
63895
63898
63902
63896
63903
63897
63898
63902
63903
63905
63905
63910
63910
63888
63914
63913
63916
63917
63918
63919
63920
63921
63728
63923
63924
63924
63926
63926
63928
63928
63930
63930
63931
63931
63933
63933
63936
63936
63937
63937
63940
63940
63942
63943
63942
63943
63944
63944
63923
63949
63950
63949
63951
63950
63951
63953
63956
63953
63956
63957
63957
63960
63960
63963
63963
63965
63965
63967
63967
63969
63969
63970
63970
63948
63974
63975
63975
63977
63978
63977
63978
63979
63979
63982
63982
63985
63985
63986
63988
63986
63989
63991
63992
63988
63989
63991
63992
63993
63993
63974
64000
64000
64002
64002
64004
64004
64006
64006
64008
64008
64009
64009
64012
64012
64013
64015
64013
64015
64016
64016
64019
64019
64021
64021
63999
64025
64026
64027
64028
64029
64030
64031
64032
64033
64034
64035
64036
64037
64038
64039
64040
64041
64042
64043
64044
64045
64046
64047
64048
64049
64050
64024
64052
64053
64054
64055
64056
64057
64058
64059
63973
64061
64062
64062
64063
64063
64065
64065
64067
64067
64070
64070
64072
64072
64074
64074
64076
64077
64076
64077
64078
64078
64081
64081
64083
64083
64061
64087
64087
64089
64089
64091
64091
64093
64093
64094
64094
64096
64096
64099
64099
64101
64101
64102
64104
64102
64104
64105
64105
64108
64108
64086
64112
64113
64113
64115
64116
64115
64116
64117
64120
64121
64122
64123
64117
64120
64121
64122
64124
64123
64129
64131
64124
64129
64131
64132
64132
64112
64138
64138
64140
64140
64142
64142
64144
64144
64146
64146
64148
64148
64150
64150
64152
64152
64154
64154
64155
64155
64157
64157
64160
64160
64137
64163
64164
64164
64165
64165
64168
64168
64170
64170
64172
64173
64172
64173
64174
64174
64178
64178
64180
64181
64182
64180
64181
64182
64183
64183
64163
64189
64189
64190
64192
64190
64192
64193
64193
64197
64197
64199
64199
64201
64201
64202
64202
64205
64206
64205
64207
64206
64207
64209
64209
64188
64214
64215
64216
64215
64217
64219
64220
64221
64216
64217
64219
64222
64226
64227
64228
64229
64220
64221
64222
64226
64227
64228
64229
64230
64230
64214
64240
64241
64240
64242
64241
64244
64242
64246
64248
64249
64244
64246
64250
64248
64249
64250
64253
64257
64253
64257
64258
64258
64262
64262
64239
64264
64266
64267
64268
64269
64270
64271
64272
64273
64274
64213
64276
64277
64278
64277
64278
64279
64279
64283
64283
64285
64286
64285
64286
64287
64287
64291
64292
64293
64291
64294
64292
64293
64294
64296
64296
64276
64302
64302
64303
64303
64306
64306
64307
64307
64309
64311
64309
64311
64312
64315
64316
64312
64315
64317
64316
64317
64320
64320
64323
64323
64301
64327
64328
64328
64330
64331
64330
64332
64334
64335
64331
64332
64336
64339
64340
64341
64342
64334
64335
64336
64339
64340
64341
64342
64343
64343
64327
64353
64354
64355
64356
64357
64353
64354
64355
64356
64357
64358
64358
64364
64364
64367
64367
64369
64369
64371
64372
64371
64372
64373
64373
64352
64378
64379
64380
64381
64382
64383
64384
64385
64386
64387
64388
64389
64390
64391
64392
64393
64394
64395
64396
64397
64398
64399
64400
64401
64402
64403
64404
64405
64406
64407
64408
64409
64410
64411
64412
64413
64414
64415
64416
64417
64377
64419
64420
64421
64422
64423
64424
64425
64426
64427
64428
64429
64430
64431
64432
64433
64434
64435
64436
64437
64438
64439
64440
64441
64442
64443
64444
64326
64446
64447
64447
64448
64450
64451
64452
64448
64453
64455
64450
64456
64458
64459
64451
64460
64452
64453
64455
64456
64458
64459
64460
64462
64462
64446
64472
64472
64474
64474
64476
64476
64478
64478
64480
64480
64482
64482
64483
64483
64485
64487
64485
64487
64488
64488
64492
64492
64494
64494
64471
64497
64498
64498
64500
64501
64500
64501
64502
64505
64506
64507
64502
64508
64505
64506
64507
64508
64510
64510
64516
64516
64518
64518
64519
64519
64497
64523
64523
64525
64526
64525
64526
64527
64527
64531
64531
64533
64533
64535
64535
64537
64537
64539
64539
64541
64541
64542
64542
64545
64545
64522
64548
64549
64550
64551
64552
64553
64554
64555
64556
64557
64558
64559
64560
64561
64562
64563
64564
64565
64566
64567
64568
64569
64570
64571
64572
64573
64574
64575
64576
64577
64578
64579
64580
64581
64547
64583
64584
64585
64586
64587
64588
64589
64496
64591
64592
64593
64594
64595
64596
64597
64598
64599
64600
64601
64602
64603
64604
64605
64606
64607
64608
64609
64610
64162
64612
64613
64613
64615
64615
64616
64616
64618
64618
64620
64620
64622
64624
64622
64624
64625
64625
64628
64628
64630
64632
64630
64632
64633
64633
64612
64638
64639
64640
64638
64639
64640
64641
64641
64646
64646
64648
64648
64650
64650
64651
64653
64654
64651
64655
64653
64654
64655
64657
64657
64637
64663
64664
64664
64666
64667
64668
64666
64669
64671
64667
64668
64669
64671
64672
64672
64678
64678
64679
64679
64681
64683
64681
64683
64684
64684
64663
64689
64689
64691
64692
64691
64692
64693
64693
64697
64697
64698
64698
64701
64701
64702
64704
64702
64705
64704
64705
64707
64707
64711
64711
64688
64714
64715
64715
64717
64717
64719
64719
64721
64721
64722
64722
64725
64725
64727
64727
64729
64729
64731
64732
64731
64733
64732
64733
64735
64735
64714
64740
64740
64742
64743
64742
64743
64744
64744
64748
64748
64750
64750
64751
64751
64754
64754
64756
64756
64757
64759
64757
64759
64760
64760
64764
64765
64766
64767
64713
64769
64770
64771
64772
64773
64774
64775
64776
64777
64778
64779
64780
64781
64782
64783
64784
64785
64786
64787
64788
64789
64790
64791
64792
64793
64794
64795
64796
64797
64798
64799
64800
64801
64802
64803
64804
64805
64806
64807
64808
64809
64810
64811
64812
64813
64814
64815
64816
64817
64662
64819
64820
64821
64822
64823
64824
64111
64826
64827
64828
64827
64828
64829
64829
64832
64832
64835
64835
64837
64837
64838
64838
64841
64841
64843
64843
64845
64845
64846
64846
64849
64849
64826
64852
64852
64854
64854
64856
64857
64858
64859
64860
64861
64862
64863
64856
64864
64857
64858
64859
64860
64861
64862
64863
64864
64866
64866
64851
64877
64878
64879
64880
64881
64882
64883
64884
64885
64886
64887
64888
64889
64890
64891
64892
64893
64894
64895
64896
64897
64898
64899
64900
64901
64902
64903
64904
64905
64906
64907
64908
64909
64910
64911
64912
64913
64914
64915
64916
64917
64918
64919
64920
64876
64922
64923
64924
64925
64926
64927
64923
64928
64924
64930
64925
64926
64927
64932
64928
64930
64932
64936
64940
64941
64936
64940
64941
64942
64942
64922
64948
64948
64950
64950
64952
64953
64954
64955
64956
64957
64952
64958
64960
64961
64953
64954
64955
64956
64957
64958
64960
64961
64962
64962
64947
64973
64974
64974
64976
64976
64978
64978
64980
64980
64982
64982
64984
64984
64986
64986
64987
64989
64990
64987
64991
64989
64990
64991
64993
64993
64973
64999
65000
65001
65002
64999
65003
65000
65005
65007
65008
65009
65010
65001
65011
65002
65003
65005
65007
65008
65009
65010
65011
65013
65013
64998
65024
65025
65026
65027
65028
65029
65025
65030
65032
65026
65033
65035
65027
65028
65029
65036
65040
65030
65032
65033
65035
65036
65040
65041
65041
65024
65050
65050
65052
65052
65054
65054
65056
65057
65058
65059
65056
65060
65057
65058
65059
65062
65060
65062
65066
65069
65066
65069
65070
65070
65049
65075
65076
65077
65076
65078
65077
65078
65080
65080
65084
65085
65084
65086
65085
65088
65086
65088
65090
65090
65093
65093
65096
65096
65098
65098
65075
65101
65101
65102
65104
65105
65106
65107
65102
65108
65110
65104
65105
65106
65111
65107
65115
65108
65117
65110
65111
65115
65117
65119
65119
65100
65125
65127
65128
65128
65130
65130
65132
65133
65132
65134
65133
65134
65136
65136
65139
65141
65142
65143
65144
65139
65141
65142
65143
65144
65145
65145
65127
65153
65153
65155
65155
65157
65157
65159
65159
65161
65161
65163
65164
65163
65165
65167
65168
65169
65164
65165
65167
65168
65169
65170
65170
65152
65178
65179
65180
65181
65182
65183
65184
65185
65186
65187
65188
65189
65190
65191
65192
65193
65194
65195
65196
65197
65198
65199
65200
65201
65202
65203
65204
65205
65206
65207
65208
65209
65210
65177
65212
65213
65213
65215
65215
65217
65217
65218
65218
65221
65221
65223
65223
65225
65225
65227
65227
65228
65228
65231
65231
65232
65232
65234
65234
65212
65238
65238
65240
65240
65242
65242
65243
65243
65246
65247
65246
65247
65248
65248
65251
65251
65253
65253
65255
65255
65257
65257
65259
65259
65237
65263
65262
65265
65266
65074
65268
65269
65269
65271
65271
65272
65272
65274
65274
65277
65277
65279
65279
65281
65281
65282
65282
65285
65285
65286
65288
65286
65288
65289
65289
65268
65294
65294
65296
65296
65298
65299
65298
65300
65299
65300
65302
65305
65306
65307
65308
65309
65302
65305
65306
65307
65308
65309
65310
65310
65293
65319
65320
65321
65322
65323
65324
65325
65326
65327
65328
65329
65330
65331
65318
65333
65334
65335
65336
65337
65338
65339
65340
65341
65342
65343
65344
65345
65346
65347
65348
65349
65350
65351
65352
65353
65354
65355
65356
65357
65358
65359
65023
65361
65362
65363
65364
65365
65366
65367
65368
65369
65370
65371
65372
65373
65374
65375
65376
65377
64972
65379
65380
65380
65382
65383
65384
65385
65386
65382
65383
65384
65385
65386
65387
65387
65394
65394
65396
65397
65396
65397
65398
65398
65402
65402
65379
65405
65405
65407
65408
65407
65408
65409
65412
65413
65414
65409
65412
65413
65415
65419
65414
65415
65420
65419
65423
65420
65423
65425
65425
65404
65430
65431
65431
65433
65433
65434
65434
65436
65436
65438
65438
65441
65441
65443
65443
65444
65444
65447
65448
65447
65449
65448
65449
65451
65451
65430
65456
65456
65457
65459
65457
65459
65460
65463
65460
65464
65463
65466
65468
65464
65466
65468
65469
65469
65474
65474
65476
65476
65477
65477
65455
65481
65482
65482
65483
65485
65486
65487
65483
65485
65488
65491
65492
65486
65493
65487
65488
65491
65492
65495
65500
65493
65495
65500
65501
65501
65481
65507
65508
65507
65508
65509
65509
65512
65512
65514
65514
65517
65517
65519
65520
65519
65520
65521
65521
65525
65525
65527
65527
65529
65529
65506
65532
65533
65534
65535
65536
65537
65538
65539
65540
65541
65542
65543
65544
65545
65546
65547
65548
65549
65550
65551
65552
65553
65554
65555
65556
65557
65558
65531
65560
65561
65562
65563
65564
65565
65566
65567
65480
65569
65570
65571
65572
65573
65574
65575
65576
65577
65578
65579
65580
65581
65582
65583
65584
65585
65586
65587
65588
65589
65429
65591
65592
65593
65594
65595
65596
65597
65598
65599
65600
65601
65602
65603
65604
65605
65606
65607
65608
65609
65610
65611
65612
65613
65614
65615
65616
63677
65618
65619
65619
65620
65620
65622
65622
65625
65626
65625
65626
65627
65627
65630
65632
65630
65633
65635
65636
65632
65633
65635
65636
65637
65637
65618
65644
65644
65645
65647
65648
65645
65647
65648
65649
65649
65654
65654
65656
65657
65658
65656
65659
65657
65658
65659
65661
65661
65666
65666
65643
65669
65670
65671
65672
65670
65671
65673
65676
65677
65678
65679
65680
65672
65681
65673
65683
65676
65677
65678
65679
65680
65681
65683
65685
65685
65669
65695
65696
65697
65695
65698
65696
65700
65697
65698
65700
65702
65702
65707
65708
65707
65708
65709
65709
65713
65713
65715
65715
65717
65717
65694
65720
65721
65721
65722
65722
65725
65725
65726
65728
65729
65730
65731
65726
65732
65728
65734
65729
65730
65736
65731
65732
65734
65736
65739
65739
65720
65746
65746
65748
65749
65750
65748
65751
65749
65753
65755
65756
65757
65750
65751
65753
65755
65756
65758
65764
65757
65758
65764
65765
65765
65745
65771
65772
65773
65772
65774
65773
65776
65774
65778
65776
65778
65780
65780
65784
65784
65786
65787
65786
65787
65788
65788
65792
65792
65793
65793
65771
65797
65797
65799
65799
65801
65802
65801
65802
65803
65803
65807
65807
65809
65809
65810
65812
65813
65814
65810
65812
65813
65814
65815
65815
65796
65822
65823
65824
65823
65824
65825
65828
65829
65825
65828
65830
65833
65834
65829
65830
65833
65835
65839
65834
65840
65835
65839
65840
65842
65842
65822
65848
65848
65850
65850
65852
65852
65854
65854
65856
65856
65858
65858
65859
65859
65862
65862
65864
65864
65865
65867
65865
65867
65868
65868
65847
65873
65874
65874
65876
65876
65877
65877
65879
65879
65882
65882
65883
65883
65886
65886
65888
65889
65888
65889
65890
65893
65890
65893
65894
65894
65873
65899
65899
65901
65902
65903
65901
65904
65906
65907
65902
65908
65903
65904
65906
65910
65907
65908
65914
65917
65910
65914
65917
65918
65918
65898
65924
65925
65925
65927
65927
65929
65929
65930
65930
65933
65933
65934
65934
65937
65937
65939
65939
65941
65942
65941
65942
65943
65943
65947
65947
65924
65950
65950
65952
65952
65954
65954
65956
65957
65958
65956
65957
65959
65958
65959
65962
65962
65966
65966
65968
65968
65970
65970
65972
65972
65949
65975
65976
65976
65978
65978
65980
65980
65982
65982
65984
65984
65986
65986
65988
65989
65990
65991
65988
65992
65989
65990
65991
65992
65994
65994
65975
66001
66002
66001
66003
66002
66005
66007
66003
66008
66005
66007
66010
66013
66008
66010
66013
66014
66014
66019
66019
66020
66020
66022
66022
66000
66026
66027
66028
66029
66030
66031
66032
66033
66034
66035
66036
66037
66025
66039
66040
66041
66042
66043
66044
66045
65974
66047
66048
66049
66050
66051
66052
66053
66054
66055
66056
66057
66058
66059
66060
66061
66062
66063
66064
66065
66066
66067
66068
66069
66070
66071
66072
66073
66074
66075
66076
66077
66078
66079
66080
66081
66082
66083
66084
66085
66086
66087
66088
66089
66090
66091
66092
66093
65923
66095
66096
66096
66098
66099
66098
66099
66100
66100
66104
66104
66106
66107
66106
66107
66108
66108
66112
66113
66112
66113
66114
66114
66117
66117
66095
66121
66122
66123
66121
66124
66122
66123
66124
66126
66126
66131
66132
66131
66133
66132
66135
66137
66133
66135
66138
66137
66138
66141
66141
66120
66146
66147
66148
66149
66150
66151
66152
66153
66154
66155
66156
66157
66158
66159
66160
66161
66162
66163
66145
66165
66166
66167
66168
66169
66170
66171
66172
66173
66174
66175
66176
66177
66178
66179
66180
66181
66182
66183
66184
66185
66186
66187
66188
66189
66190
66191
66192
66193
66194
66195
66196
66197
66198
66199
66200
66201
66202
66203
66204
66205
66206
66207
66208
65872
66210
66211
66211
66212
66212
66215
66215
66216
66218
66219
66216
66218
66219
66220
66220
66224
66224
66226
66226
66228
66228
66231
66231
66232
66232
66210
66236
66236
66237
66237
66240
66241
66242
66240
66241
66242
66243
66243
66248
66249
66250
66251
66252
66248
66249
66250
66251
66252
66253
66253
66235
66261
66262
66263
66264
66265
66266
66267
66268
66269
66270
66271
66272
66273
66274
66275
66276
66277
66278
66279
66280
66281
66282
66283
66284
66285
66286
66287
66288
66289
66290
66291
66260
66293
66294
66295
66294
66296
66295
66296
66298
66298
66302
66302
66304
66304
66305
66307
66308
66305
66309
66307
66308
66311
66309
66311
66314
66314
66293
66319
66319
66320
66320
66323
66323
66324
66324
66327
66327
66328
66328
66330
66330
66333
66333
66335
66335
66337
66337
66339
66339
66341
66341
66318
66344
66345
66345
66346
66348
66346
66348
66349
66349
66352
66354
66355
66352
66356
66358
66354
66359
66361
66355
66356
66358
66359
66361
66362
66362
66344
66370
66370
66371
66371
66374
66374
66376
66376
66377
66379
66377
66379
66380
66383
66380
66383
66384
66387
66384
66387
66388
66388
66392
66392
66369
66395
66396
66396
66397
66397
66400
66400
66402
66402
66404
66405
66406
66407
66408
66404
66405
66409
66412
66406
66407
66408
66409
66412
66413
66413
66395
66421
66421
66423
66423
66425
66426
66427
66428
66429
66430
66425
66431
66433
66426
66434
66427
66428
66429
66430
66431
66433
66434
66436
66436
66420
66446
66447
66448
66449
66450
66451
66452
66453
66454
66455
66456
66457
66458
66459
66460
66461
66462
66463
66464
66445
66466
66467
66468
66469
66470
66471
66472
66473
66474
66475
66476
66477
66394
66479
66480
66481
66482
66483
66484
66485
66343
66487
66488
66488
66489
66489
66492
66492
66493
66493
66496
66496
66498
66499
66498
66499
66500
66500
66504
66504
66505
66505
66508
66508
66510
66510
66487
66513
66513
66514
66516
66514
66516
66517
66520
66521
66522
66517
66520
66523
66521
66526
66522
66523
66526
66528
66528
66532
66532
66535
66535
66512
66538
66539
66540
66541
66542
66543
66544
66545
66546
66547
66548
66537
66550
66551
66551
66553
66553
66554
66554
66557
66558
66559
66560
66557
66561
66563
66558
66559
66564
66560
66567
66561
66563
66564
66567
66569
66569
66550
66576
66576
66578
66578
66580
66581
66580
66581
66582
66585
66582
66585
66586
66586
66589
66589
66592
66592
66594
66594
66596
66596
66597
66597
66575
66601
66602
66603
66604
66605
66606
66607
66608
66609
66610
66611
66612
66613
66614
66615
66616
66617
66618
66619
66600
66621
66622
66623
66624
66625
66626
66627
66628
66629
66630
66631
66632
66633
66634
66635
66636
66637
65821
66639
66640
66641
66642
66640
66641
66642
66643
66643
66648
66648
66649
66649
66651
66653
66654
66651
66655
66653
66654
66655
66657
66657
66661
66661
66639
66665
66665
66666
66666
66668
66668
66671
66671
66673
66673
66675
66675
66676
66676
66678
66678
66681
66682
66683
66681
66682
66683
66684
66684
66664
66690
66691
66691
66693
66693
66695
66695
66697
66697
66699
66699
66701
66701
66703
66703
66705
66705
66706
66706
66709
66709
66711
66711
66713
66713
66690
66716
66716
66718
66718
66720
66720
66722
66722
66723
66725
66726
66723
66725
66727
66730
66731
66732
66726
66727
66730
66731
66732
66733
66733
66715
66741
66742
66743
66744
66745
66742
66743
66746
66744
66749
66745
66751
66746
66749
66753
66751
66753
66756
66756
66760
66761
66760
66761
66762
66762
66741
66767
66767
66769
66769
66771
66771
66773
66774
66773
66774
66775
66775
66779
66779
66780
66780
66783
66783
66785
66785
66786
66786
66788
66788
66766
66792
66793
66793
66795
66795
66797
66798
66799
66800
66801
66797
66802
66798
66799
66800
66804
66808
66801
66802
66809
66804
66808
66809
66812
66812
66792
66818
66818
66820
66820
66822
66823
66824
66825
66822
66823
66824
66825
66826
66831
66826
66831
66832
66832
66835
66835
66837
66837
66839
66839
66817
66843
66844
66844
66846
66846
66848
66848
66849
66849
66851
66851
66854
66854
66856
66857
66858
66856
66857
66858
66859
66859
66864
66864
66866
66866
66843
66869
66870
66871
66869
66870
66871
66872
66872
66877
66877
66878
66880
66881
66882
66878
66880
66881
66882
66883
66883
66889
66889
66890
66890
66868
66893
66895
66896
66897
66898
66899
66842
66901
66902
66903
66904
66905
66906
66907
66908
66909
66910
66911
66912
66913
66914
66915
66916
66917
66918
66791
66920
66921
66921
66922
66924
66925
66922
66924
66925
66926
66926
66930
66932
66930
66933
66932
66935
66933
66935
66937
66937
66940
66940
66942
66942
66920
66946
66946
66947
66947
66950
66950
66951
66951
66954
66954
66955
66955
66958
66958
66960
66960
66961
66961
66964
66964
66966
66966
66967
66967
66945
66971
66972
66973
66974
66975
66976
66977
66978
66979
66980
66981
66982
66983
66984
66985
66986
66987
66988
66989
66990
66991
66992
66993
66994
66995
66996
66997
66998
66999
67000
67001
67002
67003
67004
67005
67006
67007
67008
67009
67010
67011
67012
66970
67014
67015
67016
67017
67018
67019
67020
67021
66740
67023
67024
67024
67025
67025
67028
67029
67028
67029
67030
67030
67033
67033
67035
67037
67038
67035
67037
67039
67042
67038
67039
67042
67043
67043
67023
67049
67049
67051
67051
67052
67052
67054
67054
67057
67058
67057
67058
67059
67059
67062
67062
67064
67064
67067
67067
67069
67069
67071
67071
67048
67074
67075
67076
67077
67078
67079
67080
67081
67082
67083
67084
67085
67086
67087
67088
67089
67090
67091
67092
67093
67094
67095
67096
67097
67098
67099
67100
67101
67102
67103
67104
67073
67106
67107
67107
67108
67108
67111
67111
67112
67114
67115
67112
67114
67116
67119
67120
67115
67121
67123
67116
67119
67120
67121
67123
67124
67124
67106
67132
67132
67133
67133
67136
67137
67136
67138
67137
67140
67142
67138
67140
67143
67142
67146
67148
67149
67143
67146
67148
67149
67150
67150
67131
67157
67158
67158
67159
67159
67162
67162
67163
67163
67165
67165
67167
67169
67167
67170
67169
67172
67174
67175
67170
67172
67174
67175
67176
67176
67157
67183
67183
67185
67186
67187
67188
67185
67189
67191
67186
67187
67188
67189
67191
67192
67192
67199
67200
67199
67201
67200
67201
67203
67203
67182
67208
67209
67210
67207
67212
67213
67213
67214
67214
67216
67216
67219
67220
67221
67219
67220
67222
67225
67226
67221
67227
67222
67225
67226
67229
67227
67229
67233
67233
67212
67238
67238
67240
67241
67242
67240
67241
67243
67246
67242
67247
67249
67243
67246
67250
67247
67249
67250
67253
67253
67258
67258
67260
67260
67237
67263
67264
67264
67265
67267
67265
67268
67270
67267
67268
67270
67271
67275
67276
67277
67278
67271
67279
67275
67276
67277
67278
67279
67281
67281
67263
67289
67290
67289
67291
67293
67294
67295
67296
67297
67298
67299
67300
67290
67291
67293
67294
67295
67296
67297
67298
67299
67300
67301
67301
67288
67314
67315
67316
67317
67313
67319
67262
67321
67322
67156
67324
67325
67326
67327
67328
67329
67330
67331
67332
67333
67334
67335
67336
67337
67338
67339
67340
67341
67342
67343
67344
67345
67346
67347
67348
67349
67350
67351
67352
67353
67354
67355
67356
67357
67358
67359
67360
67361
67362
67363
67364
67365
67366
67367
67368
67369
67370
67371
67372
67373
66689
67375
67376
67376
67378
67378
67379
67381
67382
67379
67383
67385
67381
67382
67386
67389
67390
67391
67383
67385
67386
67389
67390
67391
67392
67392
67375
67401
67401
67403
67404
67405
67406
67403
67404
67407
67405
67406
67410
67413
67407
67414
67410
67413
67416
67414
67416
67419
67419
67423
67423
67400
67426
67427
67427
67429
67429
67431
67432
67431
67432
67433
67436
67433
67436
67437
67437
67441
67442
67443
67441
67444
67442
67443
67444
67446
67446
67426
67452
67452
67454
67454
67456
67457
67456
67457
67458
67458
67462
67463
67462
67464
67466
67463
67467
67464
67466
67469
67467
67469
67472
67472
67451
67477
67478
67479
67478
67480
67482
67479
67480
67482
67483
67487
67488
67489
67483
67487
67490
67493
67488
67489
67490
67493
67494
67494
67499
67499
67477
67503
67503
67505
67505
67507
67507
67509
67510
67511
67512
67513
67514
67509
67515
67510
67511
67512
67513
67517
67514
67515
67517
67522
67522
67502
67528
67529
67530
67529
67530
67531
67531
67535
67535
67537
67537
67538
67538
67540
67540
67542
67542
67545
67545
67547
67548
67547
67548
67549
67549
67528
67554
67555
67554
67556
67555
67558
67560
67556
67561
67558
67560
67563
67561
67563
67566
67566
67569
67571
67572
67569
67571
67572
67573
67573
67553
67579
67580
67581
67582
67583
67584
67585
67586
67587
67588
67589
67590
67578
67592
67593
67593
67595
67596
67595
67596
67597
67600
67601
67597
67600
67601
67602
67602
67606
67606
67609
67609
67611
67612
67611
67612
67613
67613
67592
67618
67618
67619
67619
67622
67622
67624
67624
67625
67627
67625
67628
67630
67631
67632
67633
67627
67628
67630
67631
67632
67633
67634
67634
67617
67643
67644
67644
67646
67646
67648
67648
67650
67650
67652
67652
67653
67653
67655
67655
67658
67659
67660
67661
67658
67659
67660
67661
67662
67662
67643
67669
67669
67671
67671
67673
67673
67675
67675
67676
67676
67679
67680
67681
67682
67683
67684
67679
67680
67681
67682
67683
67684
67685
67685
67668
67694
67695
67696
67697
67698
67699
67700
67693
67642
67703
67527
67705
67706
67706
67707
67707
67710
67710
67711
67713
67711
67714
67713
67714
67716
67716
67720
67720
67721
67721
67724
67724
67725
67725
67728
67728
67705
67731
67731
67733
67734
67733
67734
67735
67738
67735
67739
67741
67742
67743
67744
67745
67738
67739
67741
67742
67743
67744
67745
67746
67746
67730
67756
67757
67758
67759
67760
67761
67762
67763
67764
67765
67766
67767
67768
67769
67770
67771
67772
67773
67774
67775
67776
67777
67778
67779
67780
67781
67782
67783
67784
67785
67786
67787
67788
67789
67790
67791
67792
67793
67794
67795
67796
67797
67798
67799
67800
67801
67802
67803
67755
67805
67806
67807
67808
67809
67810
67811
67812
67813
67814
67815
67816
67817
67818
67819
67820
67821
67822
67823
67824
67476
67826
67827
67827
67828
67830
67831
67828
67830
67831
67832
67836
67832
67836
67837
67837
67841
67842
67841
67843
67845
67842
67843
67845
67846
67846
67826
67852
67853
67854
67855
67856
67852
67857
67853
67859
67861
67854
67855
67856
67857
67859
67862
67861
67862
67868
67868
67872
67872
67874
67874
67851
67877
67878
67878
67879
67879
67881
67881
67884
67884
67885
67885
67887
67887
67890
67891
67890
67891
67892
67892
67896
67897
67896
67897
67898
67898
67877
67903
67903
67905
67906
67905
67907
67909
67906
67910
67912
67907
67913
67915
67916
67909
67917
67910
67912
67913
67915
67916
67917
67919
67919
67902
67928
67929
67930
67931
67932
67933
67927
67935
67936
67937
67938
67939
67940
67941
67942
67943
67944
67945
67946
67947
67948
67949
67950
67951
67952
67953
67954
67955
67956
67957
67958
67959
67960
67961
67962
67963
67964
67965
67966
67967
67968
67969
67970
67971
67876
67973
67974
67974
67976
67976
67978
67979
67978
67979
67980
67980
67984
67984
67986
67986
67988
67988
67990
67990
67992
67993
67992
67993
67994
67994
67973
67999
67999
68001
68002
68001
68003
68002
68003
68005
68005
68009
68010
68009
68011
68013
68014
68015
68010
68011
68013
68014
68015
68016
68016
67998
68024
68025
68025
68026
68028
68026
68028
68029
68029
68032
68032
68035
68035
68037
68037
68039
68040
68039
68041
68043
68040
68041
68043
68044
68044
68024
68050
68050
68052
68053
68054
68052
68055
68057
68053
68058
68060
68061
68062
68063
68054
68055
68057
68058
68060
68061
68062
68063
68064
68064
68049
68075
68076
68077
68078
68079
68074
68081
68082
68083
68084
68085
68086
68087
68088
68089
68090
68091
68092
68093
68094
68095
68096
68097
68098
68099
68100
68101
68102
68103
68023
68105
68106
68106
68107
68107
68110
68111
68110
68111
68112
68112
68116
68116
68118
68119
68120
68121
68122
68118
68119
68120
68121
68122
68123
68123
68105
68131
68131
68133
68133
68135
68135
68137
68138
68137
68139
68138
68141
68139
68141
68143
68143
68147
68147
68148
68148
68151
68151
68152
68152
68130
68156
68157
68158
68159
68155
68161
68162
68163
68164
68165
68166
68167
68168
68169
68170
68171
68172
68173
68174
68175
68176
68177
68178
68179
68180
68181
68182
68183
68184
68185
68186
68187
68188
68189
68190
68191
67425
68193
68194
68194
68195
68197
68198
68199
68195
68197
68198
68199
68200
68200
68206
68206
68208
68208
68210
68210
68211
68211
68213
68213
68216
68216
68193
68219
68219
68220
68220
68222
68222
68224
68224
68227
68227
68229
68230
68229
68230
68231
68231
68234
68236
68234
68236
68237
68237
68240
68240
68218
68244
68245
68246
68247
68248
68249
68245
68246
68247
68250
68254
68248
68255
68249
68257
68259
68250
68260
68254
68255
68257
68259
68260
68262
68262
68244
68270
68270
68272
68273
68274
68272
68275
68277
68278
68273
68274
68275
68277
68279
68278
68284
68286
68279
68284
68286
68287
68287
68291
68291
68269
68295
68296
68296
68298
68298
68300
68300
68301
68301
68304
68304
68306
68306
68308
68308
68310
68310
68312
68313
68312
68313
68314
68314
68317
68317
68295
68321
68321
68323
68323
68325
68326
68327
68325
68326
68327
68328
68328
68333
68334
68335
68333
68336
68334
68335
68336
68338
68338
68342
68342
68345
68346
68347
68348
68349
68350
68351
68352
68353
68354
68355
68356
68357
68358
68359
68360
68361
68362
68363
68364
68365
68366
68367
68368
68369
68370
68371
68372
68373
68374
68375
68376
68377
68378
68379
68380
68381
68294
68383
68384
68385
68386
68387
68388
68389
68390
68391
68392
68393
68394
68395
68396
68397
68398
68399
68400
68401
68402
68403
68404
68405
68406
68407
68408
68409
68410
68411
68412
68413
68414
68415
68416
68417
68418
68419
68420
68421
68243
68423
68424
68425
68426
68427
68428
68424
68425
68429
68426
68427
68428
68432
68436
68429
68437
68432
68439
68436
68441
68437
68439
68441
68443
68443
68423
68449
68450
68449
68451
68453
68454
68450
68451
68453
68455
68454
68455
68459
68459
68463
68463
68464
68464
68466
68466
68468
68468
68470
68470
68448
68474
68475
68475
68477
68477
68479
68479
68480
68480
68483
68483
68485
68486
68485
68486
68487
68487
68490
68490
68493
68493
68494
68494
68496
68496
68474
68500
68500
68502
68502
68503
68503
68506
68506
68508
68508
68509
68511
68512
68513
68514
68515
68509
68511
68512
68513
68514
68515
68516
68516
68499
68525
68526
68527
68528
68529
68530
68531
68532
68533
68534
68535
68536
68537
68538
68539
68540
68541
68542
68543
68544
68524
68546
68547
68547
68549
68549
68550
68550
68553
68553
68555
68555
68556
68556
68559
68559
68561
68562
68561
68563
68562
68563
68565
68565
68569
68569
68546
68572
68572
68574
68575
68576
68577
68574
68578
68580
68581
68575
68576
68577
68582
68578
68586
68580
68581
68588
68582
68586
68588
68591
68591
68571
68597
68598
68599
68600
68601
68602
68603
68604
68605
68606
68607
68608
68609
68610
68611
68612
68613
68614
68615
68616
68617
68618
68619
68596
68621
68622
68623
68624
68625
68626
68627
68628
68629
68630
68631
68632
68633
68634
68635
68473
68637
68638
68638
68640
68640
68642
68643
68644
68645
68646
68642
68643
68647
68650
68651
68652
68644
68645
68646
68647
68650
68651
68652
68653
68653
68637
68663
68663
68664
68664
68666
68666
68668
68668
68671
68672
68673
68671
68674
68672
68673
68674
68676
68676
68680
68680
68682
68682
68685
68685
68662
68688
68689
68689
68691
68691
68692
68692
68695
68695
68697
68697
68698
68698
68701
68701
68703
68703
68705
68705
68706
68706
68709
68709
68710
68710
68688
68714
68715
68716
68714
68715
68716
68717
68717
68722
68722
68724
68724
68726
68726
68727
68729
68727
68730
68729
68730
68732
68732
68736
68736
68713
68739
68740
68741
68742
68740
68743
68741
68742
68745
68748
68743
68749
68751
68745
68748
68752
68755
68756
68749
68751
68752
68755
68756
68757
68757
68739
68765
68766
68767
68768
68765
68766
68769
68767
68768
68772
68775
68769
68772
68776
68775
68776
68779
68779
68782
68782
68784
68784
68787
68787
68764
68790
68791
68791
68793
68793
68795
68795
68796
68796
68799
68799
68800
68800
68803
68803
68805
68805
68806
68806
68809
68809
68811
68811
68813
68813
68790
68816
68817
68816
68817
68818
68818
68822
68822
68824
68824
68826
68827
68826
68828
68827
68830
68832
68828
68830
68832
68833
68833
68837
68837
68815
68841
68842
68842
68843
68843
68846
68846
68848
68848
68850
68850
68852
68852
68853
68853
68856
68857
68856
68858
68860
68857
68858
68860
68861
68861
68841
68867
68867
68868
68868
68871
68871
68873
68873
68875
68876
68877
68878
68875
68876
68877
68879
68878
68883
68885
68879
68883
68885
68886
68886
68866
68892
68893
68894
68895
68896
68897
68898
68891
68900
68901
68902
68903
68904
68905
68906
68907
68908
68909
68910
68911
68912
68913
68914
68840
68916
68917
68789
68919
68920
68920
68921
68921
68924
68924
68926
68926
68927
68927
68929
68929
68932
68932
68934
68934
68936
68936
68938
68938
68939
68939
68941
68941
68919
68945
68945
68946
68946
68949
68949
68950
68952
68950
68953
68955
68952
68956
68958
68959
68953
68960
68955
68956
68958
68959
68960
68962
68962
68944
68970
68971
68972
68973
68974
68975
68969
68977
68978
68979
68980
68981
68978
68982
68979
68984
68980
68986
68988
68981
68982
68989
68984
68992
68994
68986
68988
68989
68992
68994
68995
68995
68977
69003
69003
69004
69006
69007
69008
69004
69009
69006
69007
69011
69008
69014
69009
69016
69011
69018
69020
69014
69016
69018
69020
69021
69021
69002
69028
69029
69029
69031
69032
69033
69034
69035
69031
69036
69038
69032
69039
69033
69041
69034
69043
69035
69036
69038
69039
69041
69043
69045
69045
69028
69054
69054
69055
69055
69057
69057
69060
69060
69062
69062
69063
69063
69066
69066
69067
69067
69069
69071
69069
69072
69071
69072
69074
69074
69053
69079
69080
69081
69080
69082
69084
69081
69085
69087
69082
69084
69085
69088
69087
69088
69092
69092
69096
69096
69098
69099
69098
69099
69100
69100
69079
69105
69105
69107
69107
69109
69109
69110
69110
69113
69113
69114
69114
69116
69116
69118
69118
69120
69120
69123
69123
69124
69124
69126
69126
69104
69130
69131
69131
69132
69132
69135
69135
69136
69136
69138
69138
69141
69141
69143
69143
69145
69145
69147
69147
69148
69148
69151
69151
69152
69152
69130
69156
69157
69158
69156
69157
69158
69159
69159
69163
69163
69166
69167
69166
69168
69167
69170
69168
69172
69170
69174
69172
69174
69176
69176
69155
69181
69182
69183
69184
69185
69186
69187
69180
69189
69190
69191
69129
69193
69194
69194
69195
69195
69198
69199
69200
69201
69202
69198
69203
69199
69205
69207
69208
69200
69201
69202
69203
69205
69207
69208
69209
69209
69193
69219
69219
69221
69221
69222
69224
69225
69226
69222
69227
69229
69224
69225
69226
69230
69227
69229
69234
69230
69237
69234
69237
69239
69239
69243
69244
69245
69246
69247
69248
69249
69250
69251
69078
69253
69254
69255
69256
69257
69258
69259
69260
69261
69262
69263
69264
69265
69027
69267
69268
69269
69270
69271
69272
69273
69274
69275
69276
69277
69278
69279
69280
69281
69282
69283
69284
69285
69286
69287
69288
69289
69290
69291
69292
68738
69294
69295
69295
69297
69297
69299
69299
69301
69301
69303
69303
69305
69305
69307
69307
69309
69309
69311
69311
69313
69313
69314
69314
69317
69317
69294
69320
69320
69321
69321
69324
69324
69326
69326
69328
69329
69328
69330
69329
69330
69332
69332
69335
69335
69337
69337
69339
69339
69342
69342
69319
69345
69346
69347
69348
69346
69349
69347
69351
69348
69349
69353
69351
69353
69356
69359
69360
69356
69359
69361
69360
69364
69361
69364
69366
69366
69345
69371
69372
69371
69373
69372
69373
69375
69375
69378
69378
69381
69381
69383
69383
69384
69384
69386
69386
69388
69388
69390
69390
69392
69392
69370
69396
69397
69398
69399
69400
69401
69402
69403
69404
69405
69406
69407
69408
69409
69410
69411
69412
69413
69414
69415
69416
69417
69418
69419
69420
69421
69422
69423
69424
69425
69426
69427
69428
69429
69430
69431
69432
69433
69434
69435
69436
69395
69438
69439
69440
69441
69442
69443
69444
69445
69446
69447
69448
69449
69450
69451
69452
69453
69454
69455
69456
69457
69458
69459
69460
69461
69462
69463
69464
69465
69466
69467
69468
69469
69470
69471
69472
69473
69474
69475
69476
69477
69478
69344
69480
69481
69481
69483
69483
69485
69485
69486
69486
69488
69488
69491
69492
69491
69492
69493
69493
69497
69498
69497
69498
69499
69499
69503
69503
69480
69506
69506
69508
69508
69510
69510
69512
69512
69514
69514
69516
69516
69517
69517
69519
69519
69522
69522
69524
69525
69524
69525
69526
69526
69505
69531
69532
69532
69534
69534
69536
69536
69538
69538
69540
69540
69541
69541
69544
69544
69546
69546
69548
69548
69549
69549
69552
69552
69553
69553
69531
69557
69558
69559
69560
69557
69558
69559
69560
69561
69561
69566
69566
69568
69568
69570
69570
69573
69573
69574
69574
69576
69576
69579
69579
69556
69582
69583
69584
69585
69586
69587
69581
69589
69590
69591
69592
69593
69594
69595
69596
69597
69598
69599
69600
69601
69602
69603
69604
69605
69606
69607
69608
69609
69610
69611
69612
69613
69614
69615
69616
69617
69618
69619
69620
69621
69530
69623
69624
69624
69626
69626
69628
69628
69629
69631
69632
69633
69634
69629
69631
69635
69638
69632
69639
69633
69634
69635
69638
69639
69641
69641
69623
69649
69649
69650
69652
69650
69652
69653
69656
69657
69653
69658
69660
69661
69662
69656
69657
69663
69658
69660
69661
69662
69663
69666
69666
69648
69674
69675
69676
69677
69678
69679
69680
69681
69682
69683
69684
69685
69673
69687
69688
69688
69690
69690
69692
69692
69693
69693
69696
69697
69698
69696
69699
69701
69697
69702
69704
69698
69699
69701
69702
69704
69705
69705
69687
69713
69714
69713
69715
69717
69714
69715
69717
69718
69718
69723
69723
69725
69726
69727
69728
69729
69725
69726
69727
69728
69729
69730
69730
69712
69738
69739
69740
69741
69742
69737
69744
69745
69746
69747
69748
69749
69750
69751
69752
69753
69754
69755
69756
69757
69758
69759
69760
69761
69762
69763
69764
69765
69766
69767
68687
69769
69770
69770
69771
69771
69774
69774
69775
69777
69778
69775
69779
69777
69778
69779
69781
69781
69786
69786
69787
69787
69789
69789
69792
69792
69769
69795
69795
69797
69797
69799
69800
69799
69800
69801
69801
69805
69805
69807
69808
69807
69809
69811
69812
69808
69809
69811
69812
69813
69813
69794
69820
69821
69821
69822
69822
69825
69825
69827
69827
69829
69829
69830
69830
69832
69832
69835
69836
69835
69837
69839
69836
69837
69839
69840
69840
69820
69846
69846
69847
69849
69850
69847
69851
69849
69850
69853
69851
69856
69853
69858
69856
69858
69860
69860
69864
69864
69866
69866
69867
69867
69845
69871
69872
69873
69874
69875
69876
69877
69878
69879
69880
69881
69882
69883
69884
69885
69886
69887
69888
69889
69890
69891
69892
69893
69894
69895
69896
69897
69898
69899
69900
69901
69902
69903
69904
69905
69906
69907
69908
69909
69910
69911
69912
69913
69914
69870
69916
69917
69918
69919
69920
69921
69922
69923
69924
69925
69926
69927
69928
69929
69930
69931
69932
69933
69934
69935
69936
69937
69938
69939
69940
69941
69942
69943
69944
69945
69946
69947
69948
69949
69950
69951
69952
69953
69819
69955
69956
69956
69958
69958
69959
69959
69961
69961
69963
69963
69966
69967
69966
69968
69967
69970
69972
69968
69973
69970
69972
69973
69975
69975
69955
69981
69981
69982
69984
69985
69986
69982
69987
69984
69989
69991
69992
69985
69993
69995
69986
69987
69989
69991
69992
69993
69995
69996
69996
69980
70006
70007
70007
70009
70009
70011
70011
70013
70013
70014
70014
70017
70018
70017
70019
70021
70022
70018
70023
70019
70021
70022
70023
70025
70025
70006
70032
70033
70032
70033
70034
70034
70038
70038
70040
70041
70040
70041
70042
70042
70046
70046
70048
70048
70049
70051
70049
70051
70052
70052
70031
70057
70058
70059
70060
70061
70062
70056
70064
70065
70066
70005
70068
70069
70069
70071
70071
70073
70073
70075
70075
70076
70078
70076
70079
70081
70082
70078
70079
70083
70086
70081
70082
70083
70086
70087
70087
70068
70094
70094
70095
70095
70098
70098
70100
70101
70100
70101
70102
70102
70106
70106
70108
70108
70110
70110
70112
70113
70112
70113
70114
70114
70093
70119
70120
70121
70122
70123
70124
70125
70126
70127
70128
70129
70130
70131
70132
70118
70134
70135
70136
70137
70138
70139
70140
70141
70142
70143
70144
70145
70146
70147
70148
70149
70150
70151
70152
70153
70154
70155
70156
70157
70158
70159
70160
70161
70162
70163
70164
70165
70166
70167
70168
65770
70170
70171
70172
70171
70172
70173
70176
70177
70173
70176
70178
70177
70178
70181
70181
70185
70185
70186
70186
70189
70189
70190
70190
70192
70192
70170
70196
70197
70196
70198
70197
70198
70200
70200
70203
70203
70206
70206
70208
70208
70210
70210
70212
70213
70212
70213
70214
70214
70217
70217
70195
70221
70222
70222
70224
70224
70226
70226
70227
70227
70230
70230
70232
70232
70234
70234
70236
70236
70238
70238
70240
70240
70241
70241
70243
70243
70221
70247
70247
70248
70248
70250
70250
70253
70253
70255
70256
70255
70256
70257
70257
70261
70262
70261
70263
70262
70265
70263
70265
70267
70267
70246
70272
70273
70273
70274
70274
70277
70277
70279
70280
70281
70282
70283
70279
70284
70280
70286
70288
70281
70282
70283
70284
70286
70288
70289
70289
70272
70298
70298
70300
70300
70302
70302
70304
70304
70306
70306
70308
70308
70310
70310
70311
70313
70311
70314
70313
70314
70316
70316
70319
70319
70297
70323
70324
70325
70322
70327
70328
70329
70330
70331
70332
70333
70334
70335
70336
70337
70338
70339
70340
70341
70342
70343
70344
70345
70346
70347
70348
70349
70350
70351
70352
70353
70354
70355
70356
70357
70271
70359
70360
70361
70362
70363
70364
70365
70366
70367
70368
70369
70370
70371
70372
70373
70374
70375
70376
70377
70378
70379
70380
70381
70382
70383
70384
70385
70386
70387
70388
70389
70390
70391
70392
70393
70394
70395
70396
70397
70398
70220
70400
70401
70401
70403
70403
70404
70404
70407
70407
70409
70409
70411
70411
70412
70414
70412
70415
70417
70414
70418
70415
70417
70418
70420
70420
70400
70426
70426
70428
70429
70428
70429
70430
70430
70434
70434
70435
70435
70438
70438
70440
70440
70442
70442
70444
70444
70446
70446
70447
70447
70425
70451
70452
70452
70453
70453
70456
70456
70458
70458
70460
70461
70462
70463
70464
70465
70466
70460
70461
70462
70463
70464
70465
70466
70467
70467
70451
70477
70477
70479
70480
70479
70481
70483
70484
70480
70481
70485
70488
70483
70489
70484
70491
70485
70488
70489
70491
70493
70493
70499
70499
70476
70502
70503
70503
70505
70505
70507
70507
70509
70509
70510
70512
70513
70514
70515
70510
70516
70512
70518
70513
70514
70515
70516
70518
70520
70520
70502
70528
70529
70528
70530
70532
70533
70529
70530
70532
70534
70538
70539
70540
70541
70542
70533
70534
70538
70539
70540
70541
70542
70543
70543
70527
70553
70554
70554
70555
70557
70558
70559
70555
70560
70562
70563
70564
70557
70558
70559
70565
70560
70562
70569
70563
70564
70565
70569
70572
70572
70553
70579
70579
70581
70581
70582
70582
70584
70584
70587
70587
70588
70588
70590
70592
70593
70590
70592
70594
70597
70593
70594
70597
70598
70598
70578
70604
70605
70606
70607
70608
70609
70610
70611
70612
70613
70614
70615
70616
70617
70618
70619
70620
70621
70603
70623
70624
70625
70626
70627
70628
70629
70630
70631
70632
70633
70634
70635
70636
70552
70638
70639
70639
70640
70642
70640
70643
70642
70645
70647
70648
70649
70643
70650
70645
70652
70647
70654
70648
70649
70650
70652
70654
70656
70656
70638
70664
70664
70666
70666
70668
70668
70670
70670
70672
70672
70674
70674
70676
70676
70678
70678
70680
70680
70681
70681
70684
70684
70685
70685
70663
70689
70690
70691
70692
70690
70693
70691
70695
70692
70697
70699
70693
70700
70702
70703
70695
70697
70704
70699
70700
70702
70703
70704
70707
70707
70689
70715
70715
70717
70718
70719
70720
70721
70722
70723
70724
70725
70717
70726
70718
70719
70720
70721
70722
70723
70724
70725
70726
70728
70728
70714
70740
70741
70742
70743
70744
70745
70746
70747
70748
70749
70750
70751
70752
70753
70754
70755
70756
70757
70758
70759
70760
70761
70762
70763
70764
70765
70766
70739
70768
70769
70769
70770
70772
70770
70772
70773
70776
70773
70777
70779
70776
70777
70779
70780
70780
70785
70785
70787
70787
70789
70789
70791
70791
70768
70794
70795
70796
70797
70798
70799
70794
70800
70802
70795
70796
70803
70806
70797
70798
70799
70800
70802
70803
70806
70807
70807
70816
70816
70793
70819
70820
70820
70822
70823
70824
70825
70822
70826
70823
70828
70830
70831
70824
70825
70826
70828
70830
70831
70832
70832
70839
70839
70842
70842
70819
70845
70845
70846
70846
70849
70849
70851
70851
70853
70853
70855
70855
70857
70857
70859
70859
70861
70861
70863
70863
70865
70865
70867
70867
70844
70870
70871
70872
70873
70874
70875
70876
70877
70878
70879
70880
70881
70882
70883
70884
70885
70886
70887
70888
70889
70890
70869
70892
70893
70894
70895
70896
70897
70898
70899
70900
70901
70902
70903
70904
70905
70906
70818
70908
70909
70910
70911
70912
70913
70914
70915
70916
70917
70918
70919
70920
70921
70922
70923
70924
70925
70926
70927
70928
70929
70930
70931
70932
70933
70934
70935
70936
70688
70938
70939
70940
70941
70942
70943
70944
70945
70501
70947
70948
70948
70950
70950
70951
70953
70954
70955
70956
70957
70958
70959
70960
70951
70953
70954
70955
70956
70957
70958
70959
70960
70961
70961
70947
70973
70973
70975
70975
70977
70977
70979
70979
70981
70981
70983
70983
70984
70984
70987
70988
70989
70990
70987
70988
70989
70990
70991
70991
70972
70998
70999
70999
71001
71001
71003
71004
71005
71003
71004
71005
71006
71006
71011
71011
71013
71013
71014
71014
71017
71017
71019
71019
71020
71020
70998
71024
71024
71026
71026
71028
71029
71030
71031
71032
71028
71033
71029
71035
71030
71037
71031
71039
71032
71033
71035
71037
71039
71041
71041
71023
71049
71050
71051
71052
71053
71054
71055
71056
71050
71057
71059
71051
71052
71060
71063
71053
71054
71055
71056
71057
71059
71060
71063
71064
71064
71049
71075
71076
71077
71078
71075
71079
71076
71077
71081
71084
71085
71078
71079
71086
71089
71081
71084
71085
71086
71089
71090
71090
71096
71096
71074
71100
71101
71101
71102
71102
71105
71106
71105
71107
71109
71110
71106
71111
71107
71109
71110
71111
71113
71118
71119
71113
71118
71119
71120
71120
71100
71126
71126
71127
71127
71130
71130
71132
71133
71134
71132
71135
71137
71138
71139
71133
71134
71140
71135
71137
71138
71139
71140
71143
71143
71125
71151
71152
71152
71154
71154
71156
71156
71157
71157
71160
71160
71162
71162
71163
71163
71166
71166
71168
71168
71169
71171
71169
71171
71172
71172
71151
71177
71177
71179
71180
71181
71179
71182
71184
71185
71180
71181
71186
71182
71189
71184
71191
71193
71185
71186
71189
71191
71193
71194
71194
71176
71202
71203
71204
71205
71206
71207
71208
71209
71210
71211
71212
71213
71214
71201
71216
71217
71218
71219
71220
71221
71222
71223
71224
71225
71226
71227
71228
71229
71230
71231
71232
71233
71150
71235
71236
71237
71238
71239
71236
71237
71240
71238
71239
71243
71240
71246
71248
71243
71246
71249
71248
71249
71252
71252
71256
71256
71257
71257
71235
71261
71261
71263
71263
71265
71265
71267
71267
71268
71268
71271
71271
71273
71273
71275
71275
71276
71276
71279
71279
71280
71280
71283
71283
71260
71286
71287
71288
71289
71290
71291
71292
71293
71294
71295
71296
71297
71298
71285
71099
71301
71302
71303
71304
71302
71303
71304
71305
71305
71310
71310
71312
71313
71312
71313
71314
71314
71318
71318
71320
71320
71322
71322
71323
71323
71301
71327
71327
71329
71329
71330
71330
71333
71334
71335
71333
71336
71338
71334
71339
71341
71335
71342
71336
71338
71339
71341
71342
71344
71344
71326
71352
71353
71354
71355
71356
71357
71358
71359
71360
71361
71362
71363
71364
71365
71366
71367
71368
71369
71370
71371
71372
71373
71374
71375
71376
71377
71378
71379
71351
71381
71048
71383
71384
71385
71386
71384
71387
71385
71386
71387
71389
71389
71393
71395
71393
71395
71396
71399
71396
71399
71400
71400
71404
71404
71406
71406
71383
71409
71409
71411
71411
71412
71412
71414
71416
71417
71414
71416
71418
71421
71422
71423
71417
71418
71424
71421
71422
71423
71424
71427
71427
71408
71434
71435
71435
71436
71436
71438
71440
71441
71442
71443
71444
71438
71445
71447
71440
71448
71441
71442
71443
71444
71445
71447
71448
71450
71450
71434
71460
71460
71462
71462
71464
71464
71466
71466
71468
71468
71470
71471
71472
71470
71473
71475
71471
71472
71476
71473
71475
71476
71479
71479
71459
71485
71486
71487
71488
71489
71490
71491
71492
71493
71494
71495
71496
71497
71498
71499
71500
71501
71502
71503
71504
71484
71506
71507
71508
71509
71510
71511
71512
71513
71514
71515
71516
71517
71518
71519
71520
71521
71522
71523
71524
71525
71526
71527
71528
71529
71433
71531
71532
71532
71534
71534
71536
71536
71537
71537
71540
71540
71541
71543
71541
71543
71544
71544
71547
71547
71549
71549
71552
71552
71554
71554
71531
71557
71558
71557
71558
71559
71559
71562
71562
71564
71566
71564
71567
71566
71567
71569
71572
71573
71569
71574
71572
71573
71574
71576
71576
71556
71582
71581
71584
71585
71586
71587
71588
71589
71590
71591
71592
71593
71594
71595
71596
71597
71598
71599
71600
71601
70997
71603
71604
71604
71606
71606
71607
71609
71607
71610
71609
71610
71612
71615
71612
71615
71616
71616
71619
71619
71622
71622
71624
71624
71626
71626
71603
71629
71629
71630
71630
71633
71633
71635
71636
71637
71635
71636
71638
71641
71642
71637
71643
71645
71638
71641
71642
71643
71645
71646
71646
71628
71654
71655
71655
71657
71657
71659
71660
71659
71660
71661
71661
71665
71666
71667
71668
71669
71670
71665
71666
71667
71668
71669
71670
71671
71671
71654
71680
71680
71682
71682
71684
71684
71686
71686
71688
71688
71690
71690
71691
71691
71694
71695
71696
71694
71695
71697
71696
71697
71700
71700
71679
71705
71706
71706
71707
71707
71710
71710
71712
71712
71714
71715
71716
71714
71717
71715
71719
71716
71721
71723
71717
71719
71721
71723
71724
71724
71705
71731
71731
71733
71733
71735
71735
71737
71738
71737
71739
71741
71738
71739
71742
71741
71745
71742
71745
71747
71750
71747
71750
71751
71751
71730
71756
71757
71758
71759
71760
71761
71762
71763
71764
71765
71766
71767
71768
71769
71770
71771
71772
71773
71774
71775
71776
71777
71778
71779
71780
71781
71755
71783
71784
71785
71786
71787
71788
71789
71790
71791
71792
71793
71794
71704
71796
71797
71798
71799
71800
71801
71802
71803
71653
71805
71806
71806
71807
71809
71807
71810
71812
71813
71814
71809
71815
71817
71818
71810
71819
71812
71813
71814
71815
71817
71818
71819
71821
71821
71805
71831
71832
71833
71834
71831
71835
71837
71838
71832
71833
71834
71835
71837
71838
71839
71839
71846
71846
71848
71848
71851
71851
71853
71853
71830
71856
71857
71857
71859
71860
71861
71859
71862
71864
71860
71861
71862
71864
71865
71865
71871
71871
71872
71872
71874
71876
71874
71876
71877
71877
71856
71882
71882
71883
71885
71886
71887
71888
71889
71890
71883
71885
71886
71887
71891
71888
71889
71890
71891
71896
71896
71901
71901
71904
71904
71881
71907
71908
71908
71910
71910
71912
71912
71914
71914
71916
71916
71918
71918
71920
71920
71921
71921
71924
71924
71926
71926
71927
71927
71930
71930
71907
71933
71933
71934
71936
71934
71937
71939
71936
71940
71942
71943
71937
71944
71939
71940
71946
71942
71949
71943
71944
71946
71949
71951
71951
71932
71958
71959
71960
71961
71962
71963
71964
71965
71966
71967
71968
71969
71957
71971
71972
71973
71974
71972
71975
71973
71977
71974
71979
71975
71977
71979
71981
71981
71985
71985
71988
71988
71990
71991
71990
71991
71992
71992
71971
71997
71998
71997
71999
71998
71999
72001
72001
72005
72005
72007
72008
72007
72008
72009
72009
72013
72013
72014
72016
72014
72016
72017
72017
71996
72022
72023
72024
72025
72026
72027
72028
72021
72030
72031
72032
72033
72034
72035
72036
72037
72038
72039
72040
72041
72042
72043
72044
72045
72046
72047
72048
72049
72050
72051
72052
72053
72054
72055
72056
72057
72058
71906
72060
72061
72061
72063
72063
72065
72065
72067
72067
72069
72070
72069
72071
72070
72073
72075
72076
72077
72071
72073
72075
72076
72077
72078
72078
72060
72086
72086
72088
72088
72090
72090
72092
72093
72094
72095
72092
72096
72093
72098
72094
72100
72102
72095
72096
72098
72100
72102
72103
72103
72085
72111
72112
72113
72114
72112
72113
72114
72115
72115
72119
72119
72121
72121
72123
72123
72126
72126
72127
72127
72129
72129
72132
72132
72133
72133
72111
72137
72137
72138
72138
72141
72141
72143
72143
72145
72145
72147
72147
72149
72149
72150
72152
72153
72154
72150
72152
72153
72154
72155
72155
72136
72162
72163
72164
72165
72166
72167
72168
72169
72170
72171
72172
72173
72174
72175
72176
72177
72178
72179
72180
72181
72182
72183
72161
72185
72186
72187
72188
72186
72189
72187
72191
72188
72193
72189
72195
72197
72191
72198
72200
72201
72193
72195
72197
72198
72200
72201
72202
72202
72185
72211
72212
72213
72214
72211
72212
72213
72215
72214
72215
72219
72222
72219
72223
72225
72222
72223
72226
72229
72225
72226
72229
72230
72230
72210
72236
72237
72238
72235
72240
72241
72242
72241
72243
72245
72242
72246
72243
72248
72250
72251
72245
72252
72246
72254
72256
72248
72250
72251
72252
72254
72256
72257
72257
72240
72266
72266
72268
72268
72270
72270
72272
72272
72274
72274
72276
72277
72276
72277
72278
72281
72278
72282
72281
72284
72282
72284
72286
72286
72265
72291
72292
72292
72293
72293
72295
72295
72298
72298
72300
72300
72302
72303
72302
72304
72306
72303
72307
72304
72309
72306
72307
72309
72311
72311
72291
72317
72317
72319
72319
72321
72321
72323
72323
72325
72325
72326
72326
72328
72330
72328
72331
72333
72330
72334
72331
72333
72334
72336
72336
72316
72342
72343
72344
72345
72346
72347
72348
72349
72350
72351
72352
72353
72354
72355
72356
72357
72358
72359
72341
72361
72362
72363
72364
72365
72366
72367
72368
72369
72370
72371
72372
72373
72374
72375
72290
72377
72378
72378
72380
72380
72382
72382
72384
72384
72385
72387
72385
72388
72387
72390
72388
72390
72392
72395
72396
72392
72395
72396
72397
72397
72377
72403
72403
72404
72406
72407
72408
72404
72409
72406
72411
72407
72413
72415
72408
72416
72409
72418
72411
72413
72415
72416
72418
72420
72420
72402
72428
72429
72430
72431
72432
72433
72434
72427
72436
72437
72110
72439
72440
72440
72441
72441
72444
72444
72446
72446
72448
72449
72450
72448
72451
72449
72453
72450
72455
72451
72457
72453
72455
72457
72459
72459
72439
72465
72465
72467
72467
72469
72470
72469
72471
72470
72473
72471
72475
72477
72473
72478
72475
72480
72477
72482
72478
72480
72482
72484
72484
72464
72490
72491
72492
72493
72491
72492
72493
72494
72494
72499
72499
72501
72502
72503
72504
72505
72506
72501
72502
72503
72504
72505
72506
72507
72507
72490
72516
72516
72518
72518
72520
72520
72522
72523
72522
72523
72524
72524
72528
72529
72530
72531
72532
72528
72529
72530
72531
72532
72533
72533
72515
72541
72542
72543
72544
72545
72546
72547
72548
72549
72550
72551
72552
72553
72554
72555
72556
72557
72558
72559
72560
72561
72562
72563
72564
72565
72540
72567
72568
72569
72570
72571
72572
72573
72574
72575
72576
72577
72578
72579
72580
72581
72582
72583
72584
72585
72586
72587
72588
72589
72590
72591
72592
72593
72489
72595
72596
72597
72598
72599
72600
72601
72602
72603
72604
72605
72606
72607
72608
72609
72610
72611
71855
72613
72614
72615
72616
72617
72618
72619
72620
72621
72622
72623
72624
72625
72626
72627
72628
72629
72630
70450
72632
72633
72633
72635
72635
72637
72638
72639
72637
72638
72640
72643
72644
72639
72645
72647
72648
72640
72643
72644
72645
72647
72648
72649
72649
72632
72658
72658
72660
72660
72661
72661
72664
72665
72666
72664
72665
72666
72667
72667
72672
72673
72672
72674
72676
72673
72674
72676
72677
72677
72657
72683
72684
72684
72685
72685
72688
72689
72690
72688
72691
72693
72689
72690
72694
72691
72693
72697
72700
72694
72697
72701
72700
72701
72704
72704
72683
72709
72709
72711
72711
72713
72713
72715
72716
72717
72718
72719
72720
72715
72721
72716
72723
72717
72718
72719
72720
72721
72723
72725
72725
72708
72734
72735
72735
72737
72737
72739
72739
72740
72740
72743
72743
72744
72744
72746
72746
72748
72750
72751
72748
72752
72750
72751
72752
72754
72754
72734
72760
72760
72761
72763
72761
72764
72766
72767
72763
72768
72764
72766
72770
72773
72774
72775
72767
72768
72770
72773
72774
72775
72776
72776
72759
72785
72786
72787
72788
72789
72790
72791
72784
72793
72794
72795
72796
72797
72798
72799
72800
72801
72802
72803
72804
72805
72806
72807
72808
72809
72810
72811
72812
72813
72814
72815
72733
72817
72818
72818
72819
72819
72822
72822
72824
72824
72826
72826
72828
72828
72830
72830
72832
72832
72834
72834
72836
72836
72838
72838
72839
72839
72817
72843
72843
72845
72845
72846
72846
72849
72849
72851
72851
72853
72853
72855
72855
72856
72858
72856
72858
72859
72859
72863
72863
72864
72864
72842
72868
72869
72870
72869
72870
72871
72871
72875
72875
72877
72877
72879
72879
72880
72880
72883
72884
72885
72886
72883
72884
72885
72886
72887
72887
72868
72894
72894
72896
72896
72898
72898
72900
72901
72900
72902
72901
72902
72904
72904
72908
72908
72910
72910
72912
72913
72912
72913
72914
72914
72893
72919
72920
72921
72922
72923
72924
72925
72926
72920
72927
72921
72922
72923
72924
72925
72929
72926
72927
72935
72929
72938
72935
72938
72940
72940
72919
72945
72945
72947
72947
72949
72949
72951
72952
72951
72952
72953
72953
72956
72956
72959
72959
72961
72961
72963
72963
72965
72965
72966
72966
72944
72970
72971
72972
72971
72972
72973
72973
72977
72978
72977
72979
72978
72981
72983
72984
72979
72985
72987
72981
72983
72984
72985
72987
72988
72988
72970
72996
72996
72998
72998
73000
73000
73001
73003
73001
73003
73004
73004
73007
73007
73010
73011
73010
73012
73014
73011
73012
73014
73015
73015
72995
73021
73022
73023
73024
73025
73026
73027
73028
73029
73030
73031
73032
73033
73034
73035
73036
73037
73038
73039
73020
73041
73042
73043
73044
73042
73045
73043
73044
73045
73047
73047
73052
73052
73054
73055
73054
73056
73058
73055
73056
73058
73059
73059
73064
73064
73041
73067
73067
73068
73068
73070
73072
73070
73072
73073
73073
73076
73076
73079
73079
73080
73080
73083
73083
73085
73086
73085
73086
73087
73087
73066
73092
73093
73094
73095
73096
73097
73098
73099
73100
73101
73102
73103
73104
73105
73106
73107
73108
73109
73110
73111
73112
73113
73114
73115
73116
73117
73118
73119
73091
73121
73122
73122
73124
73124
73125
73125
73128
73129
73130
73128
73129
73131
73134
73130
73131
73134
73135
73139
73140
73135
73139
73140
73141
73141
73121
73147
73147
73149
73150
73151
73149
73152
73150
73154
73151
73152
73156
73159
73154
73156
73160
73159
73163
73165
73160
73163
73165
73166
73166
73146
73172
73173
73174
73175
73176
73177
73178
73179
73180
73181
73171
73183
73184
73184
73185
73185
73188
73188
73189
73191
73189
73192
73191
73192
73194
73197
73198
73199
73194
73200
73197
73198
73199
73200
73202
73202
73183
73209
73210
73211
73209
73212
73214
73215
73216
73210
73211
73217
73212
73214
73220
73215
73216
73223
73217
73226
73220
73223
73226
73228
73228
73233
72969
73235
73236
73237
73238
73239
73240
73241
73242
73243
73244
73245
73246
73247
73248
73249
73250
73251
73252
73253
73254
73255
73256
73257
72918
73259
73260
73261
73262
73263
73264
73260
73261
73262
73265
73269
73263
73270
73264
73265
73269
73272
73270
73272
73276
73276
73280
73280
73281
73281
73259
73285
73285
73286
73286
73288
73288
73291
73291
73293
73293
73294
73294
73297
73298
73297
73299
73298
73299
73301
73301
73305
73305
73306
73306
73309
73310
73311
73311
73313
73313
73315
73315
73316
73316
73319
73319
73321
73321
73323
73323
73324
73326
73324
73327
73329
73326
73327
73329
73330
73330
73310
73336
73336
73338
73338
73340
73340
73341
73341
73344
73344
73345
73347
73348
73349
73345
73350
73347
73352
73348
73349
73350
73352
73354
73354
73335
73361
73362
73363
73364
73365
73366
73367
73368
73369
73370
73371
73372
73373
73374
73375
73376
73377
73378
73379
73380
73381
73382
73383
73384
73385
73386
73387
73388
73389
73390
73391
73392
73393
73394
73395
73396
73397
73398
73399
73400
73401
73402
73403
73360
73405
73406
73407
73408
73409
73410
73411
73412
73413
73414
73415
73416
73417
73418
73419
73420
73421
72867
73423
73424
73425
73426
73427
73428
73429
72682
73431
73432
73432
73433
73435
73436
73437
73433
73435
73436
73437
73438
73438
73444
73444
73445
73445
73447
73447
73450
73451
73450
73451
73452
73452
73431
73457
73457
73458
73458
73461
73461
73462
73462
73465
73465
73466
73468
73466
73468
73469
73469
73473
73473
73474
73474
73477
73477
73478
73478
73456
73482
73483
73483
73485
73485
73486
73486
73489
73489
73491
73491
73493
73493
73495
73495
73497
73497
73498
73498
73501
73501
73503
73503
73504
73504
73482
73508
73509
73508
73510
73512
73513
73509
73514
73510
73512
73513
73516
73514
73520
73522
73523
73524
73516
73520
73522
73523
73524
73525
73525
73507
73533
73534
73534
73536
73536
73538
73538
73540
73541
73542
73543
73540
73541
73542
73543
73544
73544
73549
73549
73551
73551
73553
73553
73555
73555
73533
73559
73559
73561
73562
73563
73561
73562
73564
73567
73563
73568
73564
73570
73567
73572
73574
73575
73568
73570
73572
73574
73575
73576
73576
73558
73584
73585
73585
73587
73587
73588
73588
73590
73590
73592
73592
73594
73594
73597
73598
73597
73598
73599
73599
73603
73603
73605
73605
73606
73606
73584
73610
73611
73612
73610
73611
73613
73612
73616
73613
73618
73620
73621
73622
73623
73624
73616
73618
73620
73621
73622
73623
73624
73625
73625
73609
73635
73636
73636
73638
73639
73638
73639
73640
73640
73644
73644
73646
73646
73647
73649
73650
73651
73652
73647
73649
73650
73651
73652
73653
73653
73635
73661
73661
73662
73662
73664
73664
73666
73666
73669
73670
73671
73672
73673
73669
73670
73671
73674
73678
73672
73673
73674
73678
73679
73679
73660
73686
73687
73688
73689
73690
73691
73692
73693
73694
73695
73696
73697
73698
73699
73700
73701
73702
73703
73704
73705
73706
73707
73708
73709
73710
73711
73712
73713
73714
73715
73716
73717
73718
73719
73720
73721
73722
73685
73724
73725
73725
73727
73728
73727
73729
73728
73729
73731
73731
73734
73734
73736
73736
73739
73739
73741
73742
73743
73741
73742
73743
73744
73744
73724
73750
73750
73752
73753
73752
73753
73754
73754
73758
73758
73760
73760
73762
73762
73763
73763
73766
73766
73767
73767
73770
73770
73771
73771
73774
73775
73776
73777
73778
73779
73780
73781
73782
73783
73784
73785
73786
73787
73634
73789
73790
73791
73792
73793
73794
73795
73796
73797
73798
73799
73800
73801
73802
73803
73804
73805
73806
73807
73808
73809
73810
73811
73812
73813
73814
73815
73816
73817
73818
73819
73820
73821
73822
73823
73824
73825
73826
73827
73828
73829
73583
73831
73832
73832
73834
73834
73835
73837
73835
73838
73840
73837
73841
73838
73840
73841
73843
73847
73843
73848
73847
73850
73848
73850
73852
73852
73831
73857
73858
73859
73857
73858
73860
73863
73859
73864
73866
73867
73868
73869
73860
73870
73863
73864
73866
73867
73868
73869
73870
73872
73872
73856
73882
73883
73884
73885
73886
73887
73888
73889
73890
73891
73892
73893
73894
73895
73896
73897
73881
73899
73900
73901
73902
73903
73904
73905
73906
73907
73908
73909
73910
73911
73912
73913
73914
73915
73916
73917
73918
73919
73920
73921
73922
73923
73924
73925
73926
73927
73928
73532
73930
73931
73932
73933
73934
73935
73931
73932
73936
73933
73939
73934
73935
73941
73936
73944
73939
73941
73944
73946
73950
73946
73950
73951
73951
73930
73956
73956
73958
73959
73958
73960
73959
73962
73964
73960
73962
73964
73965
73969
73970
73965
73969
73970
73971
73971
73976
73976
73977
73977
73955
73981
73982
73982
73983
73983
73986
73986
73988
73988
73989
73991
73992
73989
73991
73992
73993
73993
73997
73999
74000
73997
73999
74000
74001
74001
73981
74007
74007
74009
74009
74011
74011
74013
74013
74015
74015
74016
74016
74019
74019
74020
74022
74023
74024
74020
74022
74023
74024
74025
74025
74006
74032
74033
74033
74035
74036
74035
74037
74039
74036
74040
74042
74043
74044
74045
74046
74037
74039
74040
74042
74043
74044
74045
74046
74047
74047
74032
74058
74058
74060
74060
74062
74062
74063
74063
74066
74066
74068
74069
74068
74069
74070
74070
74074
74074
74076
74076
74077
74077
74079
74079
74057
74083
74084
74085
74084
74085
74086
74089
74090
74086
74089
74091
74090
74091
74094
74097
74098
74099
74100
74094
74097
74098
74099
74100
74101
74101
74083
74109
74109
74111
74111
74112
74112
74115
74115
74116
74116
74119
74119
74121
74121
74123
74123
74124
74124
74126
74126
74129
74129
74130
74130
74108
74134
74135
74136
74137
74138
74139
74140
74141
74142
74143
74144
74145
74146
74147
74148
74149
74150
74151
74152
74153
74154
74155
74156
74157
74158
74159
74160
74161
74162
74163
74164
74133
74166
74167
74168
74169
74170
74171
74172
74173
74174
74175
74176
74177
74178
74179
74180
74181
74182
74183
74082
74185
74186
74186
74188
74188
74189
74189
74192
74192
74194
74194
74196
74197
74198
74196
74199
74201
74202
74197
74198
74199
74201
74202
74203
74203
74185
74211
74211
74212
74212
74215
74215
74217
74218
74217
74218
74219
74219
74223
74223
74224
74224
74226
74226
74228
74228
74231
74231
74232
74232
74210
74236
74237
74237
74238
74238
74241
74241
74243
74243
74245
74245
74246
74246
74248
74250
74248
74251
74253
74250
74251
74254
74253
74254
74257
74257
74236
74262
74262
74264
74264
74266
74267
74266
74268
74267
74270
74272
74273
74274
74275
74268
74270
74276
74272
74273
74274
74275
74276
74279
74279
74261
74287
74288
74289
74290
74291
74292
74293
74294
74295
74296
74297
74298
74299
74300
74301
74302
74303
74304
74305
74306
74307
74308
74309
74310
74311
74312
74313
74314
74315
74316
74317
74318
74319
74320
74321
74322
74323
74324
74286
74326
74327
74328
74329
74330
74331
74332
74333
74334
74335
74336
74337
74338
74339
74340
74341
74342
74343
74344
74345
74346
74347
74348
74349
74350
74351
74352
74353
74354
74355
74356
74357
74358
74359
74360
74361
74362
74363
74364
74365
74366
74367
74368
74369
74370
74235
74372
74373
74374
74375
74376
74377
74378
74379
74380
74381
74382
74383
74384
74385
74386
74387
74388
74389
74390
74391
74392
74393
74394
74031
74396
74397
74397
74399
74399
74401
74401
74402
74402
74404
74404
74407
74408
74409
74410
74411
74412
74407
74408
74409
74410
74411
74412
74413
74413
74396
74422
74422
74424
74424
74425
74427
74428
74429
74425
74430
74427
74428
74429
74430
74432
74432
74437
74437
74440
74440
74442
74442
74443
74443
74421
74447
74448
74449
74450
74451
74452
74453
74454
74455
74456
74457
74458
74459
74460
74461
74446
74463
74464
74465
74466
74467
74468
74469
74470
74471
73980
74473
74474
74475
74474
74475
74476
74476
74479
74479
74481
74481
74484
74484
74485
74485
74487
74489
74487
74489
74490
74490
74494
74494
74495
74495
74473
74499
74499
74500
74502
74503
74504
74505
74500
74506
74502
74508
74503
74504
74510
74513
74505
74506
74508
74514
74510
74513
74514
74518
74518
74498
74524
74525
74526
74527
74528
74529
74530
74531
74532
74533
74534
74535
74536
74537
74538
74539
74540
74523
74542
74543
74543
74545
74545
74547
74547
74548
74548
74551
74551
74553
74554
74553
74554
74555
74555
74559
74559
74561
74561
74563
74563
74564
74564
74542
74568
74568
74570
74570
74572
74572
74573
74575
74573
74575
74576
74576
74580
74581
74582
74580
74581
74582
74583
74583
74588
74588
74590
74590
74567
74593
74594
74592
74596
74597
73481
74599
74600
74600
74601
74601
74604
74604
74605
74605
74608
74608
74610
74610
74612
74612
74614
74614
74616
74616
74618
74618
74619
74619
74621
74621
74599
74625
74625
74627
74627
74628
74628
74631
74631
74633
74633
74635
74635
74637
74638
74639
74637
74638
74640
74639
74640
74643
74643
74647
74647
74624
74650
74651
74651
74652
74652
74655
74655
74657
74657
74658
74658
74660
74660
74662
74662
74664
74664
74666
74666
74669
74669
74670
74670
74672
74672
74650
74676
74676
74678
74678
74680
74680
74682
74682
74683
74683
74685
74685
74688
74688
74690
74690
74692
74692
74694
74695
74694
74695
74696
74696
74675
74701
74702
74703
74702
74703
74704
74704
74708
74708
74710
74710
74712
74712
74714
74714
74715
74715
74717
74719
74717
74720
74719
74720
74722
74722
74701
74727
74727
74729
74729
74731
74731
74733
74733
74735
74736
74737
74738
74735
74739
74741
74736
74737
74738
74739
74742
74741
74742
74747
74747
74726
74752
74753
74753
74755
74755
74757
74757
74759
74759
74761
74761
74762
74762
74765
74766
74767
74768
74769
74765
74766
74767
74768
74769
74770
74770
74752
74778
74779
74780
74778
74779
74781
74784
74780
74781
74785
74784
74788
74785
74790
74792
74793
74794
74788
74790
74792
74793
74794
74795
74795
74777
74803
74804
74804
74806
74806
74807
74807
74810
74810
74812
74812
74813
74813
74816
74817
74816
74817
74818
74818
74822
74822
74823
74823
74826
74826
74803
74829
74829
74830
74832
74833
74834
74835
74830
74832
74836
74833
74839
74834
74835
74841
74836
74839
74841
74844
74844
74848
74848
74850
74850
74828
74854
74855
74856
74855
74856
74857
74857
74861
74861
74863
74863
74865
74865
74867
74867
74869
74869
74871
74871
74873
74874
74873
74874
74875
74875
74854
74880
74880
74882
74882
74884
74884
74886
74886
74888
74888
74890
74890
74891
74891
74894
74894
74895
74895
74898
74899
74898
74899
74900
74900
74879
74905
74906
74907
74908
74909
74910
74911
74912
74913
74914
74915
74916
74917
74918
74919
74920
74921
74922
74923
74924
74925
74926
74927
74928
74929
74930
74931
74932
74904
74934
74935
74936
74937
74938
74939
74853
74941
74942
74943
74944
74945
74946
74947
74948
74949
74950
74951
74952
74953
74954
74955
74956
74957
74958
74959
74960
74961
74962
74963
74964
74965
74966
74967
74968
74802
74970
74971
74971
74972
74972
74975
74975
74977
74977
74979
74979
74981
74981
74982
74984
74982
74985
74984
74987
74985
74989
74987
74989
74991
74991
74970
74996
74997
74998
74996
74997
74999
74998
75002
74999
75002
75004
75007
75008
75009
75010
75011
75004
75007
75008
75009
75010
75011
75012
75012
74995
75021
75022
75023
75024
75025
75026
75027
75028
75029
75030
75031
75032
75033
75034
75035
75036
75037
75038
75039
75040
75041
75042
75043
75044
75045
75046
75047
75048
75049
75050
75051
75052
75053
75054
75055
75056
75057
75058
75059
75060
75020
74751
75063
75064
75064
75066
75066
75068
75068
75070
75070
75071
75071
75074
75074
75075
75077
75078
75079
75080
75075
75077
75078
75079
75080
75081
75081
75063
75089
75090
75089
75090
75091
75091
75095
75095
75097
75097
75099
75099
75100
75100
75102
75102
75104
75104
75107
75107
75109
75109
75111
75111
75088
75114
75115
75116
75117
75115
75118
75120
75116
75117
75118
75120
75121
75126
75121
75127
75126
75129
75131
75132
75127
75129
75131
75132
75133
75133
75114
75140
75140
75141
75141
75144
75144
75146
75146
75148
75148
75150
75150
75152
75152
75153
75155
75153
75155
75156
75156
75160
75160
75161
75161
75139
75165
75166
75167
75168
75169
75170
75171
75172
75173
75174
75175
75176
75177
75178
75179
75180
75181
75182
75183
75184
75185
75186
75187
75188
75189
75190
75191
75192
75193
75194
75195
75196
75197
75198
75164
75200
75201
75201
75203
75203
75205
75205
75207
75207
75209
75210
75211
75212
75213
75214
75209
75210
75211
75215
75212
75213
75214
75215
75219
75219
75200
75226
75226
75227
75229
75227
75229
75230
75230
75234
75234
75235
75235
75238
75238
75240
75241
75242
75243
75240
75241
75242
75243
75244
75244
75225
75251
75252
75253
75254
75250
75256
75257
75258
75259
75260
75113
75262
75263
75263
75265
75265
75267
75267
75269
75269
75271
75272
75271
75273
75275
75272
75273
75276
75275
75279
75281
75276
75279
75281
75282
75282
75262
75288
75289
75290
75288
75291
75289
75290
75291
75293
75293
75298
75298
75299
75301
75302
75299
75301
75302
75303
75303
75308
75308
75310
75310
75287
75313
75314
75314
75316
75316
75318
75318
75320
75321
75320
75321
75322
75325
75322
75325
75326
75326
75330
75330
75332
75332
75334
75334
75336
75336
75313
75339
75339
75341
75341
75343
75343
75345
75345
75346
75346
75349
75349
75351
75351
75352
75354
75352
75355
75357
75354
75355
75357
75358
75358
75338
75364
75365
75366
75367
75368
75369
75370
75371
75372
75363
75374
75375
75376
75377
75312
75379
75380
75381
75382
75383
75384
75385
75386
75387
75388
75389
75390
75391
75392
75393
75394
75395
75396
75397
75398
75399
75400
75401
75402
75403
75404
75405
75406
75407
75408
75409
75410
75411
75412
75413
75414
75415
74700
75417
75418
75418
75420
75420
75422
75422
75423
75423
75425
75427
75428
75429
75425
75427
75430
75433
75428
75434
75429
75430
75433
75434
75436
75436
75417
75443
75443
75444
75444
75447
75447
75448
75448
75451
75452
75451
75452
75453
75453
75456
75456
75459
75460
75461
75459
75460
75461
75462
75462
75442
75468
75469
75469
75471
75471
75472
75472
75475
75476
75477
75478
75475
75476
75477
75479
75483
75478
75479
75484
75487
75483
75484
75487
75488
75488
75468
75494
75494
75496
75497
75498
75499
75500
75496
75497
75498
75499
75501
75506
75507
75500
75508
75510
75501
75506
75507
75508
75510
75511
75511
75493
75519
75520
75521
75522
75520
75521
75523
75522
75523
75526
75526
75529
75529
75532
75533
75534
75535
75536
75532
75533
75534
75535
75536
75537
75537
75519
75545
75545
75546
75548
75546
75548
75549
75549
75553
75553
75554
75554
75557
75557
75558
75558
75561
75562
75561
75563
75562
75563
75565
75565
75544
75570
75571
75571
75572
75574
75572
75574
75575
75575
75578
75580
75581
75582
75578
75580
75583
75581
75582
75586
75583
75586
75589
75589
75592
75592
75570
75596
75596
75598
75598
75599
75599
75601
75601
75603
75603
75606
75606
75608
75609
75610
75611
75608
75612
75609
75610
75611
75612
75614
75614
75595
75621
75622
75623
75624
75625
75626
75627
75628
75629
75630
75631
75632
75633
75634
75635
75620
75637
75638
75639
75640
75641
75642
75643
75644
75645
75646
75647
75648
75649
75650
75651
75652
75653
75654
75655
75656
75657
75658
75659
75660
75661
75662
75663
75664
75665
75666
75667
75668
75669
75670
75671
75672
75569
75674
75675
75676
75675
75676
75677
75680
75681
75682
75677
75683
75685
75680
75686
75688
75681
75682
75689
75683
75685
75686
75688
75689
75692
75692
75674
75700
75700
75701
75703
75701
75703
75704
75704
75707
75709
75707
75710
75709
75710
75712
75712
75716
75716
75717
75717
75720
75720
75722
75722
75699
75725
75726
75727
75728
75729
75730
75731
75732
75733
75734
75735
75736
75737
75738
75739
75740
75741
75742
75743
75744
75745
75746
75747
75748
75749
75750
75751
75752
75753
75754
75755
75724
75757
75758
75758
75760
75760
75762
75762
75764
75764
75765
75765
75768
75768
75770
75770
75771
75771
75774
75774
75775
75775
75777
75777
75780
75780
75757
75783
75784
75785
75783
75784
75786
75789
75790
75785
75786
75791
75789
75794
75790
75796
75791
75798
75794
75800
75796
75798
75800
75802
75802
75782
75808
75809
75810
75807
75812
75813
75814
75518
75816
75817
75818
75817
75819
75818
75819
75821
75821
75825
75825
75827
75827
75828
75828
75831
75832
75833
75834
75831
75832
75833
75834
75835
75835
75816
75842
75842
75844
75845
75846
75847
75844
75848
75850
75851
75845
75846
75852
75855
75856
75847
75848
75850
75851
75852
75855
75856
75857
75857
75841
75867
75868
75866
75870
75871
75872
75873
75874
75875
75876
75877
75878
75879
75880
75881
75882
75883
75884
75885
75886
75887
75888
75889
75467
75891
75892
75892
75893
75893
75896
75897
75896
75897
75898
75898
75902
75902
75903
75903
75905
75905
75907
75907
75910
75911
75910
75911
75912
75912
75891
75917
75918
75919
75917
75920
75922
75918
75919
75923
75920
75922
75926
75929
75930
75923
75931
75926
75929
75930
75933
75931
75933
75937
75937
75916
75942
75943
75943
75944
75944
75946
75946
75949
75949
75950
75950
75953
75953
75955
75955
75957
75957
75959
75959
75961
75961
75962
75962
75964
75964
75942
75968
75968
75970
75971
75970
75972
75971
75974
75972
75976
75974
75978
75980
75976
75978
75981
75980
75984
75981
75986
75984
75986
75988
75988
75967
75993
75994
75995
75996
75992
75998
75999
75999
76001
76001
76003
76003
76004
76004
76007
76008
76009
76010
76011
76007
76012
76014
76008
76009
76010
76011
76012
76014
76015
76015
75998
76024
76025
76026
76027
76024
76028
76030
76031
76032
76025
76033
76035
76026
76027
76028
76030
76036
76031
76032
76033
76035
76036
76041
76041
76023
76049
76050
76051
76052
76053
76054
76055
76056
76048
76058
76059
76060
76061
76062
76063
76064
76065
76066
76067
76068
76069
76070
76071
76072
76073
76074
76075
76076
76077
76078
76079
76080
76081
76082
76083
76084
76085
76086
75941
76088
76089
76089
76091
76091
76092
76094
76092
76095
76094
76095
76097
76097
76100
76100
76102
76102
76105
76106
76107
76105
76106
76107
76108
76108
76088
76114
76114
76116
76117
76116
76118
76117
76118
76120
76123
76120
76124
76123
76126
76128
76129
76124
76126
76130
76128
76129
76130
76133
76133
76113
76139
76140
76141
76142
76143
76140
76144
76146
76141
76147
76149
76142
76143
76144
76146
76150
76147
76149
76155
76158
76150
76155
76158
76159
76159
76139
76165
76165
76167
76168
76169
76167
76170
76172
76173
76174
76175
76176
76177
76168
76169
76170
76172
76173
76174
76175
76176
76177
76178
76178
76164
76190
76191
76192
76193
76194
76195
76196
76197
76198
76199
76200
76201
76202
76203
76204
76205
76206
76189
76208
76209
76138
76211
76212
76213
76214
76215
76216
76217
76218
76219
76220
76221
76222
76223
76224
76225
74649
76227
76228
76228
76230
76230
76231
76231
76234
76235
76236
76234
76237
76235
76236
76237
76239
76239
76244
76244
76245
76245
76248
76248
76249
76249
76227
76253
76253
76255
76256
76255
76256
76257
76257
76260
76262
76260
76262
76263
76263
76267
76268
76267
76268
76269
76269
76272
76272
76274
76274
76252
76278
76279
76280
76279
76280
76281
76281
76285
76285
76287
76287
76289
76289
76290
76290
76292
76292
76295
76295
76296
76298
76296
76298
76299
76299
76278
76304
76304
76306
76307
76308
76309
76306
76310
76307
76312
76308
76314
76316
76317
76318
76309
76310
76312
76314
76316
76317
76318
76319
76319
76303
76329
76330
76328
76332
76333
76334
76335
76336
76337
76338
76339
76340
76341
76342
76343
76344
76345
76346
76347
76348
76349
76350
76351
76352
76277
76354
76355
76355
76356
76358
76356
76358
76359
76359
76363
76363
76364
76364
76367
76367
76369
76370
76371
76369
76370
76371
76372
76372
76376
76376
76354
76380
76381
76380
76382
76384
76385
76386
76387
76388
76389
76381
76390
76392
76382
76384
76385
76386
76387
76388
76389
76390
76392
76393
76393
76379
76405
76406
76407
76408
76409
76410
76411
76412
76413
76414
76415
76404
76417
76418
76419
76420
76421
76422
76423
76424
76425
76426
76427
76428
76429
76430
76431
76432
76433
76434
76435
76436
76437
76438
76439
76440
76441
76442
76443
76444
76445
76446
76447
76448
76449
76450
65719
76452
76453
76453
76455
76456
76457
76458
76459
76455
76456
76457
76458
76460
76465
76459
76466
76468
76469
76460
76465
76466
76468
76469
76470
76470
76452
76478
76478
76480
76480
76481
76481
76483
76485
76483
76486
76488
76489
76485
76486
76488
76489
76490
76490
76495
76495
76498
76498
76500
76500
76477
76503
76504
76504
76505
76505
76507
76507
76509
76509
76512
76512
76514
76515
76516
76517
76518
76514
76519
76515
76516
76517
76518
76519
76521
76521
76503
76529
76529
76530
76532
76533
76530
76534
76532
76536
76533
76534
76536
76538
76538
76542
76544
76542
76545
76547
76544
76545
76547
76548
76548
76528
76554
76555
76556
76555
76557
76559
76556
76560
76557
76562
76559
76564
76566
76567
76568
76560
76569
76562
76564
76566
76567
76568
76569
76571
76571
76554
76580
76580
76582
76582
76584
76585
76586
76584
76587
76585
76589
76586
76591
76593
76587
76589
76594
76591
76597
76593
76594
76597
76599
76599
76579
76605
76606
76606
76608
76608
76610
76610
76612
76612
76614
76615
76614
76616
76615
76616
76618
76618
76621
76621
76624
76625
76624
76625
76626
76626
76605
76631
76632
76633
76631
76634
76632
76633
76636
76639
76640
76634
76636
76641
76639
76644
76640
76646
76641
76644
76648
76646
76648
76651
76651
76630
76656
76657
76657
76659
76659
76660
76662
76660
76663
76662
76665
76667
76668
76669
76663
76665
76670
76667
76673
76668
76669
76670
76673
76675
76675
76656
76682
76683
76682
76683
76684
76684
76687
76687
76690
76690
76692
76692
76694
76694
76696
76696
76698
76698
76700
76700
76701
76701
76704
76704
76681
76707
76708
76709
76708
76709
76710
76710
76714
76714
76716
76717
76716
76717
76718
76721
76718
76721
76722
76725
76726
76722
76725
76726
76727
76727
76707
76733
76733
76734
76736
76737
76734
76736
76738
76741
76737
76738
76741
76742
76742
76747
76747
76748
76748
76750
76750
76753
76753
76754
76754
76732
76758
76759
76760
76759
76761
76763
76764
76760
76761
76765
76763
76768
76770
76764
76765
76771
76774
76775
76768
76770
76771
76774
76775
76776
76776
76758
76784
76784
76785
76785
76787
76787
76789
76791
76792
76793
76789
76794
76796
76797
76791
76798
76792
76793
76794
76796
76797
76798
76800
76800
76783
76809
76810
76810
76811
76811
76814
76815
76816
76817
76818
76819
76814
76820
76815
76816
76817
76822
76818
76826
76819
76820
76822
76826
76828
76828
76809
76835
76835
76837
76837
76838
76838
76841
76841
76843
76843
76844
76846
76844
76847
76846
76847
76849
76849
76853
76853
76855
76855
76856
76856
76834
76860
76861
76861
76863
76863
76865
76866
76865
76867
76866
76869
76871
76867
76872
76869
76874
76876
76877
76871
76872
76874
76876
76877
76878
76878
76860
76886
76886
76887
76887
76889
76889
76892
76892
76894
76894
76896
76897
76898
76899
76900
76896
76901
76897
76898
76899
76900
76901
76903
76903
76885
76911
76912
76913
76914
76915
76916
76917
76918
76919
76920
76921
76922
76923
76924
76925
76926
76927
76928
76929
76930
76931
76932
76933
76934
76935
76936
76910
76938
76939
76940
76941
76942
76939
76943
76940
76945
76947
76941
76948
76942
76943
76950
76945
76953
76947
76948
76955
76950
76953
76955
76958
76958
76938
76964
76964
76966
76966
76968
76968
76970
76971
76970
76972
76971
76974
76972
76974
76976
76976
76979
76981
76982
76979
76981
76982
76983
76983
76963
76989
76990
76991
76992
76993
76994
76995
76996
76988
76998
76999
77000
77001
77002
77003
77004
77005
76859
77007
77008
77008
77010
77010
77011
77013
77011
77013
77014
77014
77018
77018
77020
77020
77021
77023
77024
77025
77021
77023
77024
77025
77026
77026
77007
77033
77033
77034
77034
77037
77038
77037
77038
77039
77039
77042
77042
77045
77045
77047
77047
77048
77048
77051
77051
77053
77053
77054
77054
77032
77057
77059
77060
77061
77062
77063
77064
77065
77066
77067
77068
77069
77070
77071
77072
77073
77074
77075
76808
77077
77078
77078
77080
77080
77082
77082
77083
77085
77083
77086
77088
77085
77086
77089
77092
77088
77089
77092
77093
77093
77098
77098
77100
77100
77077
77103
77103
77104
77104
77106
77106
77108
77108
77110
77110
77112
77112
77114
77116
77114
77117
77119
77120
77116
77117
77119
77120
77121
77121
77102
77128
77129
77129
77131
77131
77132
77134
77132
77135
77134
77135
77137
77137
77140
77140
77143
77143
77145
77146
77147
77145
77146
77147
77148
77148
77128
77154
77154
77156
77156
77158
77158
77159
77159
77162
77162
77164
77164
77166
77167
77166
77168
77167
77170
77168
77170
77172
77172
77176
77176
77153
77179
77180
77180
77182
77183
77182
77183
77184
77187
77184
77188
77187
77190
77192
77193
77194
77195
77188
77190
77192
77193
77194
77195
77196
77196
77179
77205
77205
77207
77207
77208
77210
77211
77212
77208
77213
77215
77210
77211
77216
77219
77220
77212
77213
77215
77216
77219
77220
77221
77221
77204
77230
77231
77232
77233
77234
77235
77236
77237
77238
77239
77240
77241
77242
77243
77244
77245
77246
77247
77248
77249
77250
77251
77252
77253
77254
77229
77256
77257
77258
77259
77178
77261
77262
77263
77264
77265
77266
77267
77268
77269
77270
77271
77272
77273
77274
77275
77276
77277
77278
77279
77280
77281
77282
77127
77284
77285
77285
77286
77286
77289
77289
77291
77291
77292
77292
77295
77295
77296
77296
77298
77300
77298
77300
77301
77304
77301
77304
77305
77305
77284
77310
77310
77312
77313
77314
77312
77313
77314
77315
77315
77320
77321
77320
77321
77322
77322
77326
77326
77328
77328
77329
77329
77331
77331
77309
77334
77336
77337
77338
77339
77340
77341
77342
77343
77344
77345
77346
77347
77348
77349
77350
77351
77352
77353
77354
77355
77356
77357
77358
77359
77360
77361
77362
77363
77364
77365
77366
77367
77368
77369
77370
77371
77372
77373
77374
77375
77376
77377
77378
77379
77380
77381
77382
77383
76757
77385
77386
77386
77388
77388
77390
77390
77391
77391
77394
77394
77396
77396
77397
77397
77400
77400
77401
77401
77404
77404
77406
77406
77407
77407
77385
77411
77411
77412
77412
77415
77415
77417
77417
77418
77418
77421
77421
77422
77422
77425
77426
77425
77427
77429
77426
77427
77429
77430
77430
77410
77436
77437
77437
77439
77439
77441
77441
77443
77443
77445
77445
77447
77448
77449
77447
77450
77448
77452
77449
77454
77450
77452
77454
77456
77456
77436
77462
77463
77462
77463
77464
77464
77468
77468
77469
77471
77472
77469
77473
77471
77475
77472
77477
77473
77479
77475
77477
77479
77481
77481
77461
77487
77488
77488
77490
77491
77490
77492
77494
77491
77492
77495
77498
77499
77500
77501
77494
77502
77495
77498
77499
77500
77501
77502
77504
77504
77487
77513
77513
77514
77514
77517
77517
77519
77519
77521
77521
77523
77523
77525
77525
77526
77526
77529
77529
77530
77530
77532
77532
77534
77534
77512
77538
77539
77539
77540
77540
77542
77542
77545
77545
77546
77546
77549
77549
77551
77552
77553
77551
77554
77556
77552
77553
77554
77556
77557
77557
77538
77564
77564
77566
77566
77567
77567
77570
77570
77572
77572
77573
77575
77573
77576
77575
77576
77578
77578
77582
77583
77582
77583
77584
77584
77563
77589
77590
77591
77592
77593
77594
77595
77596
77597
77598
77599
77600
77601
77602
77603
77604
77605
77606
77588
77608
77537
77610
77611
77612
77613
77614
77615
77616
77617
77618
77619
77620
77621
77622
77623
77624
77625
77626
77627
77628
77629
77630
77631
77632
77633
77634
77635
77636
77486
77638
77639
77639
77641
77641
77643
77643
77644
77646
77644
77647
77649
77646
77647
77649
77650
77650
77654
77654
77657
77657
77659
77659
77661
77661
77638
77664
77664
77665
77665
77667
77667
77670
77670
77671
77673
77674
77675
77676
77677
77671
77673
77674
77678
77675
77676
77677
77678
77682
77682
77663
77689
77690
77690
77692
77692
77694
77694
77695
77695
77697
77697
77700
77701
77700
77702
77701
77704
77702
77706
77708
77704
77706
77708
77709
77709
77689
77715
77716
77715
77716
77717
77720
77717
77721
77723
77724
77720
77725
77727
77721
77728
77723
77730
77724
77725
77727
77728
77730
77732
77732
77714
77740
77741
77742
77743
77744
77741
77745
77747
77748
77742
77743
77749
77752
77753
77744
77745
77754
77747
77748
77749
77752
77753
77754
77757
77757
77740
77766
77767
77768
77766
77767
77769
77772
77773
77768
77774
77776
77777
77778
77779
77769
77772
77773
77774
77776
77777
77778
77779
77780
77780
77765
77791
77792
77793
77794
77795
77796
77797
77798
77799
77800
77801
77802
77803
77804
77805
77806
77807
77808
77809
77810
77811
77812
77790
77814
77815
77816
77817
77818
77819
77820
77821
77822
77823
77824
77825
77826
77827
77828
77829
77830
77831
77832
77833
77834
77835
77836
77837
77838
77839
77840
77841
77842
77843
77844
77845
77846
77847
77848
77849
77850
77739
77852
77853
77688
77855
77856
77856
77858
77858
77859
77859
77862
77862
77864
77864
77866
77866
77867
77867
77870
77870
77872
77873
77874
77872
77873
77874
77875
77875
77855
77881
77882
77881
77882
77883
77883
77887
77887
77889
77889
77890
77890
77892
77892
77895
77895
77897
77897
77898
77900
77898
77900
77901
77901
77880
77906
77907
77908
77905
77910
77911
77912
77913
77914
77915
77916
77917
77918
77919
77435
77921
77922
77923
77924
77922
77923
77925
77928
77924
77929
77931
77925
77928
77929
77931
77932
77932
77938
77939
77940
77938
77939
77940
77941
77941
77921
77947
77947
77949
77949
77950
77950
77952
77954
77955
77956
77952
77957
77959
77954
77960
77962
77955
77956
77957
77959
77960
77962
77963
77963
77946
77972
77973
77973
77975
77975
77977
77977
77978
77978
77981
77982
77983
77981
77982
77984
77983
77987
77984
77987
77989
77989
77992
77992
77994
77994
77972
77998
77998
78000
78000
78002
78002
78003
78003
78005
78005
78008
78009
78008
78010
78012
78013
78014
78009
78010
78012
78013
78014
78015
78015
77997
78023
78024
78022
78026
77971
78028
78029
78029
78031
78031
78032
78032
78034
78034
78036
78036
78039
78039
78040
78042
78043
78040
78042
78044
78047
78043
78044
78047
78048
78048
78028
78054
78054
78055
78055
78058
78058
78060
78060
78062
78062
78063
78065
78066
78067
78063
78068
78070
78065
78066
78067
78068
78070
78071
78071
78078
78079
78080
78081
78082
78083
76706
78085
78086
78086
78087
78087
78090
78091
78092
78090
78093
78091
78095
78097
78092
78093
78098
78101
78095
78097
78098
78101
78102
78102
78108
78108
78085
78111
78112
78111
78112
78113
78113
78117
78118
78117
78119
78118
78119
78121
78121
78125
78125
78127
78128
78127
78128
78129
78129
78132
78132
78110
78136
78137
78137
78139
78139
78141
78141
78143
78144
78145
78143
78146
78144
78148
78150
78145
78151
78146
78148
78153
78150
78151
78153
78156
78156
78136
78162
78163
78162
78164
78166
78167
78163
78168
78164
78170
78166
78167
78172
78175
78168
78176
78178
78170
78172
78175
78176
78178
78179
78179
78161
78187
78188
78188
78190
78191
78192
78190
78191
78192
78193
78193
78198
78199
78200
78201
78202
78203
78198
78199
78200
78201
78202
78203
78204
78204
78187
78213
78213
78215
78215
78216
78218
78216
78218
78219
78219
78223
78223
78224
78224
78226
78226
78229
78229
78231
78231
78232
78232
78234
78234
78212
78238
78239
78240
78241
78242
78239
78243
78245
78246
78247
78240
78248
78250
78241
78242
78251
78243
78245
78246
78247
78248
78250
78251
78254
78254
78238
78264
78264
78266
78266
78268
78268
78270
78271
78270
78272
78274
78271
78272
78275
78278
78274
78275
78278
78279
78283
78279
78283
78284
78284
78263
78289
78290
78291
78288
78293
78294
78295
78296
78297
78298
78299
78300
78301
78302
78303
78304
78305
78306
78307
78308
78309
78310
78311
78312
78313
78314
78315
78316
78317
78318
78319
78320
78321
78322
78323
78237
78325
78326
78326
78328
78328
78329
78329
78331
78331
78333
78333
78336
78336
78337
78337
78340
78341
78342
78340
78343
78341
78342
78343
78345
78345
78325
78351
78351
78353
78353
78355
78355
78356
78358
78359
78356
78358
78360
78359
78363
78360
78363
78365
78365
78369
78369
78371
78371
78373
78373
78350
78376
78377
78377
78378
78378
78381
78382
78381
78382
78383
78383
78387
78388
78387
78389
78391
78388
78392
78394
78389
78391
78392
78394
78395
78395
78376
78402
78402
78403
78405
78406
78403
78407
78409
78410
78405
78406
78407
78411
78415
78409
78416
78418
78410
78411
78415
78416
78418
78419
78419
78401
78427
78428
78429
78426
78431
78432
78433
78434
78435
78436
78437
78432
78433
78434
78435
78436
78437
78438
78438
78446
78446
78447
78447
78449
78449
78452
78452
78454
78454
78431
78457
78457
78458
78460
78458
78460
78461
78464
78465
78466
78461
78467
78464
78469
78471
78472
78465
78466
78467
78469
78471
78472
78473
78473
78456
78482
78481
78484
78485
78486
78487
78488
78489
78375
78491
78492
78493
78494
78495
78496
78497
78498
78499
78500
78501
78502
78503
78504
78505
78506
78507
78508
78509
78510
78511
78512
78513
78514
78515
78516
78517
78518
78519
78520
78521
78522
78523
78524
78525
78526
78527
78528
78186
78530
78531
78532
78531
78533
78535
78532
78533
78535
78536
78536
78541
78541
78542
78542
78545
78545
78547
78548
78547
78548
78549
78549
78553
78553
78530
78556
78556
78557
78559
78557
78560
78562
78559
78563
78565
78566
78560
78567
78569
78562
78563
78565
78566
78570
78567
78569
78570
78575
78575
78555
78581
78582
78583
78582
78583
78584
78584
78587
78587
78589
78591
78592
78593
78589
78591
78592
78594
78598
78599
78593
78594
78598
78599
78600
78600
78581
78607
78607
78608
78608
78611
78611
78612
78612
78614
78614
78616
78616
78619
78619
78620
78622
78620
78623
78622
78625
78623
78625
78627
78627
78606
78632
78633
78631
78635
78636
78637
78638
78639
78640
78641
78642
78643
78644
78645
78646
78647
78648
78649
78650
78651
78652
78653
78654
78655
78656
78657
78658
78659
78660
78661
78662
78663
78664
78665
78666
78667
78668
78669
78670
78671
78672
78580
78674
78675
78676
78677
78678
78679
78680
78681
78682
78683
78684
78685
78686
78687
78688
78689
78690
78691
78692
78693
78694
78695
78696
78697
78698
78699
78700
78701
78702
78703
78704
78705
78706
78707
78708
78709
78135
78711
78712
78712
78713
78715
78713
78715
78716
78716
78719
78719
78721
78723
78721
78723
78724
78724
78728
78728
78730
78730
78731
78731
78733
78733
78711
78737
78738
78737
78738
78739
78739
78742
78742
78744
78744
78747
78747
78748
78748
78751
78752
78751
78753
78755
78752
78753
78755
78756
78756
78736
78762
78763
78764
78763
78764
78765
78765
78769
78770
78769
78770
78771
78771
78775
78776
78777
78775
78776
78778
78777
78778
78781
78781
78784
78784
78762
78788
78788
78790
78790
78792
78792
78793
78793
78796
78796
78797
78797
78800
78800
78802
78803
78804
78805
78802
78803
78804
78805
78806
78806
78787
78813
78814
78815
78816
78817
78818
78819
78820
78821
78822
78823
78824
78825
78826
78827
78828
78829
78830
78831
78832
78833
78834
78835
78836
78837
78838
78839
78840
78841
78842
78843
78844
78845
78846
78847
78848
78849
78850
78851
78852
78853
78812
78855
78856
78856
78858
78858
78860
78861
78860
78861
78862
78862
78865
78865
78868
78868
78870
78870
78872
78872
78874
78874
78875
78875
78877
78877
78855
78881
78882
78881
78883
78882
78883
78885
78885
78889
78890
78891
78892
78893
78889
78890
78891
78894
78898
78892
78893
78894
78898
78899
78899
78880
78906
78907
78908
78909
78910
78911
78912
78913
78914
78915
78916
78917
78918
78919
78920
78921
78922
78923
78905
78925
78926
78927
78928
78929
78930
78931
78932
78933
78934
78935
78936
78937
78938
78761
78940
78941
78942
78943
78941
78942
78944
78947
78943
78948
78950
78951
78944
78947
78952
78955
78956
78948
78950
78951
78952
78955
78956
78957
78957
78940
78966
78966
78968
78968
78969
78969
78971
78971
78974
78974
78976
78976
78978
78978
78980
78981
78980
78981
78982
78985
78982
78985
78986
78986
78965
78991
78992
78993
78994
78995
78996
78997
78998
78999
79000
79001
79002
79003
79004
79005
79006
79007
79008
79009
79010
79011
79012
79013
78990
79015
79016
79017
79018
79019
79020
79021
79022
79023
79024
79025
79026
79027
79028
79029
79030
79031
79032
79033
79034
79035
79036
79037
79038
79039
79040
79041
79042
79043
79044
79045
79046
79047
76655
79049
79050
79050
79052
79052
79054
79055
79056
79057
79058
79054
79055
79059
79062
79056
79057
79058
79059
79063
79062
79068
79063
79068
79070
79070
79049
79075
79075
79077
79078
79079
79077
79078
79079
79080
79080
79084
79084
79087
79088
79089
79090
79091
79087
79088
79089
79090
79091
79092
79092
79074
79100
79101
79101
79103
79103
79104
79104
79107
79107
79109
79109
79110
79110
79113
79113
79115
79115
79117
79117
79118
79118
79120
79120
79123
79123
79100
79126
79127
79126
79127
79128
79131
79128
79132
79134
79135
79131
79136
79138
79132
79134
79139
79142
79135
79136
79138
79139
79142
79143
79143
79125
79151
79152
79152
79154
79154
79156
79156
79158
79158
79160
79160
79161
79161
79163
79165
79166
79167
79163
79168
79165
79166
79167
79168
79170
79170
79151
79177
79177
79179
79180
79179
79181
79180
79183
79185
79181
79186
79188
79183
79189
79191
79185
79186
79192
79188
79189
79191
79192
79195
79195
79176
79202
79203
79203
79205
79205
79207
79207
79209
79209
79211
79211
79213
79213
79215
79216
79215
79217
79219
79216
79217
79220
79219
79220
79223
79223
79202
79228
79228
79229
79229
79232
79232
79233
79235
79233
79235
79236
79236
79240
79240
79242
79242
79244
79244
79246
79246
79247
79247
79249
79249
79227
79253
79254
79255
79256
79257
79258
79259
79260
79261
79262
79263
79264
79265
79266
79267
79268
79269
79270
79271
79272
79273
79274
79275
79276
79277
79278
79279
79280
79281
79282
79283
79284
79285
79286
79287
79288
79289
79290
79291
79292
79293
79294
79295
79296
79297
79298
79299
79252
79301
79302
79303
79304
79305
79306
79307
79308
79309
79310
79311
79312
79313
79314
79315
79316
79317
79318
79319
79320
79321
79322
79323
79324
79325
79326
79327
79328
79201
79330
79331
79332
79333
79334
79335
79336
79337
79338
79339
79340
79341
79342
79343
79344
79345
79346
79347
79348
79349
79350
79150
79352
79353
79353
79355
79355
79356
79356
79358
79358
79360
79360
79363
79363
79364
79364
79366
79366
79368
79370
79368
79370
79371
79371
79375
79375
79352
79378
79378
79379
79381
79379
79381
79382
79382
79386
79386
79387
79387
79389
79389
79392
79392
79394
79394
79396
79397
79396
79397
79398
79398
79377
79403
79404
79404
79406
79406
79407
79407
79410
79410
79412
79412
79414
79414
79415
79417
79418
79415
79417
79418
79419
79419
79423
79423
79425
79425
79403
79429
79429
79430
79432
79433
79434
79435
79436
79430
79437
79432
79439
79441
79433
79442
79434
79435
79436
79437
79439
79441
79442
79444
79444
79428
79454
79455
79455
79457
79457
79458
79458
79461
79461
79462
79462
79465
79465
79467
79468
79469
79470
79471
79467
79468
79469
79470
79471
79472
79472
79454
79480
79480
79482
79482
79484
79485
79486
79487
79488
79489
79490
79484
79485
79486
79487
79491
79496
79488
79489
79490
79491
79496
79497
79497
79479
79505
79506
79507
79508
79509
79510
79511
79512
79513
79514
79515
79516
79517
79518
79519
79520
79521
79522
79523
79524
79525
79526
79527
79528
79504
79530
79531
79532
79533
79534
79535
79536
79537
79538
79539
79540
79541
79542
79543
79544
79545
79546
79547
79453
79549
79550
79551
79552
79553
79554
79555
79556
79557
79558
79559
79560
79561
79562
79563
79564
79565
79566
79567
79568
79569
79570
79571
79572
79573
79574
79575
79576
79577
79578
79579
79580
79581
79582
79583
79584
79585
79586
79402
79588
79589
79590
79589
79591
79593
79590
79594
79591
79596
79593
79598
79600
79594
79596
79601
79604
79605
79598
79600
79601
79604
79605
79606
79606
79588
79614
79614
79616
79617
79616
79617
79618
79618
79622
79622
79623
79623
79626
79626
79628
79629
79630
79628
79631
79629
79630
79631
79633
79633
79613
79639
79640
79640
79642
79642
79644
79644
79646
79646
79648
79648
79650
79650
79652
79652
79653
79655
79656
79657
79653
79655
79656
79657
79658
79658
79639
79665
79666
79665
79667
79666
79669
79667
79669
79671
79674
79671
79674
79675
79675
79678
79678
79681
79681
79683
79683
79684
79684
79686
79686
79664
79690
79691
79691
79692
79692
79694
79694
79696
79696
79698
79698
79701
79702
79701
79702
79703
79703
79707
79707
79709
79709
79711
79711
79712
79712
79690
79716
79716
79718
79718
79719
79719
79721
79721
79724
79724
79726
79726
79728
79728
79730
79730
79732
79732
79734
79734
79736
79736
79737
79737
79715
79741
79742
79743
79744
79745
79746
79747
79740
79749
79750
79751
79752
79753
79754
79755
79756
79757
79758
79759
79760
79761
79762
79763
79764
79765
79766
79767
79768
79769
79770
79771
79772
79773
79774
79775
79776
79777
79689
79779
79780
79780
79782
79782
79784
79784
79785
79785
79788
79788
79789
79789
79792
79792
79794
79795
79794
79796
79795
79796
79798
79798
79801
79801
79779
79805
79806
79807
79808
79809
79810
79811
79805
79806
79812
79815
79816
79807
79817
79808
79809
79810
79811
79812
79815
79816
79817
79819
79819
79804
79830
79831
79832
79829
79834
79835
79836
79837
79838
79839
79840
79841
79842
79843
79844
79845
79846
79847
79848
79849
79850
79851
79852
79853
79854
79855
79856
79857
79858
79859
79860
79861
79862
79863
79864
79865
79866
79867
79868
79638
79870
79871
79871
79872
79872
79875
79876
79875
79876
79877
79877
79880
79880
79883
79884
79885
79883
79884
79885
79886
79886
79891
79891
79892
79892
79870
79896
79896
79898
79898
79900
79900
79901
79901
79904
79904
79906
79906
79907
79907
79910
79910
79912
79913
79914
79912
79913
79914
79915
79915
79895
79921
79922
79923
79922
79923
79924
79927
79924
79928
79927
79930
79932
79933
79928
79934
79930
79932
79936
79939
79933
79934
79936
79939
79940
79940
79921
79947
79948
79947
79948
79949
79949
79953
79953
79955
79956
79957
79958
79959
79955
79956
79960
79963
79957
79958
79959
79960
79963
79964
79964
79946
79972
79973
79973
79975
79975
79976
79978
79976
79978
79979
79979
79982
79982
79985
79985
79987
79987
79988
79988
79990
79990
79993
79993
79994
79994
79972
79998
79998
80000
80001
80002
80003
80004
80005
80006
80007
80000
80008
80010
80001
80002
80003
80004
80005
80006
80007
80008
80010
80011
80011
79997
80023
80024
80024
80026
80026
80028
80028
80030
80030
80032
80032
80034
80034
80035
80035
80037
80037
80039
80039
80042
80042
80043
80043
80046
80046
80023
80049
80049
80050
80050
80053
80054
80055
80056
80053
80057
80054
80059
80055
80056
80057
80061
80059
80065
80067
80061
80065
80067
80068
80068
80048
80074
80075
80076
80077
80078
80079
80080
80081
80082
80083
80084
80085
80086
80087
80088
80089
80090
80091
80092
80093
80094
80095
80096
80097
80098
80099
80100
80101
80102
80103
80104
80105
80106
80107
80108
80109
80110
80111
80112
80113
80114
80115
80116
80117
80073
80119
80120
80121
80122
80022
80124
80125
80126
80127
80128
80129
80130
80131
80132
80133
80134
80135
80136
80137
80138
80139
80140
80141
80142
80143
80144
80145
80146
80147
80148
80149
80150
80151
80152
80153
80154
80155
80156
80157
80158
80159
80160
80161
80162
80163
79971
80165
80166
80167
80168
80169
79920
80171
80172
80172
80174
80174
80176
80176
80178
80178
80179
80179
80181
80183
80184
80181
80183
80185
80184
80185
80188
80188
80192
80192
80194
80194
80171
80197
80197
80199
80199
80201
80201
80203
80203
80205
80205
80207
80207
80208
80208
80210
80210
80213
80213
80214
80214
80217
80217
80219
80219
80196
80222
80223
80223
80225
80225
80227
80227
80228
80228
80231
80232
80231
80233
80232
80233
80235
80235
80239
80240
80241
80239
80240
80241
80242
80242
80222
80248
80248
80250
80251
80252
80250
80251
80252
80253
80257
80258
80253
80259
80261
80257
80262
80264
80258
80259
80261
80262
80264
80265
80265
80247
80273
80274
80275
80276
80277
80278
80279
80280
80274
80275
80276
80281
80277
80285
80278
80279
80280
80281
80287
80285
80287
80292
80292
80295
80295
80273
80299
80299
80301
80301
80303
80303
80304
80306
80304
80307
80306
80307
80309
80309
80312
80312
80314
80314
80317
80317
80318
80318
80321
80321
80298
80324
80325
80326
80327
80328
80329
80330
80331
80332
80333
80334
80335
80336
80337
80338
80339
80340
80341
80342
80343
80344
80345
80346
80347
80348
80349
80350
80351
80352
80353
80323
80355
80356
80356
80358
80359
80360
80358
80361
80363
80359
80360
80361
80363
80364
80364
80369
80371
80369
80372
80371
80372
80374
80374
80378
80378
80355
80381
80381
80383
80383
80385
80385
80386
80386
80389
80389
80391
80391
80393
80393
80395
80395
80396
80398
80399
80396
80398
80399
80400
80400
80380
80406
80407
80407
80409
80410
80411
80412
80413
80409
80414
80410
80416
80418
80411
80419
80421
80412
80413
80414
80416
80418
80419
80421
80422
80422
80406
80432
80432
80434
80435
80434
80436
80438
80439
80440
80441
80442
80435
80436
80438
80439
80440
80441
80443
80450
80442
80443
80450
80451
80451
80431
80456
80458
80459
80460
80461
80462
80463
80464
80405
80466
80467
80468
80469
80470
80471
80472
80473
80474
80475
80476
80477
80478
80479
80480
80272
80482
80483
80483
80485
80485
80487
80488
80489
80490
80491
80492
80493
80494
80487
80488
80495
80489
80490
80491
80492
80493
80494
80495
80498
80498
80482
80508
80509
80510
80508
80511
80513
80514
80509
80510
80515
80518
80511
80519
80521
80513
80522
80514
80515
80518
80519
80521
80522
80524
80524
80507
80533
80532
80535
80536
80537
80538
80539
80540
80541
80542
80543
80544
80545
80546
80547
80221
80549
80550
80550
80552
80553
80554
80552
80555
80557
80558
80559
80560
80553
80561
80554
80555
80563
80557
80558
80559
80560
80561
80563
80566
80566
80549
80575
80575
80576
80578
80576
80579
80581
80578
80582
80584
80585
80586
80579
80587
80581
80589
80582
80584
80585
80586
80587
80589
80591
80591
80574
80600
80601
80601
80602
80602
80605
80605
80606
80606
80609
80610
80609
80611
80613
80614
80610
80611
80615
80613
80618
80614
80615
80618
80620
80620
80600
80626
80626
80628
80629
80628
80629
80630
80630
80634
80634
80636
80636
80638
80638
80640
80640
80641
80641
80644
80644
80645
80645
80648
80648
80625
80651
80652
80652
80654
80654
80656
80656
80658
80658
80660
80660
80662
80662
80664
80665
80666
80664
80667
80669
80665
80666
80667
80669
80670
80670
80651
80677
80677
80679
80679
80681
80681
80683
80683
80684
80684
80686
80686
80689
80689
80690
80690
80693
80693
80695
80695
80696
80696
80699
80699
80676
80702
80703
80704
80705
80706
80707
80708
80709
80710
80711
80712
80713
80714
80715
80716
80717
80718
80719
80720
80721
80722
80723
80724
80725
80726
80727
80728
80729
80730
80731
80732
80733
80734
80735
80736
80737
80738
80739
80740
80741
80742
80701
80744
80745
80746
80747
80748
80749
80750
80751
80752
80753
80754
80755
80756
80757
80758
80759
80760
80650
80762
80763
80764
80765
80766
80767
80768
80769
80770
80771
80772
80773
80774
80775
80776
80777
80778
80779
80780
80781
80782
80783
80784
80785
80786
80787
80788
80789
80790
80791
80792
80793
80794
80795
80796
80797
80798
80599
80800
80801
80801
80803
80803
80805
80805
80807
80807
80809
80809
80810
80812
80810
80812
80813
80816
80817
80818
80813
80816
80817
80818
80819
80819
80800
80826
80826
80827
80827
80830
80831
80832
80830
80833
80831
80832
80835
80833
80835
80838
80838
80842
80842
80844
80844
80845
80845
80848
80848
80825
80851
80852
80853
80854
80850
80856
80857
80857
80859
80859
80860
80860
80863
80863
80865
80865
80866
80866
80869
80869
80870
80870
80873
80873
80875
80875
80877
80877
80879
80879
80856
80882
80883
80882
80883
80884
80884
80887
80887
80889
80891
80892
80893
80894
80895
80889
80896
80891
80892
80893
80894
80895
80896
80898
80898
80881
80907
80908
80906
80910
80911
79099
80913
80914
80915
80914
80915
80916
80916
80919
80919
80922
80922
80924
80924
80926
80926
80927
80927
80930
80930
80932
80932
80934
80934
80936
80936
80913
80939
80940
80941
80942
80939
80940
80941
80943
80942
80947
80943
80947
80949
80949
80953
80953
80954
80954
80957
80958
80957
80958
80959
80959
80938
80964
80965
80966
80967
80968
80969
80970
80971
80972
80973
80974
80975
80976
80977
80978
80979
80980
80963
80982
80983
80984
80985
80986
80987
80988
80989
80990
80991
80992
80993
80994
80995
80996
80997
80998
80999
81000
81001
81002
76604
81004
81005
81005
81007
81008
81009
81010
81007
81011
81013
81014
81008
81009
81015
81010
81011
81013
81014
81018
81023
81015
81018
81023
81024
81024
81004
81030
81031
81030
81031
81032
81032
81036
81036
81037
81037
81040
81040
81042
81042
81044
81044
81045
81045
81047
81047
81050
81050
81052
81052
81029
81055
81056
81056
81058
81058
81059
81061
81059
81061
81062
81065
81062
81065
81066
81066
81070
81070
81072
81073
81074
81072
81073
81074
81075
81075
81055
81081
81081
81083
81083
81085
81085
81087
81088
81089
81087
81090
81092
81088
81093
81089
81090
81095
81092
81093
81095
81098
81098
81103
81103
81080
81106
81107
81107
81108
81108
81111
81111
81113
81113
81115
81115
81117
81117
81118
81118
81120
81122
81123
81120
81122
81124
81123
81124
81127
81127
81106
81132
81132
81134
81134
81135
81135
81138
81138
81140
81140
81142
81143
81142
81143
81144
81147
81144
81148
81147
81150
81148
81150
81152
81152
81131
81157
81158
81158
81159
81159
81162
81162
81163
81163
81166
81167
81166
81167
81168
81168
81172
81172
81174
81175
81174
81175
81176
81176
81179
81179
81157
81183
81183
81184
81184
81187
81187
81189
81189
81190
81190
81193
81193
81194
81194
81197
81197
81198
81198
81200
81200
81203
81203
81204
81204
81182
81208
81209
81209
81211
81212
81211
81212
81213
81216
81217
81218
81213
81219
81216
81217
81221
81218
81224
81226
81219
81221
81224
81226
81227
81227
81208
81234
81234
81235
81235
81238
81238
81240
81240
81242
81242
81243
81243
81245
81247
81248
81245
81249
81247
81248
81249
81251
81251
81255
81255
81233
81259
81260
81261
81262
81263
81260
81264
81266
81267
81261
81262
81263
81264
81266
81267
81268
81268
81276
81276
81277
81279
81277
81279
81280
81280
81259
81285
81285
81286
81286
81288
81290
81288
81291
81290
81291
81293
81293
81297
81297
81298
81298
81300
81300
81303
81303
81305
81305
81307
81307
81284
81310
81311
81312
81313
81314
81315
81316
81317
81318
81319
81320
81321
81322
81323
81324
81325
81326
81327
81328
81329
81330
81331
81332
81333
81334
81335
81336
81337
81338
81339
81340
81341
81342
81343
81344
81345
81346
81347
81348
81349
81350
81351
81352
81353
81354
81355
81356
81357
81309
81359
81360
81361
81362
81363
81360
81364
81361
81362
81366
81363
81369
81364
81371
81366
81369
81373
81376
81371
81373
81376
81377
81377
81381
81381
81359
81385
81385
81386
81386
81388
81390
81391
81388
81392
81390
81394
81396
81391
81397
81399
81400
81392
81394
81396
81397
81399
81400
81401
81401
81384
81410
81411
81412
81413
81414
81415
81416
81417
81418
81419
81409
81421
81422
81423
81424
81422
81425
81427
81428
81429
81423
81424
81425
81430
81427
81434
81436
81428
81437
81429
81430
81434
81436
81437
81439
81439
81421
81447
81447
81448
81448
81451
81451
81453
81453
81455
81455
81457
81458
81457
81458
81459
81459
81463
81463
81465
81465
81467
81467
81469
81469
81471
81472
81473
81474
81475
81476
81477
81478
81479
81480
81481
81482
81483
81484
81485
81486
81487
81488
81489
81490
81491
81492
81258
81494
81495
81496
81497
81498
81499
81495
81496
81497
81498
81500
81505
81506
81499
81500
81507
81505
81506
81507
81510
81510
81515
81515
81516
81516
81494
81520
81520
81522
81523
81522
81523
81524
81524
81528
81528
81530
81530
81532
81533
81534
81535
81536
81532
81533
81534
81535
81536
81537
81537
81519
81545
81546
81547
81548
81549
81550
81551
81552
81553
81554
81555
81556
81557
81558
81559
81560
81561
81562
81544
81564
81565
81566
81567
81568
81207
81570
81571
81572
81573
81571
81574
81576
81572
81573
81577
81574
81576
81577
81580
81580
81585
81585
81586
81588
81589
81586
81588
81589
81590
81590
81570
81596
81597
81598
81599
81600
81601
81602
81603
81596
81604
81597
81606
81608
81598
81599
81600
81601
81602
81603
81604
81606
81608
81609
81609
81595
81621
81622
81622
81624
81624
81625
81627
81625
81627
81628
81628
81632
81632
81634
81634
81636
81636
81637
81637
81640
81640
81642
81642
81644
81644
81621
81647
81647
81649
81650
81651
81649
81650
81652
81651
81652
81655
81655
81659
81659
81661
81661
81662
81662
81665
81665
81667
81667
81669
81669
81646
81672
81673
81674
81675
81676
81677
81678
81679
81680
81681
81682
81683
81684
81685
81686
81687
81688
81689
81690
81691
81692
81693
81694
81695
81696
81697
81698
81699
81700
81701
81702
81703
81704
81705
81706
81707
81708
81709
81710
81711
81712
81713
81714
81715
81716
81717
81718
81719
81720
81721
81671
81723
81724
81725
81726
81727
81728
81729
81730
81731
81732
81733
81734
81735
81736
81737
81738
81739
81740
81741
81742
81743
81744
81745
81746
81747
81748
81749
81750
81751
81752
81753
81754
81755
81756
81757
81620
81759
81760
81761
81762
81763
81156
81765
81766
81766
81768
81768
81770
81770
81771
81771
81773
81773
81775
81775
81777
81777
81780
81780
81782
81782
81784
81784
81785
81785
81788
81788
81765
81791
81792
81791
81793
81792
81793
81795
81795
81799
81800
81801
81799
81800
81802
81801
81802
81805
81805
81809
81809
81810
81810
81813
81813
81790
81816
81817
81818
81819
81820
81821
81817
81818
81819
81820
81822
81827
81821
81822
81828
81831
81832
81827
81833
81828
81831
81832
81833
81835
81835
81816
81842
81842
81843
81843
81846
81846
81848
81848
81850
81851
81852
81853
81854
81855
81856
81850
81851
81852
81853
81854
81855
81856
81857
81857
81841
81867
81868
81869
81868
81869
81870
81870
81874
81874
81875
81875
81878
81878
81880
81880
81882
81883
81884
81885
81882
81883
81884
81885
81886
81886
81867
81893
81894
81895
81896
81897
81893
81898
81894
81895
81896
81897
81900
81905
81906
81898
81907
81900
81909
81905
81906
81907
81909
81911
81911
81892
81918
81919
81920
81921
81922
81923
81924
81925
81926
81927
81928
81929
81930
81931
81932
81933
81934
81935
81936
81937
81938
81939
81940
81941
81942
81943
81944
81945
81917
81947
81948
81949
81950
81951
81952
81953
81954
81955
81956
81957
81958
81959
81960
81961
81962
81866
81964
81965
81965
81967
81967
81968
81970
81971
81972
81973
81968
81974
81976
81970
81977
81979
81971
81972
81973
81974
81976
81977
81979
81980
81980
81964
81990
81990
81991
81991
81994
81994
81996
81996
81998
81999
81998
82000
81999
82002
82000
82002
82004
82004
82008
82008
82009
82009
82012
82012
81989
82015
82016
82016
82017
82017
82019
82019
82022
82023
82024
82022
82025
82027
82028
82023
82024
82029
82025
82032
82027
82028
82029
82032
82034
82034
82015
82041
82042
82041
82042
82043
82043
82047
82048
82047
82048
82049
82049
82053
82053
82055
82055
82057
82057
82059
82059
82061
82061
82063
82063
82040
82066
82067
82068
82069
82070
82071
82072
82073
82074
82075
82076
82077
82078
82079
82080
82081
82082
82083
82084
82085
82086
82065
82088
82089
82089
82091
82092
82093
82091
82094
82092
82093
82094
82096
82096
82101
82102
82101
82103
82102
82105
82103
82105
82107
82107
82111
82111
82088
82114
82114
82116
82116
82117
82119
82120
82117
82121
82119
82120
82123
82121
82123
82126
82129
82130
82131
82126
82129
82130
82131
82132
82132
82113
82139
82140
82141
82142
82143
82144
82145
82146
82147
82148
82149
82150
82151
82152
82153
82154
82155
82156
82157
82158
82159
82160
82161
82162
82138
82164
82165
82165
82167
82167
82169
82169
82170
82170
82173
82173
82175
82175
82177
82177
82178
82180
82181
82178
82182
82180
82181
82182
82184
82184
82164
82190
82190
82192
82192
82193
82193
82196
82196
82197
82199
82197
82200
82199
82200
82202
82202
82206
82206
82208
82209
82208
82209
82210
82210
82189
82215
82216
82217
82218
82219
82220
82221
82222
82214
82224
82225
82226
82227
82014
82229
82230
82231
82232
82233
82234
82235
82236
82237
82238
82239
82240
82241
82242
82243
82244
82245
82246
82247
82248
82249
82250
82251
82252
82253
82254
81815
81105
82257
82258
82258
82260
82260
82262
82262
82264
82264
82266
82266
82268
82268
82270
82270
82271
82271
82274
82275
82276
82274
82275
82276
82277
82277
82257
82283
82283
82285
82285
82287
82287
82289
82289
82291
82291
82293
82293
82294
82296
82297
82294
82298
82300
82296
82297
82298
82300
82301
82301
82282
82308
82309
82310
82311
82312
82313
82314
82315
82316
82317
82318
82319
82320
82321
82322
82307
82324
82325
82326
82327
82328
82329
82330
82331
82332
82333
82334
82335
82336
82337
82338
82339
82340
82341
82342
82343
81054
82345
82346
82346
82348
82349
82348
82350
82349
82350
82352
82352
82356
82356
82357
82359
82357
82359
82360
82360
82364
82364
82366
82366
82367
82367
82345
82371
82372
82373
82371
82374
82372
82373
82374
82376
82380
82381
82382
82376
82380
82381
82383
82382
82387
82389
82383
82387
82389
82390
82390
82370
82396
82397
82398
82399
82397
82400
82402
82403
82404
82405
82398
82399
82406
82400
82402
82403
82409
82413
82404
82405
82406
82409
82413
82414
82414
82396
82422
82422
82424
82425
82424
82426
82428
82425
82429
82426
82431
82428
82433
82429
82435
82431
82433
82435
82437
82437
82442
82442
82443
82443
82421
82447
82448
82449
82448
82450
82449
82450
82452
82452
82456
82456
82458
82458
82460
82460
82462
82462
82464
82465
82466
82464
82465
82466
82467
82467
82447
82473
82474
82473
82475
82474
82475
82477
82477
82480
82480
82483
82483
82485
82485
82487
82487
82489
82490
82491
82489
82490
82491
82492
82492
82472
82498
82499
82500
82501
82497
82503
82504
82505
82446
82507
82508
82508
82510
82511
82510
82512
82511
82512
82514
82514
82518
82518
82520
82521
82520
82521
82522
82522
82525
82525
82528
82528
82530
82530
82507
82533
82533
82534
82536
82537
82538
82534
82536
82539
82537
82542
82538
82544
82546
82547
82548
82539
82542
82544
82546
82547
82548
82549
82549
82532
82558
82559
82560
82559
82561
82560
82563
82561
82563
82565
82565
82569
82569
82570
82570
82572
82572
82575
82575
82577
82577
82578
82578
82580
82580
82558
82584
82584
82585
82585
82588
82589
82590
82591
82592
82588
82589
82593
82590
82591
82592
82596
82593
82600
82602
82596
82600
82602
82603
82603
82583
82609
82610
82611
82612
82613
82614
82615
82608
82617
82618
82619
82620
82621
82557
82623
82624
82625
82626
82627
82628
82629
82395
82631
82632
82633
82634
82635
82636
82637
82638
82639
82640
82641
82642
82643
82644
82645
82646
82647
82648
82649
82650
82651
82652
82653
82654
82655
82656
82657
82658
82659
82660
82661
82662
82663
82664
82665
82666
82667
82668
82669
82670
82671
82672
82673
82674
82675
76553
82677
82678
82678
82680
82680
82681
82681
82683
82683
82686
82687
82686
82688
82690
82691
82692
82693
82687
82688
82690
82691
82692
82693
82694
82694
82677
82703
82704
82703
82705
82704
82705
82707
82707
82710
82710
82712
82712
82715
82716
82717
82715
82718
82716
82720
82717
82718
82720
82722
82722
82702
82728
82729
82729
82731
82731
82733
82733
82735
82736
82735
82737
82739
82740
82736
82741
82743
82737
82744
82739
82740
82741
82743
82744
82746
82746
82728
82754
82754
82755
82755
82757
82757
82760
82761
82762
82763
82764
82765
82766
82767
82760
82761
82762
82763
82764
82765
82766
82767
82768
82768
82753
82779
82780
82780
82781
82781
82784
82784
82786
82786
82787
82789
82787
82790
82789
82792
82790
82792
82794
82794
82798
82798
82800
82800
82801
82801
82779
82805
82806
82807
82805
82808
82810
82811
82812
82806
82813
82815
82816
82807
82808
82810
82817
82811
82812
82813
82815
82816
82817
82821
82821
82804
82830
82831
82832
82831
82833
82832
82833
82835
82838
82839
82835
82838
82840
82843
82839
82844
82846
82847
82840
82843
82844
82846
82847
82848
82848
82830
82856
82856
82858
82858
82860
82861
82862
82860
82863
82865
82866
82861
82862
82863
82867
82871
82865
82866
82867
82872
82871
82872
82876
82876
82855
82881
82882
82882
82884
82885
82884
82886
82885
82888
82886
82890
82892
82893
82894
82895
82888
82890
82896
82892
82893
82894
82895
82896
82899
82899
82881
82907
82907
82909
82910
82911
82912
82909
82910
82913
82916
82917
82911
82912
82913
82916
82917
82918
82918
82924
82924
82927
82927
82929
82929
82906
82932
82933
82934
82933
82935
82934
82935
82937
82937
82941
82942
82943
82941
82942
82943
82944
82948
82944
82948
82949
82949
82953
82953
82954
82954
82932
82958
82958
82960
82960
82962
82962
82963
82963
82966
82966
82967
82969
82967
82969
82970
82970
82973
82973
82976
82976
82978
82978
82980
82980
82957
82983
82984
82985
82986
82987
82988
82989
82990
82991
82992
82993
82994
82995
82996
82997
82998
82999
83000
83001
83002
83003
83004
83005
83006
83007
83008
83009
83010
83011
83012
83013
83014
83015
83016
83017
83018
83019
83020
83021
83022
83023
83024
83025
83026
83027
83028
82982
83030
83031
83031
83032
83034
83032
83034
83035
83035
83038
83038
83040
83042
83040
83043
83042
83045
83043
83045
83047
83047
83051
83051
83053
83053
83030
83056
83056
83057
83057
83060
83060
83062
83062
83064
83065
83064
83066
83068
83065
83066
83069
83072
83073
83068
83069
83072
83073
83074
83074
83055
83081
83082
83083
83084
83080
83086
83087
83088
83089
83090
83091
83092
83093
83094
83095
83096
83097
83098
83099
83100
83101
83102
82931
83104
83105
83105
83107
83107
83109
83109
83110
83110
83113
83114
83113
83115
83117
83114
83115
83117
83118
83118
83122
83122
83124
83124
83126
83126
83104
83130
83130
83132
83133
83134
83135
83132
83136
83138
83139
83133
83134
83135
83136
83138
83140
83146
83147
83139
83140
83146
83147
83148
83148
83129
83155
83156
83157
83158
83159
83160
83154
83162
83163
83164
83165
83166
83167
83168
83169
83170
83171
83172
83173
83174
83175
83176
83177
83178
83179
83180
83181
83182
83183
83184
83185
83186
83187
83188
83189
83190
83191
83192
83193
83194
83195
83196
83197
83198
83199
83200
83201
83202
83203
83204
83205
83206
83207
83208
82880
83210
83211
83212
83213
83214
83215
83216
83217
83218
83219
83220
83221
83222
83223
83224
83225
83226
83227
83228
83229
83230
83231
83232
83233
83234
83235
83236
83237
83238
83239
83240
83241
83242
82829
83244
83245
83245
83246
83248
83249
83250
83246
83248
83249
83251
83250
83255
83251
83255
83257
83257
83261
83261
83263
83263
83264
83264
83267
83267
83244
83270
83271
83270
83271
83272
83272
83276
83276
83278
83278
83280
83281
83280
83281
83282
83282
83286
83286
83288
83289
83288
83289
83290
83290
83269
83295
83296
83296
83298
83299
83300
83298
83299
83301
83300
83301
83304
83304
83307
83309
83307
83309
83310
83310
83313
83313
83316
83316
83317
83317
83295
83321
83321
83322
83324
83322
83324
83325
83325
83328
83328
83331
83332
83333
83334
83335
83336
83331
83332
83333
83334
83335
83336
83337
83337
83320
83346
83347
83347
83348
83348
83351
83352
83353
83354
83355
83356
83351
83357
83359
83352
83353
83354
83355
83360
83356
83357
83359
83360
83365
83365
83346
83372
83373
83372
83374
83373
83374
83376
83376
83380
83380
83382
83382
83383
83383
83386
83386
83388
83388
83390
83391
83390
83391
83392
83392
83371
83397
83398
83398
83400
83400
83402
83402
83403
83403
83406
83406
83408
83408
83409
83409
83412
83413
83412
83413
83414
83417
83414
83417
83418
83418
83397
83423
83423
83425
83426
83427
83428
83429
83425
83430
83432
83426
83433
83435
83427
83428
83436
83429
83430
83432
83433
83435
83436
83439
83439
83422
83448
83449
83449
83450
83450
83453
83453
83454
83456
83454
83456
83457
83457
83460
83460
83462
83462
83465
83465
83467
83468
83467
83468
83469
83469
83448
83474
83474
83476
83476
83477
83479
83477
83479
83480
83483
83480
83483
83484
83487
83484
83488
83487
83490
83492
83488
83490
83492
83493
83493
83473
83499
83500
83500
83502
83502
83504
83504
83505
83507
83505
83508
83507
83510
83508
83512
83510
83514
83516
83517
83512
83514
83516
83517
83518
83518
83499
83525
83525
83526
83526
83529
83530
83531
83532
83533
83529
83534
83530
83531
83536
83539
83540
83532
83533
83534
83536
83539
83540
83541
83541
83549
83550
83551
83552
83553
83554
83555
83498
83557
83558
83558
83560
83560
83562
83563
83562
83563
83564
83564
83568
83568
83569
83569
83572
83573
83572
83574
83573
83574
83576
83576
83580
83580
83557
83583
83583
83584
83584
83587
83587
83589
83589
83591
83591
83593
83593
83595
83595
83597
83597
83598
83598
83600
83600
83602
83602
83604
83604
83582
83608
83609
83610
83609
83611
83610
83613
83611
83613
83615
83618
83619
83615
83620
83618
83622
83619
83624
83620
83626
83622
83624
83626
83628
83628
83608
83634
83634
83635
83635
83638
83638
83640
83641
83642
83640
83641
83643
83646
83642
83643
83647
83646
83650
83647
83650
83652
83652
83656
83656
83633
83659
83660
83661
83662
83663
83664
83665
83666
83667
83668
83669
83658
83671
83672
83673
83674
83675
83676
83677
83678
83679
83680
83681
83682
83683
83684
83685
83686
83687
83688
83689
83690
83691
83692
83693
83694
83695
83696
83607
83698
83699
83700
83701
83699
83700
83702
83701
83705
83707
83702
83705
83708
83707
83708
83711
83711
83714
83714
83717
83717
83719
83719
83720
83720
83698
83724
83725
83726
83727
83728
83729
83724
83725
83726
83730
83734
83727
83728
83729
83730
83735
83734
83740
83742
83735
83740
83742
83743
83743
83723
83749
83750
83751
83752
83753
83754
83755
83756
83757
83758
83759
83760
83761
83762
83763
83764
83765
83748
83767
83768
83768
83770
83770
83771
83773
83771
83774
83776
83773
83774
83776
83777
83777
83782
83782
83784
83784
83786
83786
83788
83788
83789
83789
83767
83793
83793
83795
83796
83797
83795
83798
83800
83801
83796
83797
83798
83802
83800
83801
83802
83806
83806
83810
83812
83810
83812
83813
83813
83792
83818
83819
83817
83821
83822
83823
83824
83825
83826
83827
83828
83829
83830
83831
83832
83833
83834
83835
83836
83837
83838
83839
83840
83841
83842
83843
83844
83447
83846
83847
83847
83849
83849
83851
83851
83853
83854
83855
83856
83853
83857
83859
83854
83860
83855
83856
83862
83857
83859
83860
83862
83865
83865
83846
83872
83872
83874
83874
83876
83876
83877
83877
83880
83880
83882
83882
83884
83885
83884
83885
83886
83886
83890
83890
83891
83891
83893
83893
83871
83897
83898
83899
83900
83901
83902
83903
83904
83905
83906
83907
83908
83909
83910
83911
83912
83896
83914
83915
83916
83917
83918
83919
83920
83921
83922
83923
83396
83925
83926
83926
83927
83927
83929
83929
83932
83933
83934
83932
83935
83937
83933
83938
83934
83935
83937
83940
83938
83944
83940
83944
83946
83946
83925
83951
83951
83953
83954
83953
83955
83957
83954
83958
83955
83960
83962
83957
83963
83965
83966
83958
83960
83962
83963
83965
83966
83967
83967
83950
83976
83977
83978
83979
83980
83975
83982
83983
83984
83985
83986
83987
83988
83989
83990
83991
83992
83993
83994
83995
83996
83997
83998
83345
84000
84001
84002
84001
84003
84005
84002
84006
84003
84008
84010
84011
84005
84012
84014
84015
84006
84008
84010
84011
84012
84014
84015
84016
84016
84000
84026
84026
84028
84028
84029
84029
84032
84032
84033
84035
84036
84037
84033
84038
84040
84041
84035
84036
84037
84038
84040
84041
84042
84042
84025
84051
84052
84052
84054
84054
84055
84055
84058
84058
84059
84059
84062
84062
84063
84065
84063
84065
84066
84066
84069
84069
84071
84071
84074
84074
84051
84077
84077
84079
84079
84081
84081
84082
84082
84085
84085
84087
84088
84089
84090
84087
84088
84089
84090
84091
84091
84097
84097
84099
84099
84076
84102
84103
84103
84105
84106
84107
84105
84108
84106
84107
84110
84108
84110
84113
84113
84117
84117
84119
84119
84121
84121
84123
84123
84125
84125
84102
84128
84128
84129
84129
84131
84131
84133
84133
84136
84136
84137
84139
84137
84139
84140
84140
84143
84143
84146
84146
84148
84148
84149
84149
84127
84153
84154
84155
84156
84157
84158
84159
84160
84161
84162
84163
84164
84165
84166
84167
84168
84169
84152
84171
84172
84173
84174
84175
84176
84177
84178
84179
84180
84101
84182
84183
84183
84185
84185
84187
84187
84189
84190
84189
84191
84190
84193
84191
84193
84195
84198
84195
84198
84199
84202
84199
84202
84203
84203
84182
84208
84209
84210
84208
84209
84211
84214
84210
84211
84215
84214
84215
84218
84218
84221
84221
84223
84223
84226
84226
84228
84228
84229
84229
84232
84233
84234
84235
84236
84237
84238
84239
84240
84241
84242
84050
84244
84245
84246
84247
84248
84249
84250
84251
84252
84253
84254
84255
84256
84257
84258
84259
84260
84261
84262
84263
84264
84265
84266
84267
84268
84269
84270
83294
84272
84273
84273
84275
84275
84277
84277
84279
84279
84280
84280
84283
84283
84285
84285
84287
84287
84289
84289
84291
84292
84291
84292
84293
84293
84272
84298
84299
84300
84298
84301
84303
84304
84299
84300
84305
84301
84303
84308
84304
84305
84311
84314
84308
84311
84314
84315
84315
84319
84319
84297
84323
84324
84324
84325
84325
84328
84329
84328
84330
84332
84329
84330
84333
84336
84332
84337
84333
84339
84336
84337
84341
84339
84341
84344
84344
84323
84349
84349
84351
84351
84352
84354
84355
84352
84356
84354
84355
84358
84361
84362
84363
84356
84364
84358
84361
84362
84363
84364
84366
84366
84348
84374
84375
84375
84376
84376
84379
84379
84380
84380
84383
84383
84384
84384
84387
84387
84388
84390
84391
84392
84388
84390
84391
84392
84393
84393
84374
84400
84401
84400
84402
84404
84401
84405
84402
84404
84405
84407
84407
84411
84411
84414
84415
84416
84414
84417
84415
84416
84417
84419
84419
84399
84425
84426
84426
84427
84427
84429
84431
84429
84432
84431
84432
84434
84434
84438
84438
84440
84440
84442
84442
84443
84443
84446
84446
84448
84448
84425
84451
84451
84452
84452
84455
84455
84457
84458
84457
84459
84458
84461
84459
84463
84461
84465
84467
84468
84463
84465
84467
84468
84469
84469
84450
84476
84477
84477
84479
84480
84481
84479
84482
84484
84480
84485
84487
84481
84488
84490
84491
84482
84484
84485
84487
84488
84490
84491
84492
84492
84476
84502
84502
84503
84505
84506
84507
84503
84508
84510
84511
84505
84506
84512
84515
84507
84516
84508
84510
84511
84512
84515
84516
84518
84518
84501
84527
84528
84529
84530
84531
84532
84533
84534
84535
84536
84537
84538
84539
84540
84541
84526
84543
84544
84545
84546
84547
84475
84549
84550
84551
84552
84553
84554
84555
84556
84557
84558
84559
84560
84561
84562
84563
84564
84565
84566
84567
84568
84569
84570
84571
84572
84573
84574
84424
84576
84577
84578
84579
84580
84577
84578
84581
84579
84584
84580
84586
84588
84581
84589
84591
84592
84584
84586
84588
84589
84591
84592
84593
84593
84576
84602
84602
84604
84604
84605
84607
84605
84608
84607
84608
84610
84610
84613
84613
84615
84615
84618
84618
84620
84621
84620
84621
84622
84622
84601
84627
84628
84628
84630
84631
84632
84630
84631
84633
84632
84636
84638
84633
84636
84638
84639
84639
84644
84644
84645
84647
84645
84647
84648
84648
84627
84653
84653
84655
84655
84657
84658
84657
84659
84661
84658
84662
84659
84661
84662
84664
84664
84669
84670
84669
84670
84671
84671
84674
84674
84652
84678
84679
84679
84681
84681
84683
84683
84684
84684
84686
84686
84688
84688
84691
84691
84693
84694
84693
84695
84694
84697
84695
84697
84699
84699
84678
84704
84704
84705
84707
84705
84708
84710
84711
84712
84707
84708
84713
84716
84717
84718
84710
84711
84712
84713
84716
84717
84718
84719
84719
84703
84729
84730
84731
84732
84728
84734
84735
84677
84737
84738
84739
84740
84741
84742
84743
84744
84745
84746
84747
84748
84749
84750
84751
84752
84753
84754
84755
84756
84626
84758
84759
84759
84761
84761
84763
84763
84765
84765
84766
84766
84769
84769
84770
84772
84770
84773
84775
84776
84772
84773
84775
84776
84777
84777
84758
84784
84784
84786
84786
84787
84789
84790
84791
84792
84793
84787
84789
84790
84791
84792
84793
84794
84794
84801
84801
84803
84803
84805
84805
84783
84809
84810
84811
84812
84813
84814
84815
84816
84817
84818
84819
84820
84821
84822
84823
84824
84825
84808
84827
84828
84828
84830
84831
84832
84830
84833
84835
84831
84836
84838
84839
84832
84833
84840
84843
84835
84836
84838
84839
84840
84843
84844
84844
84827
84853
84853
84854
84854
84857
84857
84858
84858
84861
84862
84861
84863
84862
84865
84863
84867
84865
84867
84869
84869
84873
84873
84875
84875
84852
84878
84877
84880
84881
84881
84883
84883
84885
84885
84886
84886
84889
84889
84891
84892
84891
84893
84895
84896
84897
84892
84893
84895
84896
84897
84898
84898
84880
84906
84906
84908
84908
84909
84909
84912
84913
84914
84912
84913
84915
84914
84915
84918
84918
84921
84923
84924
84921
84923
84924
84925
84925
84905
84931
84932
84932
84933
84933
84936
84936
84938
84939
84940
84938
84941
84939
84940
84941
84943
84943
84947
84947
84950
84950
84952
84952
84953
84953
84931
84957
84957
84959
84960
84959
84961
84960
84963
84965
84966
84967
84961
84968
84970
84971
84963
84965
84966
84967
84968
84970
84971
84972
84972
84956
84982
84981
84984
84985
84986
84987
84988
84989
84990
84991
84992
84993
84994
84995
84996
84997
84998
84999
85000
85001
85002
85003
85004
85005
84930
85007
85008
85009
85010
85011
85012
85013
85014
85015
85016
85017
85018
85019
85020
85021
85022
85023
85024
85025
85026
84373
85028
85029
85029
85031
85031
85032
85032
85034
85034
85037
85037
85038
85038
85041
85042
85041
85042
85043
85043
85046
85048
85046
85048
85049
85049
85028
85054
85054
85056
85056
85058
85058
85060
85061
85062
85060
85063
85065
85061
85066
85062
85063
85068
85071
85065
85066
85068
85071
85072
85072
85053
85079
85080
85081
85082
85083
85084
85085
85086
85087
85088
85089
85090
85091
85092
85093
85094
85095
85096
85097
85098
85099
85100
85101
85102
85103
85104
85105
85106
85107
85108
85109
85110
85111
85112
85113
85114
85078
85116
85117
85117
85119
85119
85121
85121
85122
85122
85124
85126
85127
85128
85124
85126
85127
85128
85129
85134
85129
85135
85134
85135
85137
85137
85116
85142
85143
85144
85142
85145
85147
85148
85149
85150
85151
85143
85144
85152
85145
85147
85148
85155
85149
85150
85151
85152
85155
85159
85159
85141
85167
85168
85169
85170
85171
85172
85173
85174
85175
85176
85177
85178
85179
85180
85181
85182
85183
85184
85185
85186
85187
85188
85189
85190
85191
85192
85193
85194
85195
85196
85197
85198
85199
85200
85201
85202
85203
85204
85205
85206
85207
85166
85209
85210
85211
85212
85213
85214
85215
84322
85217
85218
85218
85220
85220
85221
85221
85224
85225
85226
85227
85228
85224
85229
85225
85231
85233
85226
85227
85228
85229
85231
85233
85234
85234
85217
85243
85243
85245
85246
85245
85247
85249
85250
85251
85252
85253
85254
85246
85255
85247
85249
85250
85251
85252
85253
85254
85255
85257
85257
85242
85268
85269
85269
85271
85271
85273
85273
85274
85274
85277
85277
85278
85278
85281
85282
85283
85284
85285
85281
85282
85283
85284
85285
85286
85286
85268
85294
85294
85296
85296
85298
85298
85300
85300
85302
85303
85304
85302
85305
85307
85303
85304
85305
85308
85307
85312
85308
85312
85314
85314
85293
85319
85320
85320
85322
85322
85324
85324
85325
85325
85328
85328
85329
85331
85329
85331
85332
85332
85336
85336
85338
85338
85339
85339
85342
85342
85319
85345
85346
85347
85345
85346
85348
85347
85348
85351
85351
85355
85355
85357
85357
85359
85360
85361
85359
85362
85360
85361
85362
85364
85364
85344
85370
85371
85371
85372
85372
85375
85375
85377
85378
85379
85380
85381
85377
85378
85379
85380
85381
85382
85382
85389
85389
85390
85390
85392
85392
85370
85396
85396
85398
85399
85398
85399
85400
85400
85404
85405
85404
85406
85408
85409
85410
85405
85411
85406
85408
85409
85410
85411
85413
85413
85395
85421
85422
85423
85422
85424
85426
85423
85427
85424
85426
85429
85427
85432
85429
85432
85434
85434
85438
85438
85440
85440
85442
85442
85443
85443
85421
85447
85447
85448
85448
85451
85451
85452
85452
85455
85455
85457
85457
85459
85460
85459
85460
85461
85461
85464
85466
85464
85466
85467
85467
85446
85472
85473
85474
85475
85476
85477
85478
85479
85480
85481
85482
85483
85484
85485
85486
85487
85488
85489
85490
85471
85492
85493
85493
85494
85494
85497
85497
85499
85500
85501
85499
85500
85501
85502
85502
85506
85506
85509
85509
85511
85511
85513
85513
85515
85515
85492
85518
85518
85519
85519
85521
85521
85523
85523
85526
85526
85528
85528
85530
85530
85531
85531
85533
85533
85536
85536
85538
85538
85540
85540
85517
85543
85544
85544
85545
85545
85548
85548
85550
85550
85552
85553
85552
85553
85554
85554
85558
85559
85560
85558
85561
85559
85560
85561
85563
85563
85543
85569
85569
85570
85570
85573
85573
85575
85575
85577
85577
85579
85580
85579
85580
85581
85581
85585
85586
85587
85585
85586
85587
85588
85588
85568
85594
85595
85596
85597
85598
85599
85600
85601
85602
85603
85604
85605
85606
85607
85608
85609
85610
85611
85612
85613
85614
85615
85616
85617
85618
85619
85620
85621
85622
85623
85624
85625
85626
85627
85628
85593
85630
85631
85631
85633
85634
85635
85633
85636
85638
85639
85640
85641
85634
85642
85635
85644
85636
85638
85639
85640
85641
85642
85644
85646
85646
85630
85656
85656
85658
85658
85660
85661
85660
85662
85661
85662
85664
85664
85668
85669
85668
85670
85669
85670
85672
85672
85676
85676
85677
85677
85655
85681
85682
85680
85684
85685
85542
85687
85688
85688
85689
85689
85692
85693
85694
85692
85693
85694
85695
85695
85700
85700
85702
85703
85704
85705
85702
85703
85704
85705
85706
85706
85687
85713
85713
85715
85715
85716
85716
85719
85720
85721
85719
85722
85724
85720
85725
85721
85727
85722
85729
85724
85725
85727
85729
85731
85731
85712
85738
85739
85740
85741
85742
85743
85744
85745
85746
85747
85748
85749
85750
85751
85752
85753
85754
85755
85756
85757
85758
85759
85760
85761
85762
85763
85764
85765
85766
85767
85768
85769
85770
85771
85772
85773
85774
85775
85776
85777
85778
85779
85780
85781
85782
85783
85784
85785
85737
85787
85788
85789
85790
85791
85792
85793
85420
85795
85796
85796
85798
85798
85800
85801
85802
85803
85804
85805
85800
85806
85801
85808
85802
85803
85804
85805
85810
85806
85808
85810
85815
85815
85795
85821
85821
85822
85822
85824
85824
85826
85826
85829
85829
85831
85832
85833
85831
85834
85832
85833
85836
85834
85839
85836
85839
85841
85841
85820
85846
85847
85848
85849
85850
85851
85852
85853
85854
85855
85856
85857
85858
85859
85860
85861
85862
85863
85864
85865
85866
85867
85868
85869
85870
85871
85872
85873
85874
85875
85876
85877
85845
85879
85880
85880
85882
85883
85882
85884
85886
85887
85883
85888
85884
85890
85892
85893
85894
85886
85887
85888
85890
85892
85893
85894
85895
85895
85879
85905
85906
85907
85905
85906
85908
85911
85907
85912
85914
85915
85908
85916
85911
85912
85918
85914
85921
85915
85916
85918
85921
85923
85923
85904
85930
85931
85932
85933
85934
85935
85929
85937
85938
85939
85940
85369
85942
85943
85943
85945
85945
85947
85947
85948
85948
85951
85951
85952
85952
85955
85955
85957
85957
85958
85958
85961
85961
85963
85963
85965
85965
85942
85968
85968
85970
85970
85972
85972
85974
85974
85976
85976
85977
85977
85979
85979
85981
85981
85984
85984
85986
85986
85988
85988
85990
85990
85967
85993
85994
85995
85996
85997
85998
85999
86000
86001
86002
86003
85992
86005
86006
86007
86008
86009
86010
86011
86012
86013
86014
86015
86016
86017
86018
86019
86020
86021
86022
86023
86024
86025
86026
86027
86028
86029
86030
86031
86032
86033
86034
86035
86036
86037
86038
86039
86040
86041
86042
86043
86044
85318
86046
86047
86047
86049
86049
86050
86050
86053
86054
86053
86054
86055
86055
86059
86059
86060
86062
86063
86064
86060
86062
86063
86064
86065
86065
86046
86072
86072
86074
86075
86074
86076
86078
86079
86080
86081
86082
86083
86084
86075
86076
86078
86079
86080
86081
86082
86083
86084
86085
86085
86071
86097
86098
86098
86100
86101
86102
86100
86101
86102
86103
86103
86108
86108
86109
86109
86112
86112
86114
86114
86116
86116
86118
86118
86119
86119
86097
86123
86123
86125
86125
86127
86127
86129
86130
86131
86129
86130
86132
86135
86136
86131
86137
86132
86135
86139
86136
86137
86139
86142
86142
86122
86148
86149
86149
86151
86152
86153
86151
86154
86152
86156
86158
86159
86160
86161
86153
86162
86154
86156
86158
86159
86160
86161
86162
86164
86164
86148
86174
86174
86176
86176
86177
86179
86177
86180
86179
86182
86184
86185
86180
86182
86184
86186
86185
86186
86190
86190
86194
86194
86195
86195
86173
86199
86200
86198
86202
86203
86204
86205
86206
86207
86208
86209
86210
86211
86212
86213
86214
86215
86216
86217
86218
86219
86220
86221
86222
86223
86224
86225
86226
86227
86228
86229
86230
86231
86232
86233
86234
86235
86236
86237
86238
86239
86240
86241
86242
86243
86147
86245
86246
86246
86248
86248
86249
86251
86249
86252
86251
86254
86256
86257
86258
86252
86254
86259
86262
86256
86257
86258
86259
86262
86263
86263
86245
86271
86271
86272
86272
86275
86275
86277
86277
86278
86278
86281
86281
86282
86284
86285
86286
86287
86282
86284
86285
86286
86287
86288
86288
86270
86296
86297
86298
86297
86299
86301
86298
86299
86301
86302
86306
86307
86302
86308
86306
86310
86307
86308
86310
86312
86312
86316
86316
86318
86318
86296
86322
86322
86324
86324
86325
86325
86327
86327
86330
86330
86331
86331
86334
86334
86335
86335
86338
86338
86340
86340
86342
86342
86343
86343
86321
86347
86348
86349
86350
86351
86352
86346
86354
86355
86356
86357
86358
86359
86360
86361
86355
86362
86356
86364
86357
86358
86359
86366
86360
86370
86361
86362
86364
86366
86370
86372
86372
86354
86380
86381
86382
86380
86381
86382
86383
86383
86387
86387
86390
86390
86392
86392
86394
86394
86396
86396
86398
86399
86398
86399
86400
86400
86379
86405
86406
86407
86408
86409
86410
86411
86412
86413
86414
86415
86416
86417
86404
86419
86420
86420
86422
86423
86424
86422
86425
86427
86423
86424
86425
86427
86428
86433
86434
86435
86428
86436
86433
86434
86435
86436
86438
86438
86419
86445
86445
86447
86447
86448
86448
86451
86451
86453
86453
86455
86455
86456
86458
86456
86459
86458
86461
86463
86459
86461
86463
86464
86464
86444
86470
86471
86472
86473
86474
86475
86476
86477
86478
86479
86480
86481
86482
86469
86484
86485
86486
86487
86488
86489
86490
86491
86492
86493
86494
86495
86496
86497
86498
86499
86500
86501
86502
86503
86504
86505
86506
86507
86508
86509
86510
86511
86512
86513
86514
86515
86516
86517
86518
86519
86520
86521
86522
86523
86524
86525
86526
86527
86528
86529
86295
86531
86532
86532
86534
86534
86535
86535
86538
86538
86539
86539
86542
86542
86544
86544
86545
86547
86545
86547
86548
86548
86552
86552
86553
86553
86531
86557
86557
86558
86558
86560
86560
86563
86564
86563
86565
86567
86564
86565
86567
86568
86568
86573
86574
86573
86574
86575
86575
86579
86579
86556
86582
86583
86584
86585
86586
86587
86588
86589
86590
86591
86592
86593
86594
86595
86596
86597
86598
86599
86600
86601
86602
86603
86581
86605
86606
86607
86608
86609
86610
86611
86612
86613
86614
86615
86616
86617
86618
86619
86620
86621
86622
86623
86624
86625
86626
86627
86628
86629
86630
86631
86632
86633
86634
86635
86636
86096
86638
86639
86639
86641
86642
86641
86643
86642
86643
86645
86645
86648
86648
86650
86652
86653
86650
86652
86654
86653
86654
86657
86657
86660
86660
86638
86664
86665
86666
86667
86664
86665
86666
86668
86672
86667
86673
86668
86675
86672
86673
86677
86680
86681
86675
86677
86680
86681
86682
86682
86663
86689
86690
86691
86692
86693
86694
86688
86696
86697
86697
86698
86698
86701
86701
86702
86702
86705
86705
86707
86707
86709
86709
86711
86711
86713
86713
86714
86714
86717
86717
86719
86719
86696
86722
86722
86724
86724
86726
86726
86728
86729
86730
86728
86731
86729
86733
86730
86735
86737
86731
86733
86735
86737
86738
86738
86743
86743
86721
86747
86748
86748
86750
86750
86751
86751
86754
86754
86756
86756
86757
86757
86760
86760
86762
86762
86763
86763
86765
86767
86765
86767
86768
86768
86747
86773
86773
86775
86776
86775
86777
86779
86780
86781
86782
86783
86784
86776
86777
86779
86785
86780
86781
86782
86783
86784
86785
86789
86789
86772
86798
86799
86799
86801
86801
86802
86802
86804
86804
86807
86808
86807
86809
86808
86811
86813
86814
86815
86809
86811
86813
86814
86815
86816
86816
86798
86824
86824
86826
86827
86828
86829
86826
86830
86827
86828
86832
86829
86835
86837
86838
86839
86830
86832
86835
86837
86838
86839
86840
86840
86823
86849
86850
86851
86852
86853
86854
86855
86856
86857
86858
86859
86860
86861
86862
86863
86864
86865
86866
86867
86868
86869
86870
86871
86872
86873
86874
86875
86876
86877
86878
86879
86880
86881
86882
86883
86884
86885
86886
86887
86888
86889
86848
86891
86892
86892
86894
86894
86896
86897
86896
86897
86898
86898
86901
86901
86903
86903
86906
86906
86907
86909
86907
86909
86910
86910
86913
86913
86891
86917
86917
86919
86919
86920
86920
86923
86924
86923
86924
86925
86928
86925
86928
86929
86932
86929
86932
86933
86936
86933
86936
86937
86937
86916
86942
86943
86944
86945
86946
86947
86948
86949
86950
86951
86952
86953
86954
86955
86956
86957
86958
86959
86941
86961
86962
86963
86964
86965
86966
86967
86968
86969
86970
86971
86972
86973
86974
86975
86976
86977
86978
86979
86980
86981
86982
86983
86984
86985
86797
86987
86988
86988
86989
86991
86989
86992
86994
86991
86992
86995
86998
86994
86999
87001
86995
86998
87002
86999
87005
87001
87002
87005
87007
87007
86987
87013
87013
87014
87014
87017
87018
87019
87017
87020
87022
87018
87023
87019
87025
87020
87022
87023
87025
87027
87032
87027
87032
87033
87033
87012
87038
87039
87040
87041
87042
87043
87044
87045
87046
87047
87048
87049
87050
87051
87052
87053
87054
87055
87056
87057
87058
87059
87060
87061
87062
87037
87064
87065
87066
87067
87068
87069
87070
87071
87072
87073
87074
87075
87076
87077
87078
87079
87080
87081
87082
87083
87084
87085
87086
87087
87088
87089
87090
87091
87092
87093
87094
87095
87096
87097
87098
86746
87100
87101
87101
87103
87103
87104
87104
87106
87106
87109
87109
87111
87112
87111
87112
87113
87113
87116
87116
87119
87119
87121
87121
87122
87122
87100
87126
87127
87128
87129
87126
87130
87132
87127
87128
87129
87133
87137
87138
87130
87139
87132
87141
87133
87137
87138
87139
87141
87143
87143
87125
87151
87152
87153
87154
87155
87156
87157
87158
87159
87160
87161
87162
87163
87164
87165
87166
87167
87168
87169
87170
87171
87172
87173
87174
87175
87176
87177
87178
87179
87180
87181
87182
87183
87184
87185
87186
87187
87188
87189
87150
87191
87192
87193
87194
87195
87196
87197
87198
87199
87200
87201
87202
87203
87204
87205
87206
87207
87208
87209
87210
87211
87212
85267
87214
87215
87215
87217
87218
87219
87217
87220
87222
87223
87218
87219
87220
87222
87224
87229
87230
87223
87231
87224
87229
87230
87231
87233
87233
87214
87240
87240
87242
87242
87244
87244
87246
87247
87246
87247
87248
87248
87252
87252
87254
87254
87256
87257
87256
87257
87258
87258
87262
87262
87239
87265
87266
87266
87268
87268
87269
87269
87272
87272
87274
87274
87276
87276
87278
87278
87279
87279
87281
87281
87284
87284
87285
87285
87288
87288
87265
87291
87291
87292
87292
87294
87296
87294
87297
87296
87299
87297
87301
87299
87301
87303
87303
87306
87308
87309
87306
87308
87309
87310
87310
87290
87316
87317
87318
87319
87317
87318
87320
87323
87319
87320
87323
87324
87324
87328
87328
87331
87331
87332
87334
87335
87332
87334
87335
87336
87336
87316
87342
87343
87344
87342
87343
87345
87344
87348
87350
87351
87345
87348
87352
87350
87355
87351
87357
87359
87352
87355
87357
87359
87360
87360
87341
87367
87368
87369
87370
87371
87372
87373
87374
87375
87376
87377
87366
87379
87380
87381
87382
87383
87384
87385
87315
87387
87388
87389
87390
87391
87392
87393
87394
87395
87396
87397
87264
87399
87400
87401
87402
87403
87400
87404
87406
87401
87407
87409
87410
87411
87402
87403
87412
87404
87406
87407
87409
87410
87411
87412
87415
87415
87399
87425
87426
87425
87426
87427
87427
87430
87430
87433
87433
87435
87435
87437
87437
87438
87438
87440
87440
87443
87443
87444
87444
87447
87447
87424
87450
87451
87452
87453
87454
87455
87456
87457
87458
87459
87460
87461
87462
87463
87464
87465
87466
87467
87468
87469
87470
87449
87472
87473
87474
87475
87476
87477
87478
87479
87480
87481
87482
87483
87484
87485
87486
87487
87488
87489
87490
87491
87492
87493
87494
87495
87496
87497
87498
82778
87500
87501
87501
87503
87503
87505
87506
87505
87507
87509
87506
87507
87509
87510
87514
87510
87515
87514
87515
87517
87520
87517
87520
87521
87521
87500
87526
87526
87527
87529
87527
87530
87529
87530
87532
87532
87536
87536
87537
87537
87539
87541
87539
87541
87542
87542
87545
87545
87548
87548
87525
87551
87552
87552
87554
87554
87556
87556
87558
87559
87560
87558
87559
87560
87561
87561
87565
87567
87565
87568
87567
87570
87568
87570
87572
87572
87551
87577
87578
87579
87577
87580
87582
87583
87584
87578
87585
87579
87587
87589
87590
87580
87582
87583
87584
87585
87587
87589
87590
87591
87591
87576
87602
87603
87603
87604
87604
87606
87606
87609
87610
87609
87610
87611
87611
87615
87615
87616
87616
87618
87620
87618
87621
87620
87621
87623
87623
87602
87628
87628
87630
87631
87632
87633
87630
87634
87636
87631
87632
87637
87640
87641
87633
87634
87642
87636
87637
87640
87641
87642
87645
87645
87627
87653
87654
87652
87656
87657
87657
87659
87659
87661
87661
87663
87663
87664
87666
87664
87666
87667
87667
87671
87671
87673
87673
87675
87675
87677
87677
87678
87678
87656
87682
87683
87684
87685
87682
87686
87688
87683
87684
87685
87689
87693
87694
87686
87688
87689
87695
87693
87694
87695
87699
87699
87704
87704
87681
87707
87708
87708
87710
87710
87712
87712
87713
87715
87713
87715
87716
87716
87720
87720
87722
87722
87724
87725
87726
87724
87725
87726
87727
87727
87707
87733
87734
87735
87733
87734
87735
87736
87736
87740
87740
87743
87743
87745
87746
87747
87748
87749
87745
87746
87747
87748
87749
87750
87750
87732
87757
87706
87760
87761
87762
87763
87764
87765
87766
87767
87768
87769
87770
87771
87772
87773
87774
87775
87776
87777
87778
87779
87780
87781
87782
87783
87784
87785
87786
87787
87788
87789
87790
87791
87792
87793
87794
87795
87796
87797
87798
87799
87601
87801
87802
87802
87803
87803
87805
87807
87805
87807
87808
87808
87812
87812
87814
87815
87814
87815
87816
87816
87820
87821
87820
87821
87822
87822
87801
87827
87828
87829
87830
87827
87831
87833
87834
87835
87828
87836
87838
87829
87839
87830
87831
87833
87834
87835
87836
87838
87839
87841
87841
87826
87852
87853
87853
87855
87855
87857
87857
87859
87859
87861
87861
87863
87864
87863
87864
87865
87865
87869
87869
87871
87872
87871
87872
87873
87873
87852
87878
87879
87880
87881
87878
87879
87882
87880
87885
87881
87882
87887
87890
87891
87885
87887
87892
87895
87890
87891
87892
87895
87896
87896
87877
87903
87904
87904
87905
87905
87908
87908
87910
87910
87911
87911
87914
87914
87916
87917
87916
87918
87917
87918
87920
87920
87924
87924
87926
87926
87903
87929
87930
87931
87929
87930
87931
87932
87936
87932
87937
87939
87940
87941
87936
87937
87939
87942
87940
87941
87942
87946
87946
87951
87951
87953
87954
87955
87956
87957
87955
87958
87956
87957
87960
87958
87960
87963
87963
87967
87967
87969
87969
87971
87971
87973
87974
87973
87974
87975
87975
87954
87980
87980
87982
87982
87983
87983
87986
87986
87988
87988
87990
87990
87991
87993
87991
87993
87994
87994
87997
87999
87997
87999
88000
88000
87979
88005
88006
88007
88008
88009
88010
88004
88012
87902
88014
88015
88016
88017
88018
88019
88020
88021
88022
88023
88024
88025
88026
88027
88028
88029
88030
88031
88032
88033
88034
88035
88036
88037
88038
88039
88040
88041
88042
88043
88044
88045
88046
88047
88048
88049
88050
88051
88052
88053
88054
88055
88056
87851
88058
88059
88060
88059
88060
88061
88061
88064
88064
88067
88067
88069
88069
88070
88072
88070
88073
88072
88073
88075
88075
88079
88079
88081
88081
88058
88084
88084
88085
88087
88085
88087
88088
88091
88088
88091
88092
88092
88096
88096
88098
88098
88100
88100
88102
88102
88104
88104
88105
88105
88083
88109
88110
88110
88112
88112
88114
88114
88116
88116
88118
88118
88120
88120
88122
88122
88124
88124
88126
88126
88128
88128
88130
88130
88131
88131
88109
88135
88135
88136
88136
88139
88139
88141
88142
88143
88144
88145
88141
88142
88143
88144
88145
88146
88146
88153
88153
88154
88154
88157
88157
88159
88160
88161
88162
88163
88164
88165
88166
88167
88168
88169
88170
88171
88172
88173
88174
88175
88176
88177
88178
88179
88180
88181
88182
88183
88184
88185
88186
88187
88108
88189
88190
88190
88191
88191
88194
88194
88196
88197
88198
88199
88196
88200
88202
88197
88203
88205
88198
88199
88200
88202
88203
88205
88206
88206
88189
88215
88215
88216
88218
88216
88219
88218
88221
88219
88221
88223
88223
88227
88228
88229
88230
88231
88227
88228
88229
88230
88231
88232
88232
88214
88240
88241
88242
88243
88244
88245
88246
88247
88248
88249
88250
88251
88252
88253
88254
88255
88256
88257
88258
88259
88260
88239
88262
88263
88263
88265
88265
88267
88268
88267
88269
88268
88269
88271
88271
88274
88276
88277
88274
88278
88280
88276
88277
88278
88280
88281
88281
88262
88288
88288
88290
88291
88290
88292
88294
88295
88296
88297
88291
88292
88298
88294
88301
88295
88303
88296
88297
88298
88301
88303
88305
88305
88287
88313
88314
88314
88316
88316
88318
88318
88320
88320
88322
88323
88324
88325
88326
88327
88322
88323
88328
88324
88325
88326
88327
88328
88331
88331
88313
88339
88339
88341
88341
88343
88343
88345
88345
88347
88347
88348
88348
88351
88351
88353
88353
88355
88355
88356
88356
88359
88359
88360
88360
88363
88364
88312
88366
88367
88368
88369
88370
88371
88372
88373
88374
88375
87550
88377
88378
88378
88380
88380
88382
88382
88384
88385
88386
88384
88385
88386
88387
88391
88392
88387
88391
88392
88393
88397
88393
88397
88398
88398
88377
88403
88403
88405
88405
88407
88407
88408
88408
88411
88411
88412
88414
88415
88416
88417
88418
88412
88414
88415
88416
88417
88418
88419
88419
88402
88428
88429
88429
88431
88431
88433
88434
88435
88436
88433
88434
88437
88440
88435
88441
88436
88443
88437
88445
88440
88441
88443
88445
88447
88447
88428
88454
88455
88456
88457
88458
88454
88455
88459
88456
88457
88458
88462
88466
88459
88467
88469
88470
88462
88466
88467
88469
88470
88471
88471
88453
88479
88480
88481
88482
88483
88484
88485
88486
88487
88488
88489
88490
88491
88492
88493
88494
88495
88496
88497
88498
88499
88500
88501
88502
88503
88504
88505
88478
88507
88508
88508
88510
88511
88512
88513
88514
88510
88515
88517
88511
88518
88512
88513
88514
88515
88517
88520
88518
88520
88526
88526
88530
88530
88507
88533
88534
88535
88533
88536
88534
88538
88535
88536
88540
88543
88544
88538
88545
88547
88540
88548
88543
88544
88545
88547
88548
88550
88550
88532
88558
88559
88560
88559
88560
88561
88564
88561
88564
88565
88568
88569
88565
88568
88569
88570
88570
88575
88575
88577
88577
88578
88578
88581
88581
88558
88584
88584
88586
88586
88588
88588
88590
88590
88592
88592
88594
88594
88596
88597
88598
88596
88597
88599
88598
88602
88599
88602
88604
88604
88583
88609
88610
88610
88612
88612
88614
88615
88614
88615
88616
88616
88620
88620
88622
88622
88624
88624
88626
88626
88628
88629
88628
88629
88630
88630
88609
88635
88636
88635
88636
88637
88637
88641
88641
88643
88644
88645
88643
88644
88646
88649
88650
88651
88645
88646
88649
88650
88651
88652
88652
88634
88660
88661
88662
88661
88663
88662
88663
88665
88668
88665
88669
88668
88671
88673
88674
88669
88671
88675
88673
88674
88678
88675
88678
88681
88681
88660
88686
88687
88688
88689
88686
88690
88687
88688
88689
88692
88696
88690
88697
88699
88692
88696
88697
88700
88704
88699
88700
88704
88705
88705
88685
88711
88712
88713
88714
88715
88716
88717
88718
88719
88720
88721
88722
88723
88724
88725
88726
88710
88728
88729
88730
88731
88732
88733
88734
88735
88736
88737
88738
88739
88740
88659
88742
88743
88744
88745
88746
88747
88748
88749
88750
88751
88752
88753
88754
88755
88756
88757
88758
88759
88760
88761
88762
88763
88764
88765
88766
88767
88768
88769
88770
88771
88772
88773
88774
88775
88776
88608
88778
88779
88780
88781
88782
88783
88784
88785
88786
88787
88788
88789
88790
88791
88792
88793
88794
88795
88796
88797
88798
88799
88800
88801
88802
88803
88804
88805
88806
88557
88808
88809
88809
88811
88811
88812
88812
88814
88814
88816
88816
88819
88819
88821
88822
88821
88822
88823
88823
88827
88827
88829
88829
88830
88830
88808
88834
88834
88836
88836
88837
88839
88837
88840
88839
88840
88842
88842
88845
88845
88848
88848
88850
88850
88851
88851
88854
88854
88856
88856
88833
88859
88860
88861
88862
88863
88864
88865
88866
88867
88868
88858
88870
88871
88427
88873
88874
88875
88876
88874
88877
88875
88876
88879
88877
88882
88879
88882
88884
88884
88888
88888
88890
88890
88892
88892
88894
88894
88896
88896
88873
88899
88899
88900
88900
88903
88903
88904
88906
88907
88908
88909
88904
88906
88910
88913
88907
88908
88914
88909
88910
88913
88914
88917
88917
88898
88924
88925
88925
88927
88927
88929
88929
88930
88930
88933
88933
88935
88935
88936
88936
88938
88938
88940
88942
88940
88943
88942
88943
88945
88945
88924
88950
88950
88952
88952
88954
88954
88956
88957
88958
88956
88957
88958
88959
88963
88964
88959
88965
88967
88963
88964
88965
88967
88968
88968
88949
88975
88976
88976
88978
88979
88978
88980
88979
88982
88984
88980
88985
88982
88984
88985
88987
88987
88992
88992
88994
88994
88995
88995
88998
88998
88975
89001
89001
89003
89003
89004
89006
89004
89007
89009
89006
89010
89007
89009
89012
89010
89015
89012
89017
89015
89019
89017
89019
89021
89021
89000
89026
89027
89027
89029
89029
89031
89031
89033
89034
89033
89034
89035
89035
89039
89039
89041
89041
89043
89044
89045
89043
89044
89045
89046
89046
89026
89052
89053
89052
89054
89056
89053
89054
89056
89057
89057
89062
89063
89062
89064
89063
89066
89068
89069
89064
89066
89068
89069
89070
89070
89051
89077
89078
89078
89080
89081
89080
89081
89082
89082
89085
89085
89087
89089
89087
89089
89090
89093
89094
89095
89090
89093
89094
89095
89096
89096
89077
89103
89103
89104
89106
89107
89104
89106
89107
89108
89108
89113
89113
89115
89115
89117
89117
89119
89120
89119
89120
89121
89121
89125
89125
89102
89128
89129
89129
89130
89132
89133
89130
89132
89134
89137
89133
89134
89138
89137
89141
89138
89143
89141
89145
89147
89143
89145
89147
89148
89148
89128
89154
89154
89155
89155
89158
89159
89160
89161
89162
89163
89164
89165
89158
89166
89159
89160
89161
89162
89163
89164
89165
89166
89168
89168
89153
89179
89180
89181
89178
89183
89184
89185
89186
89187
89188
89189
89190
89191
89127
89193
89194
89195
89194
89196
89195
89196
89198
89198
89201
89203
89204
89205
89201
89206
89208
89209
89203
89204
89205
89206
89208
89209
89210
89210
89193
89219
89219
89221
89222
89221
89222
89223
89226
89227
89228
89229
89223
89226
89230
89227
89228
89233
89236
89229
89230
89233
89236
89237
89237
89218
89244
89245
89246
89247
89248
89249
89250
89251
89252
89253
89254
89255
89256
89257
89258
89259
89260
89261
89262
89263
89264
89265
89266
89267
89268
89269
89270
89271
89272
89273
89274
89275
89276
89243
89278
89279
89280
89281
89282
89283
89284
89285
89286
89287
89288
89289
89290
89291
89292
89293
89294
89295
89296
89297
89298
89299
89076
89301
89302
89303
89304
89302
89305
89303
89307
89309
89310
89304
89311
89313
89305
89307
89309
89310
89314
89311
89319
89313
89314
89319
89321
89321
89301
89327
89328
89329
89327
89330
89332
89333
89328
89329
89330
89332
89333
89334
89334
89341
89342
89341
89343
89345
89342
89343
89345
89346
89346
89326
89351
89353
89354
89355
89356
89357
89358
89359
89360
89361
89362
89363
89364
89365
89366
89367
89368
89369
89370
89025
89372
89373
89374
89375
89376
89377
89378
89379
89380
89381
89382
89383
89384
89385
89386
89387
89388
89389
89390
89391
89392
89393
88974
89395
89396
89396
89398
89398
89400
89400
89401
89401
89404
89404
89405
89405
89408
89409
89408
89409
89410
89410
89414
89414
89416
89416
89417
89417
89395
89421
89421
89423
89424
89425
89426
89423
89424
89425
89426
89427
89427
89433
89433
89434
89434
89436
89438
89436
89438
89439
89439
89442
89442
89420
89446
89447
89447
89449
89450
89451
89452
89449
89453
89455
89456
89457
89450
89458
89451
89460
89452
89453
89455
89456
89457
89458
89460
89462
89462
89446
89472
89473
89474
89472
89473
89474
89475
89475
89479
89479
89482
89482
89484
89484
89486
89487
89486
89487
89488
89491
89488
89491
89492
89492
89471
89497
89498
89498
89500
89501
89500
89501
89502
89502
89506
89506
89508
89509
89508
89510
89512
89513
89509
89514
89510
89512
89513
89514
89516
89516
89497
89523
89523
89525
89525
89526
89526
89529
89529
89531
89531
89532
89532
89535
89536
89535
89537
89536
89539
89537
89541
89539
89541
89543
89543
89547
89548
89549
89550
89551
89552
89553
89554
89555
89556
89557
89558
89559
89560
89561
89562
89496
89564
89565
89566
89567
89568
89569
89445
89571
89572
89572
89574
89574
89576
89576
89578
89578
89579
89581
89582
89583
89579
89581
89584
89587
89582
89583
89584
89587
89588
89588
89593
89593
89571
89597
89597
89599
89599
89601
89601
89603
89603
89605
89605
89607
89608
89607
89609
89608
89611
89613
89614
89609
89611
89613
89614
89615
89615
89596
89622
89623
89624
89625
89626
89627
89628
89629
89630
89631
89621
89633
89634
89635
88923
89637
89638
89638
89639
89641
89642
89639
89643
89641
89645
89647
89642
89643
89645
89648
89652
89647
89648
89652
89653
89657
89653
89657
89658
89658
89637
89663
89664
89665
89663
89666
89668
89664
89665
89666
89668
89669
89669
89675
89676
89677
89675
89676
89677
89678
89678
89682
89682
89685
89685
89662
89688
89689
89690
89687
89692
89693
89694
89695
89696
89697
89698
89699
89700
89701
89702
89703
89704
89705
89706
89707
89708
89709
89710
89711
89712
89713
89714
89715
89716
89717
89718
89719
89720
89721
89722
89723
89724
89725
89726
89727
89728
89729
89730
89731
89732
89733
89734
82727
89736
89737
89737
89739
89739
89741
89741
89742
89742
89744
89746
89744
89747
89746
89747
89749
89752
89749
89753
89752
89755
89753
89755
89757
89757
89736
89762
89763
89764
89765
89762
89763
89766
89769
89764
89765
89770
89773
89766
89769
89774
89777
89778
89770
89773
89774
89777
89778
89779
89779
89761
89787
89788
89788
89790
89791
89790
89791
89792
89795
89796
89792
89795
89796
89797
89797
89801
89801
89803
89803
89806
89807
89806
89807
89808
89808
89787
89813
89813
89815
89815
89817
89818
89817
89818
89819
89819
89822
89822
89825
89825
89827
89827
89829
89829
89830
89830
89832
89832
89834
89834
89812
89837
89839
89840
89841
89842
89843
89844
89845
89846
89847
89848
89849
89850
89851
89852
89853
89854
89855
89856
89857
89858
89859
89860
89861
89862
89863
89864
89865
89866
89867
89868
89869
89870
89871
89872
89873
89874
89875
89876
89877
89878
89879
89880
89881
89786
89883
89884
89885
89886
89887
89888
89889
89890
89891
89892
89893
89894
89895
89896
89897
89898
89899
89900
89901
89902
89903
89904
89905
89906
89907
89908
89909
76502
89911
89912
89912
89914
89914
89916
89916
89917
89917
89919
89919
89922
89922
89924
89924
89926
89926
89928
89928
89930
89930
89931
89931
89934
89934
89911
89937
89937
89939
89939
89941
89941
89943
89943
89945
89945
89947
89947
89949
89949
89950
89950
89952
89952
89955
89956
89955
89956
89957
89957
89936
89962
89963
89964
89965
89966
89967
89968
89969
89970
89971
89961
89973
89974
89974
89976
89977
89976
89977
89978
89978
89981
89981
89984
89984
89985
89985
89987
89987
89990
89990
89991
89991
89993
89993
89996
89996
89973
89999
90000
89999
90001
90000
90001
90003
90006
90007
90008
90003
90006
90009
90012
90013
90007
90014
90008
90009
90012
90013
90014
90016
90016
89998
90024
90025
90026
90027
90028
90029
90025
90030
90026
90032
90034
90027
90028
90029
90030
90035
90032
90040
90034
90035
90040
90042
90042
90047
90047
90024
90050
90051
90052
90053
90054
90055
90050
90051
90056
90052
90059
90053
90054
90061
90055
90056
90064
90067
90059
90061
90064
90067
90068
90068
90049
90075
90076
90077
90076
90077
90078
90078
90082
90082
90083
90083
90086
90087
90088
90086
90089
90087
90091
90088
90093
90089
90091
90093
90095
90095
90075
90101
90101
90103
90104
90105
90106
90107
90108
90103
90104
90105
90106
90109
90114
90107
90115
90117
90108
90109
90114
90115
90117
90118
90118
90100
90126
90127
90128
90129
90130
90131
90132
90133
90134
90135
90136
90137
90138
90139
90140
90141
90142
90143
90144
90145
90146
90147
90148
90149
90150
90151
90152
90153
90154
90155
90156
90157
90158
90159
90160
90161
90162
90163
90164
90165
90166
90125
90168
90169
90170
90171
90172
90173
90174
90175
90176
90177
90178
90179
90180
90181
90182
90183
90184
90185
90186
90187
90188
90189
90190
90191
90192
90193
90194
90195
90196
90197
90198
90199
90200
90201
90202
90203
90204
90205
90206
90207
90208
90209
90210
90211
90212
90213
90074
90215
90216
90216
90218
90219
90220
90218
90219
90220
90221
90221
90225
90225
90228
90228
90230
90231
90230
90232
90234
90231
90232
90234
90235
90235
90215
90241
90241
90243
90244
90243
90244
90245
90245
90249
90250
90249
90251
90253
90250
90254
90251
90256
90253
90258
90254
90256
90258
90260
90260
90240
90266
90267
90268
90269
90270
90271
90272
90273
90274
90275
90276
90277
90278
90279
90280
90281
90282
90283
90284
90285
90286
90265
90288
90289
90289
90291
90292
90291
90292
90293
90293
90297
90298
90297
90298
90299
90302
90299
90302
90303
90303
90307
90308
90307
90308
90309
90309
90288
90314
90315
90316
90314
90317
90319
90315
90316
90317
90320
90324
90319
90325
90327
90328
90320
90329
90324
90325
90327
90328
90329
90331
90331
90313
90339
90340
90341
90342
90343
90344
90345
90346
90347
90348
90349
90350
90351
90352
90353
90354
90355
90356
90357
90358
90359
90360
90361
90362
90363
90364
90365
90366
90367
90368
90369
90370
90371
90372
90373
90374
90375
90376
90338
90378
90379
90380
90381
90382
90383
90384
90385
90386
90387
90388
90389
90390
90391
90392
90393
90394
90395
90396
90397
90398
90399
90400
90401
90402
90403
90404
90405
90406
90407
90408
90409
90410
90411
90412
90413
90414
90415
90416
90023
90418
90419
90419
90421
90421
90423
90424
90423
90424
90425
90425
90428
90428
90431
90431
90433
90433
90434
90436
90434
90436
90437
90437
90440
90440
90418
90444
90444
90446
90446
90447
90447
90450
90450
90452
90452
90454
90454
90456
90456
90457
90459
90457
90460
90462
90459
90460
90462
90463
90463
90443
90469
90470
90470
90472
90473
90472
90474
90473
90474
90476
90476
90479
90481
90482
90483
90484
90485
90479
90481
90482
90483
90484
90485
90486
90486
90469
90495
90496
90497
90495
90496
90497
90498
90502
90498
90503
90502
90505
90503
90505
90507
90510
90507
90511
90513
90510
90511
90513
90514
90514
90519
90520
90521
90522
90523
90524
90525
90468
90527
90528
90528
90530
90530
90532
90532
90534
90534
90535
90535
90538
90538
90540
90541
90542
90543
90540
90541
90544
90542
90543
90544
90547
90547
90527
90553
90553
90555
90555
90557
90557
90559
90560
90561
90559
90562
90560
90561
90562
90564
90568
90564
90569
90568
90569
90571
90571
90574
90574
90552
90578
90579
90580
90581
90582
90583
90584
90577
90586
90587
90587
90589
90589
90591
90591
90593
90593
90594
90594
90597
90598
90597
90599
90601
90598
90602
90599
90601
90602
90604
90604
90609
90609
90586
90612
90612
90614
90614
90616
90616
90618
90618
90620
90620
90621
90623
90621
90623
90624
90624
90628
90628
90630
90630
90632
90632
90633
90633
90611
90637
90638
90639
90640
90641
90642
90643
90644
90645
90646
90647
90648
90649
90650
90651
90652
90636
90654
90655
90656
90657
65668
90659
90660
90661
90662
90660
90661
90662
90663
90663
90668
90668
90670
90671
90670
90671
90672
90672
90676
90676
90677
90677
90679
90679
90682
90682
90659
90685
90685
90686
90688
90689
90686
90690
90688
90689
90690
90692
90692
90697
90697
90699
90699
90701
90701
90702
90704
90702
90704
90705
90705
90684
90710
90711
90712
90711
90713
90712
90713
90715
90715
90719
90719
90721
90721
90723
90723
90725
90725
90727
90727
90728
90730
90728
90730
90731
90731
90710
90736
90737
90738
90739
90740
90741
90736
90737
90738
90739
90742
90747
90740
90748
90750
90741
90742
90751
90747
90748
90750
90751
90754
90754
90735
90761
90762
90762
90763
90763
90766
90767
90768
90766
90769
90771
90772
90773
90767
90774
90768
90776
90769
90771
90772
90773
90774
90776
90778
90778
90761
90787
90787
90788
90790
90788
90790
90791
90791
90795
90795
90797
90797
90799
90799
90801
90801
90803
90804
90803
90805
90804
90805
90807
90807
90786
90812
90813
90814
90815
90816
90817
90818
90819
90820
90821
90822
90823
90824
90825
90826
90827
90828
90829
90830
90831
90832
90833
90834
90835
90836
90837
90838
90839
90840
90841
90842
90843
90844
90845
90846
90847
90848
90849
90850
90811
90852
90853
90853
90854
90854
90856
90856
90858
90858
90860
90862
90860
90863
90862
90863
90865
90865
90869
90869
90871
90871
90873
90873
90875
90875
90852
90878
90878
90880
90880
90882
90882
90883
90883
90886
90887
90886
90887
90888
90888
90892
90893
90894
90892
90893
90894
90895
90895
90899
90899
90877
90903
90904
90904
90906
90906
90908
90908
90909
90909
90912
90913
90914
90912
90913
90914
90915
90915
90920
90921
90922
90920
90921
90922
90923
90923
90903
90929
90929
90931
90931
90933
90933
90934
90934
90937
90938
90939
90937
90940
90938
90942
90944
90945
90939
90940
90942
90944
90945
90946
90946
90928
90954
90955
90956
90953
90958
90959
90960
90961
90962
90963
90964
90965
90902
90967
90968
90969
90968
90970
90972
90973
90974
90975
90976
90977
90978
90979
90969
90970
90972
90973
90974
90975
90976
90977
90978
90979
90980
90980
90967
90993
90993
90995
90995
90996
90996
90999
90999
91001
91001
91003
91003
91005
91005
91007
91008
91009
91010
91007
91008
91009
91010
91011
91011
90992
91018
91019
91020
91021
91022
91023
91024
91025
91026
91027
91028
91029
91030
91031
91032
91033
91034
91035
91036
91037
91017
91039
91040
91041
91042
91043
91044
91045
91046
91047
91048
91049
91050
91051
91052
91053
91054
91055
91056
91057
91058
91059
91060
91061
91062
90760
91064
91065
91065
91067
91067
91068
91068
91071
91071
91072
91074
91075
91076
91077
91078
91072
91079
91074
91075
91076
91077
91078
91079
91081
91081
91064
91090
91090
91091
91091
91094
91094
91096
91097
91096
91097
91098
91098
91102
91102
91104
91104
91105
91107
91105
91108
91107
91108
91110
91110
91089
91115
91116
91117
91118
91119
91120
91121
91122
91123
91124
91125
91126
91127
91128
91129
91130
91131
91132
91133
91134
91135
91136
91137
91138
91139
91140
91141
91142
91143
91144
91145
91146
91147
91148
91149
91150
91151
91152
91153
91154
91155
91156
91157
91158
91159
91160
91161
91162
91114
91164
91165
91166
91165
91167
91166
91167
91169
91172
91173
91174
91175
91169
91172
91173
91176
91180
91181
91174
91175
91176
91180
91181
91182
91182
91164
91190
91191
91190
91192
91191
91192
91194
91194
91198
91198
91200
91200
91201
91201
91203
91205
91206
91203
91205
91207
91206
91207
91210
91210
91189
91215
91216
91217
91218
91219
91220
91221
91222
91223
91224
91225
91226
91227
91228
91229
91230
91231
91232
91233
91234
91235
91236
91237
91238
91239
91240
91214
91242
91243
91244
91243
91245
91244
91245
91247
91247
91251
91252
91251
91253
91252
91253
91255
91255
91259
91259
91261
91261
91262
91262
91265
91265
91242
91268
91268
91269
91271
91272
91269
91273
91271
91275
91277
91278
91272
91273
91275
91279
91283
91277
91278
91279
91284
91283
91284
91288
91288
91267
91293
91292
91295
91296
90709
91298
91299
91299
91301
91301
91302
91302
91304
91306
91307
91304
91306
91308
91311
91312
91307
91313
91308
91311
91312
91313
91315
91315
91320
91320
91298
91324
91325
91326
91327
91324
91325
91328
91326
91331
91327
91333
91335
91328
91336
91338
91339
91331
91333
91335
91336
91338
91339
91340
91340
91323
91349
91350
91351
91352
91350
91351
91352
91353
91353
91358
91358
91360
91361
91362
91360
91361
91362
91363
91367
91368
91363
91367
91368
91369
91369
91349
91375
91375
91377
91377
91378
91380
91381
91382
91383
91384
91385
91378
91380
91381
91382
91383
91386
91384
91392
91385
91386
91392
91394
91394
91374
91400
91401
91402
91403
91404
91405
91406
91407
91408
91409
91410
91411
91412
91413
91414
91415
91416
91417
91418
91419
91420
91421
91422
91399
91424
91425
91426
91427
91428
91429
91430
91431
91432
91433
91434
91435
91436
91437
91438
91439
91440
91441
91442
91443
91444
91445
91446
91447
91348
91449
91450
91451
91452
91450
91453
91455
91456
91451
91452
91457
91453
91455
91456
91457
91460
91465
91466
91460
91465
91466
91467
91467
91472
91472
91449
91475
91475
91476
91476
91479
91480
91481
91482
91483
91484
91485
91486
91479
91480
91481
91487
91482
91483
91484
91485
91486
91487
91491
91491
91474
91500
91501
91502
91503
91504
91505
91499
91507
91508
91508
91509
91511
91509
91512
91511
91512
91514
91514
91518
91518
91519
91519
91521
91521
91524
91524
91525
91525
91528
91528
91529
91529
91507
91533
91533
91534
91534
91537
91537
91538
91538
91540
91540
91543
91544
91545
91546
91543
91544
91545
91546
91547
91547
91553
91553
91555
91555
91557
61710
91559
91560
91560
91562
91562
91563
91565
91563
91565
91566
91566
91570
91570
91571
91571
91574
91574
91576
91576
91577
91577
91580
91580
91582
91582
91559
91585
91585
91587
91587
91589
91589
91591
91591
91593
91593
91594
91596
91594
91596
91597
91597
91601
91601
91603
91603
91605
91605
91607
91607
91584
91610
91611
91611
91612
91612
91615
91616
91617
91618
91615
91619
91616
91617
91618
91619
91621
91621
91627
91628
91627
91629
91628
91629
91631
91631
91610
91636
91636
91637
91637
91640
91640
91641
91641
91643
91643
91645
91645
91647
91649
91650
91647
91651
91649
91653
91650
91651
91653
91655
91655
91635
91661
91662
91663
91664
91665
91666
91667
91668
91669
91670
91671
91672
91673
91674
91675
91676
91677
91678
91679
91680
91681
91682
91683
91684
91685
91686
91687
91688
91689
91690
91691
91692
91693
91694
91695
91696
91697
91698
91699
91700
91701
91702
91703
91660
91705
91706
91706
91708
91708
91710
91710
91712
91712
91714
91714
91716
91716
91718
91718
91719
91719
91722
91722
91724
91724
91726
91726
91727
91727
91705
91731
91731
91733
91733
91734
91734
91737
91737
91739
91739
91741
91741
91743
91743
91745
91745
91747
91748
91749
91747
91748
91749
91750
91750
91730
91756
91757
91757
91758
91758
91761
91761
91762
91764
91765
91762
91764
91766
91769
91765
91766
91770
91773
91769
91774
91770
91773
91774
91776
91776
91756
91782
91782
91783
91783
91785
91785
91787
91789
91787
91789
91790
91790
91794
91794
91796
91796
91798
91799
91798
91799
91800
91800
91803
91803
91781
91807
91808
91809
91810
91811
91812
91813
91814
91815
91816
91817
91818
91819
91820
91821
91822
91823
91824
91825
91826
91827
91828
91829
91830
91831
91832
91833
91834
91835
91836
91837
91838
91839
91840
91841
91842
91843
91844
91845
91846
91847
91806
91849
91850
91851
91850
91852
91851
91854
91856
91852
91854
91857
91856
91860
91862
91857
91863
91860
91862
91865
91863
91865
91868
91868
91871
91871
91849
91875
91876
91875
91876
91877
91877
91881
91881
91883
91883
91885
91885
91887
91888
91889
91887
91888
91890
91889
91890
91893
91893
91897
91897
91874
91900
91899
91902
91903
91904
91905
91906
91907
91908
91909
91910
91911
91912
91913
91914
91915
91916
91917
91918
91919
91920
91921
91922
91923
91924
91925
91926
91927
91928
91755
91930
91931
91932
91933
91934
91935
91936
91937
91938
91939
91940
91941
91942
91943
91944
91945
91946
91947
91948
91949
91950
91951
91609
91953
91954
91954
91955
91955
91957
91959
91957
91960
91959
91962
91964
91960
91965
91962
91967
91969
91964
91965
91967
91970
91969
91970
91974
91974
91953
91979
91980
91979
91980
91981
91981
91985
91985
91987
91987
91989
91989
91990
91990
91992
91992
91995
91995
91996
91998
91996
91998
91999
91999
91978
92004
92005
92005
92007
92007
92009
92010
92011
92012
92013
92009
92014
92016
92017
92010
92011
92012
92018
92013
92014
92016
92017
92018
92022
92022
92004
92030
92030
92031
92031
92033
92035
92036
92033
92035
92037
92036
92037
92040
92040
92044
92044
92046
92046
92047
92049
92047
92049
92050
92050
92029
92055
92056
92057
92058
92056
92057
92058
92059
92059
92063
92063
92065
92067
92068
92065
92069
92071
92072
92067
92068
92069
92071
92072
92073
92073
92055
92081
92081
92083
92083
92084
92084
92087
92087
92089
92089
92090
92092
92093
92090
92092
92094
92097
92093
92094
92097
92098
92098
92102
92102
92080
92106
92107
92107
92108
92108
92111
92111
92113
92114
92113
92114
92115
92115
92119
92119
92120
92120
92122
92122
92125
92125
92127
92127
92129
92129
92106
92132
92132
92134
92135
92134
92136
92138
92139
92135
92136
92138
92139
92140
92145
92146
92147
92140
92145
92146
92148
92147
92148
92152
92152
92131
92157
92158
92159
92158
92160
92159
92160
92162
92165
92162
92166
92165
92168
92170
92166
92171
92168
92170
92173
92176
92171
92173
92176
92177
92177
92157
92183
92184
92183
92185
92187
92184
92185
92188
92191
92187
92192
92194
92195
92188
92196
92198
92191
92192
92194
92195
92196
92198
92199
92199
92182
92208
92209
92210
92211
92212
92213
92214
92215
92216
92217
92218
92219
92220
92221
92222
92223
92224
92225
92226
92227
92228
92229
92230
92231
92232
92233
92234
92235
92236
92237
92238
92239
92240
92241
92242
92243
92244
92245
92246
92247
92248
92249
92207
92251
92252
92253
92252
92254
92256
92253
92254
92256
92257
92257
92262
92263
92264
92265
92262
92266
92263
92264
92265
92268
92266
92268
92272
92272
92251
92277
92277
92279
92279
92280
92280
92283
92283
92285
92286
92287
92285
92288
92286
92287
92288
92290
92294
92290
92294
92295
92295
92299
92299
92276
92302
92303
92304
92305
92306
92307
92308
92309
92310
92301
92312
92313
92314
92313
92314
92315
92318
92319
92315
92318
92320
92323
92324
92319
92320
92325
92328
92329
92323
92324
92325
92328
92329
92330
92330
92312
92338
92339
92338
92340
92339
92340
92342
92342
92346
92347
92346
92348
92350
92351
92347
92348
92350
92351
92352
92357
92352
92357
92358
92358
92337
92363
92364
92362
92156
92367
92368
92368
92370
92370
92372
92372
92374
92374
92375
92377
92378
92375
92377
92378
92379
92379
92384
92384
92386
92387
92386
92387
92388
92388
92367
92393
92393
92395
92396
92397
92398
92399
92395
92396
92400
92397
92398
92403
92399
92406
92408
92400
92409
92403
92406
92408
92409
92411
92411
92392
92418
92419
92420
92419
92420
92421
92421
92425
92425
92427
92427
92429
92430
92431
92432
92429
92433
92435
92430
92431
92432
92433
92435
92436
92436
92418
92444
92444
92446
92446
92448
92448
92450
92450
92452
92452
92453
92453
92455
92455
92457
92457
92459
92459
92462
92463
92462
92463
92464
92464
92443
92469
92470
92470
92472
92472
92473
92473
92475
92475
92478
92479
92478
92479
92480
92480
92484
92484
92486
92487
92486
92488
92487
92488
92490
92490
92469
92495
92495
92496
92496
92499
92500
92501
92502
92499
92500
92503
92506
92501
92507
92509
92510
92502
92503
92506
92507
92509
92510
92511
92511
92494
92520
92521
92522
92523
92524
92525
92526
92527
92528
92529
92530
92531
92519
92533
92534
92535
92468
92537
92538
92538
92540
92541
92542
92540
92541
92543
92542
92546
92548
92549
92550
92551
92543
92546
92552
92548
92549
92550
92551
92552
92555
92555
92537
92563
92563
92565
92565
92566
92566
92569
92569
92571
92572
92573
92574
92571
92575
92572
92573
92577
92574
92580
92575
92577
92580
92582
92582
92562
92588
92589
92587
92591
92592
92593
92594
92595
92596
92597
92598
92599
92600
92601
92602
92603
92604
92605
92606
92607
92608
92609
92610
92611
92417
92613
92614
92614
92615
92615
92618
92619
92618
92619
92620
92620
92624
92624
92626
92627
92628
92629
92626
92627
92628
92629
92630
92630
92636
92636
92613
92639
92640
92641
92639
92642
92640
92641
92644
92647
92648
92642
92644
92647
92648
92649
92649
92655
92655
92656
92656
92659
92659
92660
92660
92638
92664
92665
92665
92666
92666
92669
92670
92669
92671
92673
92670
92674
92671
92673
92674
92676
92676
92681
92682
92681
92682
92683
92683
92686
92686
92664
92690
92690
92692
92693
92694
92695
92696
92697
92692
92693
92698
92694
92701
92695
92696
92703
92697
92706
92698
92701
92703
92706
92708
92708
92689
92714
92663
92717
92718
92719
92720
92721
92722
92723
92724
92725
92726
92727
92728
92729
92730
92731
92105
92733
92734
92734
92736
92736
92738
92738
92739
92739
92742
92742
92744
92744
92745
92745
92748
92748
92750
92750
92752
92752
92754
92754
92756
92756
92733
92759
92759
92760
92760
92763
92763
92765
92765
92767
92767
92768
92768
92770
92770
92773
92774
92773
92775
92774
92777
92775
92777
92779
92779
92758
92784
92785
92785
92787
92788
92789
92787
92788
92790
92793
92794
92789
92795
92797
92798
92790
92799
92793
92794
92795
92797
92798
92799
92801
92801
92784
92810
92810
92812
92813
92814
92815
92816
92812
92813
92814
92817
92821
92822
92815
92816
92823
92817
92826
92821
92822
92823
92826
92828
92828
92809
92835
92836
92837
92838
92839
92836
92840
92837
92842
92844
92838
92839
92845
92848
92849
92850
92840
92842
92844
92845
92848
92849
92850
92851
92851
92835
92861
92861
92862
92862
92865
92865
92867
92867
92868
92868
92871
92871
92873
92874
92875
92873
92876
92878
92874
92875
92876
92878
92879
92879
92860
92886
92887
92888
92889
92890
92891
92892
92893
92894
92895
92896
92897
92898
92899
92900
92901
92902
92903
92904
92905
92906
92907
92908
92909
92910
92911
92912
92913
92914
92915
92916
92917
92918
92919
92920
92921
92922
92923
92924
92925
92926
92927
92928
92929
92930
92931
92932
92933
92934
92885
92936
92937
92937
92938
92938
92941
92941
92943
92943
92944
92944
92946
92946
92948
92948
92951
92951
92952
92952
92955
92955
92957
92957
92959
92959
92936
92962
92962
92964
92964
92966
92967
92968
92966
92967
92968
92969
92973
92969
92974
92976
92977
92973
92978
92974
92976
92977
92978
92980
92980
92961
92986
92988
92989
92834
92991
92992
92992
92994
92994
92995
92995
92997
92997
92999
93001
92999
93001
93002
93002
93006
93006
93008
93008
93009
93009
93012
93012
93014
93014
92991
93017
93018
93019
93017
93020
93022
93018
93019
93020
93023
93027
93022
93023
93028
93027
93031
93033
93028
93031
93033
93034
93034
93039
93039
93016
93042
93043
93043
93044
93044
93047
93047
93048
93048
93051
93051
93053
93054
93055
93053
93056
93058
93054
93055
93059
93056
93058
93059
93062
93062
93042
93068
93068
93070
93070
93071
93071
93074
93074
93076
93076
93077
93077
93080
93080
93082
93083
93084
93082
93083
93085
93084
93085
93088
93088
93092
93093
93041
93095
93096
93097
93098
93099
93100
93101
92783
93103
93104
93104
93105
93105
93107
93107
93110
93110
93111
93113
93111
93113
93114
93114
93118
93118
93119
93119
93121
93123
93121
93123
93124
93124
93103
93129
93129
93131
93131
93133
93134
93133
93134
93135
93135
93138
93138
93140
93140
93142
93142
93145
93145
93146
93146
93148
93148
93150
93150
93128
93154
93155
93155
93157
93157
93158
93158
93161
93161
93163
93163
93165
93166
93167
93165
93168
93166
93170
93167
93172
93168
93170
93172
93174
93174
93154
93180
93181
93182
93183
93180
93184
93181
93182
93183
93184
93186
93191
93186
93192
93194
93195
93196
93191
93192
93194
93195
93196
93197
93197
93179
93205
93206
93207
93208
93209
93210
93211
93212
93204
93214
93215
93215
93217
93217
93219
93220
93219
93220
93221
93221
93225
93225
93227
93227
93229
93229
93231
93231
93233
93233
93235
93235
93236
93236
93214
93240
93240
93242
93242
93244
93244
93246
93246
93247
93249
93247
93249
93250
93250
93254
93254
93256
93256
93258
93258
93260
93260
93261
93261
93239
93265
93266
93267
93268
93269
93270
93271
93272
93273
93274
93275
93276
93277
93278
93279
93280
93281
93282
93283
93284
93285
93286
93287
93288
93289
93290
93291
93264
93293
93294
93295
93296
93297
93298
93299
93300
93301
93302
93303
93304
93305
93306
93307
93308
93309
93153
93311
93312
93312
93314
93315
93316
93314
93315
93316
93317
93317
93321
93321
93324
93324
93326
93326
93328
93328
93329
93329
93332
93332
93334
93334
93311
93337
93338
93339
93337
93338
93340
93343
93339
93344
93340
93346
93343
93344
93346
93348
93348
93353
93353
93354
93354
93356
93356
93358
93358
93336
93362
93363
93364
93365
93366
93367
93368
93369
93370
93371
93372
93373
93374
93375
93376
93377
93378
93379
93380
93381
93382
93383
93384
93385
93361
93387
93388
93389
93390
93391
93392
93393
93394
93395
93396
93397
93398
93399
93400
93401
93402
93403
93404
93405
93406
92054
93408
93409
93409
93411
93411
93413
93413
93415
93415
93416
93416
93419
93420
93421
93419
93422
93424
93425
93420
93421
93422
93424
93425
93426
93426
93408
93434
93434
93435
93435
93438
93438
93440
93441
93442
93440
93441
93442
93443
93443
93447
93447
93450
93451
93452
93450
93451
93452
93453
93453
93433
93459
93460
93460
93462
93462
93463
93463
93466
93466
93467
93467
93470
93470
93472
93473
93474
93475
93472
93473
93474
93475
93476
93476
93481
93481
93459
93485
93485
93487
93487
93489
93490
93491
93492
93493
93494
93489
93490
93495
93498
93491
93499
93492
93493
93494
93495
93498
93499
93501
93501
93484
93510
93511
93511
93513
93513
93515
93516
93517
93518
93515
93519
93521
93516
93517
93522
93518
93519
93521
93522
93525
93525
93531
93531
93532
93532
93510
93536
93536
93537
93539
93540
93537
93541
93539
93540
93543
93546
93541
93543
93547
93546
93547
93550
93550
93554
93554
93556
93556
93557
93557
93535
93561
93562
93563
93564
93565
93566
93567
93568
93569
93570
93571
93572
93573
93574
93575
93576
93577
93578
93579
93580
93581
93582
93583
93584
93585
93586
93587
93588
93589
93590
93591
93592
93593
93594
93595
93596
93597
93598
93599
93560
93601
93602
93602
93604
93604
93605
93605
93607
93607
93610
93610
93612
93612
93613
93615
93616
93617
93618
93613
93615
93616
93617
93618
93619
93619
93601
93627
93627
93628
93630
93628
93630
93631
93631
93635
93635
93637
93637
93638
93638
93641
93641
93642
93642
93645
93646
93645
93646
93647
93647
93626
93652
93653
93653
93655
93655
93657
93658
93657
93659
93658
93659
93661
93661
93664
93664
93667
93667
93668
93668
93670
93670
93673
93673
93675
93675
93652
93678
93678
93680
93681
93682
93683
93680
93681
93682
93684
93688
93683
93684
93688
93689
93689
93693
93695
93693
93695
93696
93696
93700
93700
93677
93703
93704
93705
93706
93707
93704
93705
93708
93711
93706
93712
93707
93708
93714
93717
93718
93719
93711
93712
93714
93717
93718
93719
93720
93720
93703
93729
93730
93731
93729
93732
93734
93735
93730
93736
93731
93738
93732
93734
93740
93735
93736
93743
93746
93738
93740
93743
93746
93747
93747
93728
93754
93755
93756
93757
93758
93759
93760
93761
93762
93763
93764
93765
93766
93753
93768
93769
93770
93771
93772
93773
93774
93775
93776
93777
93778
93779
93780
93781
93782
93783
93784
93785
93786
93787
93788
93789
93790
93702
93792
93793
93793
93795
93795
93797
93797
93798
93798
93801
93801
93802
93802
93804
93804
93807
93807
93808
93808
93811
93811
93813
93813
93815
93815
93792
93818
93818
93820
93820
93822
93822
93824
93824
93826
93826
93827
93827
93829
93829
93832
93832
93833
93835
93833
93836
93835
93836
93838
93838
93817
93843
93844
93845
93846
93847
93848
93849
93850
93851
93852
93853
93854
93855
93856
93857
93858
93859
93860
93861
93862
93863
93864
93865
93866
93867
93868
93869
93870
93842
93872
93873
93874
93875
93876
93877
93878
93879
93880
93881
93651
93883
93884
93885
93886
93887
93888
93889
93890
93891
93892
93893
93894
93895
93896
93897
93898
93899
93900
93901
93902
93903
93904
93905
93906
93907
93908
93909
93910
93911
93912
93913
93914
93915
93916
93917
93918
93919
93920
93921
93922
93923
93924
93925
93926
93927
93928
93929
93930
93509
93932
93933
93933
93935
93935
93936
93936
93939
93939
93941
93942
93943
93944
93945
93946
93947
93941
93942
93943
93944
93945
93946
93947
93948
93948
93932
93958
93958
93960
93960
93962
93962
93963
93963
93966
93966
93968
93968
93970
93970
93971
93971
93973
93973
93976
93976
93978
93978
93979
93979
93957
93983
93984
93984
93985
93987
93985
93988
93987
93988
93990
93993
93990
93994
93996
93993
93997
93999
93994
94000
93996
93997
93999
94000
94002
94002
93983
94009
94010
94009
94011
94013
94014
94015
94016
94010
94017
94011
94019
94021
94022
94013
94014
94015
94016
94017
94019
94021
94022
94023
94023
94008
94034
94035
94036
94037
94038
94039
94040
94041
94042
94043
94044
94045
94033
94047
94048
94049
94050
94051
94052
94053
94054
94055
94056
94057
94058
94059
94060
94061
94062
94063
94064
94065
94066
94067
94068
94069
94070
94071
94072
94073
94074
94075
94076
94077
94078
94079
94080
94081
94082
94083
94084
94085
94086
94087
94088
94089
94090
94091
94092
94093
93982
94095
94096
94097
94098
94099
94100
94101
94102
94103
94104
94105
94106
94107
94108
94109
94110
94111
94112
94113
94114
94115
94116
94117
94118
94119
93458
94121
94122
94123
94124
94125
94122
94123
94124
94125
94126
94126
94132
94132
94134
94134
94136
94137
94136
94137
94138
94138
94142
94142
94144
94144
94121
94147
94148
94149
94147
94150
94148
94152
94149
94150
94152
94154
94154
94159
94159
94160
94162
94163
94164
94160
94162
94163
94164
94165
94165
94146
94172
94173
94174
94173
94174
94175
94175
94178
94178
94180
94182
94180
94182
94183
94183
94187
94187
94188
94190
94188
94191
94190
94191
94193
94193
94172
94198
94198
94200
94200
94202
94202
94204
94204
94206
94206
94208
94208
94210
94210
94212
94212
94213
94213
94216
94216
94217
94217
94219
94219
94197
94223
94224
94225
94224
94225
94226
94229
94226
94229
94230
94230
94234
94234
94236
94236
94238
94238
94239
94239
94242
94242
94244
94244
94245
94245
94223
94249
94249
94251
94251
94253
94254
94253
94255
94257
94258
94254
94255
94257
94258
94259
94259
94265
94266
94267
94265
94266
94267
94268
94268
94248
94274
94275
94275
94277
94277
94278
94278
94281
94281
94282
94282
94285
94285
94287
94287
94288
94288
94291
94291
94293
94294
94293
94294
94295
94295
94274
94300
94300
94302
94302
94304
94304
94306
94306
94307
94309
94307
94310
94309
94310
94312
94312
94316
94317
94318
94316
94317
94318
94319
94319
94299
94325
94326
94326
94327
94329
94327
94329
94330
94330
94333
94333
94335
94335
94338
94338
94340
94341
94340
94342
94344
94341
94342
94344
94345
94345
94325
94351
94351
94352
94354
94352
94355
94354
94357
94359
94355
94360
94357
94359
94360
94362
94362
94367
94367
94369
94369
94371
94371
94372
94372
94350
94376
94377
94378
94379
94380
94381
94382
94383
94384
94385
94386
94387
94388
94389
94390
94391
94392
94393
94394
94395
94396
94397
94398
94399
94400
94401
94402
94403
94404
94405
94406
94407
94408
94409
94410
94411
94412
94413
94414
94415
94416
94417
94418
94419
94420
94421
94422
94423
94424
94425
94375
94427
94428
94429
94428
94430
94432
94429
94430
94432
94433
94433
94438
94438
94440
94441
94440
94441
94442
94442
94445
94445
94448
94448
94449
94449
94427
94453
94453
94455
94455
94457
94457
94458
94460
94458
94460
94461
94461
94465
94465
94467
94467
94469
94470
94471
94469
94470
94471
94472
94472
94452
94478
94479
94480
94481
94479
94482
94480
94481
94484
94487
94488
94482
94484
94489
94487
94488
94489
94492
94492
94497
94497
94499
94499
94500
94500
94478
94504
94504
94505
94507
94505
94508
94507
94510
94508
94510
94512
94515
94512
94515
94516
94519
94520
94521
94516
94519
94520
94521
94522
94522
94503
94529
94530
94531
94532
94533
94534
94535
94528
94537
94538
94538
94540
94540
94542
94542
94544
94544
94546
94547
94546
94548
94547
94548
94550
94550
94554
94554
94556
94556
94558
94558
94559
94559
94537
94563
94563
94565
94566
94565
94567
94566
94567
94569
94572
94569
94573
94575
94572
94576
94578
94579
94573
94575
94576
94578
94579
94580
94580
94562
94588
94589
94590
94591
94592
94593
94594
94595
94596
94597
94598
94599
94600
94601
94602
94603
94604
94605
94606
94607
94608
94609
94610
94611
94612
94613
94614
94615
94616
94617
94618
94619
94620
94621
94622
94623
94624
94625
94626
94587
94628
94629
94630
94631
94632
94633
94634
94635
94636
94637
94638
94639
94640
94641
94642
94643
94644
94645
94646
94647
94648
94649
94650
94651
94652
94653
94654
94655
94656
94657
94658
94659
94660
94661
94662
94663
94664
94665
94666
94667
94668
94669
94477
94671
94672
94672
94673
94673
94676
94676
94678
94678
94679
94679
94682
94682
94683
94683
94686
94686
94687
94687
94690
94690
94692
94692
94694
94694
94671
94697
94697
94699
94700
94701
94702
94703
94704
94699
94700
94705
94708
94709
94710
94701
94702
94703
94704
94705
94708
94709
94710
94711
94711
94696
94722
94723
94723
94725
94725
94727
94728
94727
94729
94728
94731
94729
94731
94733
94733
94736
94738
94739
94736
94740
94738
94739
94740
94742
94742
94722
94748
94748
94750
94750
94752
94752
94754
94754
94756
94756
94757
94757
94760
94760
94762
94762
94763
94763
94765
94765
94768
94768
94769
94769
94772
94773
94774
94775
94776
94777
94778
94779
94780
94781
94782
94783
94784
94785
94786
94787
94788
94721
94790
94791
94792
94793
94794
94791
94795
94792
94797
94793
94794
94799
94802
94795
94803
94797
94805
94807
94799
94802
94803
94805
94807
94808
94808
94790
94816
94816
94818
94819
94820
94818
94819
94821
94824
94825
94820
94821
94824
94826
94830
94825
94831
94826
94833
94830
94831
94833
94835
94835
94815
94841
94842
94842
94843
94843
94846
94846
94847
94847
94849
94849
94852
94853
94854
94852
94853
94854
94855
94855
94860
94860
94862
94862
94863
94863
94841
94867
94867
94869
94870
94869
94871
94870
94871
94873
94873
94877
94877
94879
94879
94880
94882
94883
94884
94880
94882
94883
94884
94885
94885
94866
94892
94893
94894
94893
94895
94894
94895
94897
94897
94901
94901
94902
94902
94905
94905
94906
94908
94909
94906
94910
94908
94909
94910
94912
94912
94892
94918
94919
94920
94918
94921
94923
94919
94924
94920
94926
94921
94923
94928
94931
94924
94932
94926
94928
94934
94931
94932
94934
94937
94937
94917
94943
94944
94945
94946
94947
94948
94949
94950
94951
94952
94953
94954
94955
94956
94957
94958
94959
94960
94961
94962
94963
94964
94965
94966
94967
94968
94969
94970
94971
94972
94973
94974
94975
94976
94977
94978
94979
94980
94981
94982
94983
94984
94985
94986
94987
94988
94989
94990
94991
94942
94993
94994
94995
94996
94997
94998
94999
95000
95001
95002
95003
95004
95005
95006
95007
95008
95009
95010
95011
95012
95013
95014
95015
95016
95017
95018
95019
95020
95021
95022
95023
95024
95025
95026
95027
95028
95029
95030
95031
95032
95033
95034
95035
95036
95037
94891
95039
95040
95041
95042
95043
95044
95045
95046
95047
95048
94840
95050
95051
95052
95053
95054
95055
95056
95057
95058
95059
95060
95061
95062
95063
95064
95065
95066
95067
95068
95069
95070
95071
95072
95073
95074
95075
94324
95077
95078
95079
95080
95081
95082
95083
95078
95084
95086
95087
95079
95088
95090
95080
95081
95082
95083
95084
95086
95087
95088
95090
95091
95091
95077
95103
95103
95104
95104
95106
95106
95109
95109
95110
95110
95113
95113
95115
95115
95116
95116
95119
95119
95121
95122
95121
95122
95123
95123
95102
95128
95127
95130
95131
95131
95133
95133
95135
95135
95137
95137
95139
95139
95141
95141
95143
95143
95145
95145
95146
95148
95146
95149
95148
95149
95151
95151
95130
95156
95156
95158
95158
95160
95160
95161
95161
95164
95164
95165
95165
95168
95168
95170
95170
95172
95172
95173
95175
95173
95175
95176
95176
95155
95181
95182
95183
95184
95185
95186
95187
95188
95189
95190
95191
95192
95193
95194
95195
95196
95197
95198
95199
95200
95201
95202
95203
95180
95205
95206
95207
95208
95209
95210
95211
95212
95213
95214
95215
95216
94273
95218
95219
95220
95219
95221
95220
95221
95223
95223
95227
95227
95228
95228
95231
95231
95233
95233
95235
95236
95237
95235
95236
95237
95238
95238
95218
95244
95244
95246
95246
95248
95249
95250
95251
95248
95249
95250
95252
95251
95252
95256
95256
95259
95259
95262
95262
95264
95264
95265
95265
95243
95269
95270
95270
95272
95273
95274
95272
95275
95277
95273
95274
95275
95277
95278
95278
95284
95284
95285
95285
95288
95288
95289
95289
95292
95292
95269
95295
95296
95295
95297
95296
95299
95301
95297
95299
95302
95305
95306
95307
95308
95301
95309
95302
95305
95306
95307
95308
95309
95311
95311
95294
95320
95321
95321
95323
95323
95325
95326
95325
95326
95327
95327
95331
95331
95333
95333
95335
95335
95337
95337
95339
95339
95341
95341
95343
95343
95320
95346
95346
95348
95349
95350
95348
95351
95349
95350
95351
95353
95353
95358
95358
95360
95360
95361
95363
95364
95361
95363
95364
95365
95365
95345
95371
95372
95373
95374
95375
95376
95377
95378
95379
95380
95381
95382
95383
95384
95385
95386
95387
95388
95389
95390
95391
95392
95393
95394
95395
95396
95397
95398
95399
95400
95401
95402
95403
95404
95405
95406
95407
95408
95409
95410
95411
95412
95413
95414
95370
95416
95417
95418
95417
95419
95421
95422
95423
95424
95425
95418
95426
95428
95419
95421
95429
95422
95423
95424
95425
95426
95428
95429
95432
95432
95416
95442
95443
95442
95443
95444
95444
95447
95447
95450
95450
95451
95453
95454
95455
95451
95453
95454
95455
95456
95456
95462
95462
95463
95463
95441
95467
95468
95466
95470
95471
95472
95473
95474
95475
95476
95477
95478
95479
95480
95481
95482
95483
95484
95485
95486
95487
95488
95489
95490
95491
95492
95493
95494
95495
95496
95319
95498
95499
95499
95500
95500
95503
95503
95505
95506
95505
95507
95509
95506
95510
95507
95512
95509
95514
95516
95510
95512
95514
95516
95517
95517
95498
95524
95524
95526
95526
95528
95528
95530
95530
95532
95532
95533
95533
95536
95536
95537
95537
95540
95540
95542
95542
95543
95543
95545
95545
95523
95549
95550
95551
95552
95553
95554
95555
95556
95557
95558
95559
95560
95561
95548
95563
95564
95565
95566
95567
95568
95569
95570
95571
95572
95573
95574
95575
95268
95577
95578
95579
95580
95581
95582
95583
95584
95585
95586
95587
95588
95589
95590
95591
95592
95593
95594
95595
95596
95597
95598
95599
95600
95601
95602
95603
95604
95605
95606
95607
95608
95609
95610
95611
95612
95613
95614
95615
95616
95617
95618
95619
94222
95621
95622
95622
95624
95624
95625
95625
95628
95629
95630
95631
95632
95633
95634
95635
95628
95629
95630
95631
95632
95633
95634
95635
95636
95636
95621
95647
95647
95649
95649
95651
95651
95653
95654
95655
95656
95657
95658
95659
95653
95660
95654
95655
95656
95657
95658
95659
95660
95662
95662
95646
95672
95673
95673
95675
95675
95677
95677
95679
95679
95681
95681
95683
95684
95683
95685
95687
95688
95689
95684
95685
95687
95688
95689
95690
95690
95672
95698
95699
95700
95701
95702
95698
95703
95705
95706
95699
95700
95707
95710
95711
95701
95702
95703
95705
95706
95707
95710
95711
95712
95712
95697
95723
95724
95725
95726
95727
95724
95725
95728
95731
95726
95727
95732
95728
95735
95737
95738
95739
95731
95732
95735
95737
95738
95739
95740
95740
95723
95749
95750
95751
95752
95749
95750
95751
95753
95752
95757
95759
95753
95757
95759
95760
95760
95765
95765
95767
95767
95769
95769
95771
95771
95748
95774
95775
95776
95777
95775
95778
95776
95777
95778
95780
95784
95785
95780
95784
95785
95786
95786
95791
95791
95793
95793
95795
95795
95796
95796
95774
95800
95800
95801
95803
95804
95801
95805
95803
95804
95807
95805
95810
95807
95810
95812
95812
95815
95815
95818
95818
95820
95820
95821
95821
95824
95825
95826
95827
95773
95829
95830
95831
95832
95833
95722
95835
95836
95836
95838
95838
95839
95839
95842
95842
95844
95845
95844
95846
95845
95846
95848
95848
95852
95852
95854
95854
95856
95856
95857
95857
95835
95861
95861
95863
95863
95865
95865
95866
95868
95866
95868
95869
95869
95873
95873
95874
95874
95877
95878
95877
95878
95879
95879
95883
95883
95860
95886
95887
95888
95889
95887
95888
95890
95893
95889
95890
95893
95894
95894
95899
95899
95901
95901
95903
95903
95905
95905
95907
95907
95908
95908
95886
95912
95913
95914
95915
95912
95913
95914
95916
95915
95920
95922
95916
95923
95925
95926
95920
95927
95922
95923
95925
95926
95927
95929
95929
95911
95937
95938
95939
95940
95941
95942
95943
95944
95945
95946
95947
95948
95949
95950
95951
95952
95953
95936
95955
95956
95957
95958
95959
95960
95961
95885
95963
95964
95965
95966
95967
95968
95969
95970
95971
95972
95671
95974
95975
95976
95977
95978
95979
95980
95981
95982
95983
95984
95985
95986
95987
95988
95989
95990
95991
95992
95993
95994
95995
95996
95997
95998
95999
96000
94171
96002
96003
96003
96004
96004
96006
96006
96008
96008
96010
96010
96012
96012
96015
96016
96017
96015
96018
96016
96017
96018
96020
96020
96025
96025
96002
96028
96028
96029
96031
96029
96032
96034
96031
96032
96034
96035
96039
96035
96040
96042
96039
96043
96045
96040
96042
96043
96045
96046
96046
96027
96053
96054
96055
96056
96057
96058
96059
96060
96061
96062
96063
96064
96065
96066
96067
96068
96069
96070
96071
96072
96073
96074
96075
96076
96077
96078
96079
96080
96081
96082
96052
96084
96085
96086
96085
96086
96087
96087
96091
96091
96093
96093
96095
96096
96097
96095
96098
96100
96096
96097
96101
96098
96100
96101
96104
96104
96084
96110
96110
96112
96113
96114
96112
96115
96117
96118
96113
96114
96119
96115
96117
96122
96125
96118
96126
96119
96122
96125
96126
96128
96128
96109
96135
96136
96137
96138
96136
96139
96141
96142
96143
96144
96145
96146
96147
96137
96138
96139
96141
96142
96143
96144
96145
96146
96147
96148
96148
96135
96161
96162
96161
96162
96163
96166
96163
96167
96169
96170
96171
96166
96167
96172
96169
96170
96171
96175
96172
96179
96175
96179
96181
96181
96160
96186
96187
96188
96189
96190
96191
96192
96193
96194
96195
96196
96197
96198
96199
96200
96201
96202
96203
96204
96185
96206
96207
96208
96209
96210
96211
96212
96213
96214
96215
96216
96217
96218
96219
96220
96221
96222
96223
96224
96134
96226
96227
96228
96229
96230
96227
96231
96228
96233
96229
96230
96235
96231
96238
96233
96235
96240
96238
96243
96240
96245
96243
96245
96247
96247
96226
96252
96252
96254
96254
96255
96255
96258
96258
96259
96259
96262
96263
96262
96264
96263
96264
96266
96266
96270
96271
96270
96271
96272
96272
96251
96277
96278
96279
96278
96280
96282
96279
96280
96283
96286
96287
96282
96283
96286
96288
96287
96288
96292
96292
96296
96296
96298
96298
96299
96299
96277
96303
96303
96305
96305
96307
96307
96308
96308
96311
96311
96313
96313
96315
96315
96317
96317
96319
96320
96321
96319
96320
96321
96322
96322
96302
96328
96329
96329
96331
96331
96333
96333
96335
96335
96336
96336
96339
96339
96340
96340
96343
96343
96345
96345
96347
96347
96349
96349
96350
96350
96328
96354
96354
96355
96355
96357
96357
96360
96360
96361
96363
96361
96364
96366
96367
96363
96364
96368
96371
96366
96367
96368
96371
96372
96372
96353
96379
96380
96381
96380
96381
96382
96382
96385
96385
96388
96388
96389
96389
96391
96391
96394
96394
96395
96395
96398
96398
96399
96399
96401
96401
96379
96405
96405
96406
96408
96406
96408
96409
96409
96413
96413
96415
96415
96416
96416
96419
96420
96419
96421
96420
96421
96423
96423
96426
96426
96404
96430
96429
96432
96433
96434
96435
96436
96437
96438
96439
96440
96441
96442
96443
96444
96445
96446
96447
96448
96449
96450
96451
96452
96453
96454
96455
96456
96457
96458
96459
96460
96461
96462
96463
96464
96465
96466
96467
96468
96469
96470
96471
96472
96473
96378
96475
96476
96476
96478
96478
96479
96479
96482
96482
96484
96485
96484
96486
96488
96485
96489
96486
96491
96488
96489
96493
96491
96493
96496
96496
96475
96501
96502
96501
96503
96502
96503
96505
96505
96509
96509
96511
96511
96513
96514
96515
96513
96514
96515
96516
96516
96521
96521
96523
96523
96500
96526
96527
96528
96525
96327
96531
96532
96532
96533
96535
96536
96533
96537
96535
96536
96537
96539
96539
96544
96545
96546
96544
96545
96546
96547
96547
96552
96552
96554
96554
96531
96557
96557
96559
96559
96561
96561
96563
96563
96565
96566
96567
96565
96566
96567
96568
96568
96573
96573
96574
96574
96577
96577
96578
96578
96556
96582
96583
96584
96585
96586
96587
96588
96589
96590
96591
96592
96593
96594
96595
96596
96581
96598
96599
96600
96601
96602
96603
96604
96605
96606
96607
96608
96609
96610
96611
96612
96613
96614
96615
96616
96617
96618
96619
96620
96621
96622
96623
96624
96625
96626
96627
96276
96629
96630
96630
96632
96632
96634
96635
96634
96636
96638
96635
96639
96641
96642
96643
96636
96638
96644
96639
96641
96642
96643
96644
96647
96647
96629
96655
96655
96657
96658
96657
96658
96659
96659
96663
96664
96663
96665
96667
96664
96668
96665
96670
96672
96667
96668
96670
96672
96673
96673
96654
96680
96681
96682
96683
96684
96685
96686
96687
96681
96688
96682
96683
96684
96690
96685
96686
96694
96687
96697
96688
96690
96694
96697
96699
96699
96680
96706
96706
96707
96709
96710
96711
96707
96709
96710
96711
96712
96712
96718
96718
96720
96720
96722
96723
96722
96723
96724
96724
96728
96728
96705
96731
96732
96733
96734
96735
96736
96737
96738
96739
96730
96741
96742
96743
96744
96679
96746
96747
96748
96749
96750
96751
96752
96753
96754
96755
96756
96757
96758
96759
96760
96761
96762
96763
96764
96765
96766
96767
96768
96769
96770
96771
96772
96773
96774
96775
96776
96777
96778
96779
96780
96781
96782
96783
96784
96785
96786
92003
96788
96789
96790
96789
96791
96790
96793
96795
96796
96797
96798
96791
96793
96799
96802
96795
96796
96797
96803
96798
96799
96802
96803
96807
96807
96788
96814
96815
96814
96816
96818
96815
96816
96818
96819
96823
96819
96824
96826
96827
96828
96829
96823
96824
96826
96827
96828
96829
96830
96830
96813
96839
96840
96841
96840
96842
96844
96845
96841
96842
96844
96845
96846
96846
96852
96852
96853
96853
96856
96856
96858
96859
96858
96859
96860
96860
96839
96865
96865
96867
96867
96869
96869
96871
96871
96873
96873
96874
96876
96877
96874
96878
96876
96880
96877
96878
96880
96882
96882
96886
96886
96864
96890
96891
96891
96892
96894
96892
96894
96895
96895
96899
96900
96899
96900
96901
96901
96905
96905
96907
96907
96909
96909
96911
96911
96913
96913
96890
96916
96916
96918
96919
96918
96919
96920
96920
96924
96924
96926
96926
96928
96929
96930
96928
96929
96930
96931
96931
96935
96935
96937
96937
96915
96941
96942
96943
96944
96942
96945
96943
96947
96949
96944
96950
96945
96952
96947
96949
96954
96950
96952
96954
96957
96957
96961
96961
96964
96964
96941
96967
96968
96969
96970
96971
96972
96967
96968
96969
96973
96977
96970
96971
96978
96972
96973
96981
96977
96984
96978
96981
96984
96986
96986
96966
96992
96993
96994
96995
96996
96997
96998
96999
97000
97001
97002
97003
97004
97005
97006
97007
97008
97009
97010
97011
97012
97013
97014
97015
97016
97017
97018
97019
97020
97021
97022
96991
97024
97025
97025
97027
97028
97027
97028
97029
97032
97029
97032
97033
97036
97033
97036
97037
97037
97041
97041
97043
97043
97045
97045
97047
97047
97024
97050
97051
97050
97051
97052
97052
97055
97057
97055
97057
97058
97058
97061
97061
97064
97064
97066
97066
97067
97067
97070
97070
97071
97071
97049
97075
97076
97076
97077
97077
97080
97080
97082
97083
97082
97084
97086
97083
97084
97087
97086
97090
97092
97093
97087
97090
97092
97093
97094
97094
97075
97101
97101
97103
97103
97105
97105
97106
97106
97109
97110
97111
97109
97110
97112
97115
97111
97112
97115
97116
97120
97116
97120
97121
97121
97100
97126
97127
97128
97125
97130
97131
97132
97074
97134
97135
97136
97137
96940
97139
97140
97140
97141
97141
97144
97144
97146
97147
97148
97146
97147
97149
97152
97148
97153
97149
97152
97155
97158
97153
97155
97158
97159
97159
97139
97165
97166
97165
97167
97166
97169
97171
97172
97173
97174
97167
97169
97171
97172
97175
97180
97181
97173
97174
97175
97180
97181
97182
97182
97164
97190
97191
97192
97193
97194
97195
97196
97197
97198
97199
97200
97201
97202
97203
97204
97205
97206
97189
97208
97209
97210
97211
97212
97213
97214
97215
97216
97217
97218
97219
97220
96889
97222
97223
97224
97223
97225
97227
97228
97224
97229
97225
97231
97233
97227
97228
97234
97237
97238
97229
97231
97233
97234
97237
97238
97239
97239
97222
97248
97248
97250
97250
97251
97251
97254
97254
97255
97255
97258
97258
97260
97260
97261
97263
97264
97265
97261
97263
97264
97265
97266
97266
97247
97273
97274
97275
97274
97276
97278
97279
97275
97280
97276
97278
97282
97279
97285
97280
97282
97287
97285
97290
97287
97292
97290
97292
97294
97294
97273
97299
97299
97300
97302
97303
97304
97300
97305
97307
97302
97308
97303
97310
97312
97304
97305
97313
97307
97308
97310
97312
97313
97316
97316
97298
97324
97325
97325
97327
97327
97329
97329
97330
97332
97333
97334
97335
97330
97336
97338
97339
97332
97333
97334
97335
97336
97338
97339
97340
97340
97324
97350
97351
97350
97351
97352
97355
97352
97356
97358
97355
97356
97358
97359
97359
97364
97364
97365
97365
97367
97369
97367
97369
97370
97370
97349
97375
97376
97377
97378
97379
97380
97381
97382
97383
97384
97385
97386
97387
97388
97389
97390
97391
97392
97393
97394
97395
97396
97397
97398
97399
97400
97401
97402
97403
97404
97405
97374
97407
97408
97408
97409
97411
97412
97413
97409
97411
97414
97417
97412
97413
97414
97418
97422
97417
97418
97422
97423
97423
97428
97428
97430
97430
97407
97433
97433
97435
97435
97437
97438
97439
97437
97440
97438
97442
97439
97440
97444
97442
97447
97444
97447
97449
97452
97449
97452
97453
97453
97432
97458
97459
97459
97461
97461
97463
97463
97464
97464
97467
97468
97469
97470
97471
97472
97473
97467
97468
97469
97470
97471
97472
97473
97474
97474
97458
97484
97484
97486
97486
97488
97489
97490
97491
97488
97489
97490
97492
97491
97496
97492
97498
97496
97498
97500
97503
97500
97503
97504
97504
97483
97509
97510
97510
97511
97513
97511
97514
97513
97514
97516
97519
97516
97520
97519
97522
97524
97525
97526
97520
97522
97524
97525
97526
97527
97527
97509
97535
97536
97537
97538
97539
97540
97541
97535
97536
97537
97538
97542
97547
97539
97548
97550
97540
97541
97542
97547
97548
97550
97551
97551
97534
97560
97561
97561
97562
97564
97562
97564
97565
97568
97569
97565
97570
97568
97572
97574
97575
97576
97569
97570
97572
97574
97575
97576
97577
97577
97560
97586
97586
97588
97588
97590
97590
97591
97591
97594
97594
97596
97596
97597
97599
97600
97597
97599
97601
97604
97600
97601
97604
97605
97605
97585
97611
97612
97613
97610
97615
97559
97617
97618
97619
97620
97621
97622
97623
97624
97625
97626
97627
97628
97508
97630
97631
97632
97633
97634
97635
97636
97637
97638
97639
97640
97641
97642
97643
97644
97645
97646
97647
97457
97649
97650
97650
97651
97651
97654
97655
97654
97655
97656
97656
97660
97660
97662
97662
97664
97664
97665
97665
97667
97667
97670
97670
97672
97672
97649
97675
97675
97676
97676
97679
97679
97681
97681
97683
97683
97685
97685
97686
97688
97686
97689
97691
97688
97692
97689
97691
97692
97694
97694
97674
97700
97701
97702
97703
97704
97705
97706
97707
97699
97709
97710
97711
97712
97713
97714
97715
97716
97717
97718
97719
97720
97323
97722
97723
97724
97725
97726
97723
97724
97727
97725
97730
97726
97732
97727
97730
97734
97732
97734
97737
97737
97740
97740
97742
97742
97744
97744
97722
97748
97749
97748
97750
97749
97752
97754
97755
97756
97750
97757
97752
97759
97754
97761
97763
97755
97756
97757
97759
97761
97763
97764
97764
97747
97773
97774
97775
97776
97777
97778
97779
97780
97781
97774
97775
97782
97776
97777
97778
97785
97789
97779
97780
97781
97782
97785
97789
97790
97790
97773
97799
97799
97800
97802
97803
97804
97800
97805
97802
97803
97807
97810
97804
97811
97813
97814
97805
97807
97810
97811
97813
97814
97815
97815
97798
97824
97825
97826
97825
97826
97827
97827
97831
97831
97833
97834
97835
97836
97833
97837
97834
97835
97836
97837
97839
97839
97845
97845
97846
97846
97824
97850
97850
97851
97851
97854
97855
97856
97857
97854
97855
97856
97857
97858
97858
97863
97863
97866
97866
97868
97869
97868
97869
97870
97870
97849
97875
97876
97876
97878
97878
97880
97880
97882
97883
97884
97882
97883
97885
97884
97885
97888
97888
97892
97892
97894
97895
97894
97895
97896
97896
97875
97901
97902
97901
97903
97905
97906
97907
97908
97909
97910
97902
97911
97903
97905
97906
97913
97907
97908
97909
97910
97911
97913
97917
97917
97925
97926
97927
97927
97929
97929
97931
97931
97933
97934
97933
97934
97935
97938
97939
97940
97935
97941
97943
97938
97939
97940
97941
97943
97944
97944
97926
97952
97952
97954
97954
97956
97956
97958
97958
97959
97961
97962
97963
97964
97965
97966
97959
97961
97962
97963
97964
97965
97966
97967
97967
97951
97977
97978
97979
97980
97981
97982
97983
97984
97985
97986
97987
97988
97989
97990
97991
97992
97993
97994
97995
97996
97997
97998
97999
98000
98001
97976
98003
98004
98005
98006
97874
98008
98009
98009
98011
98011
98013
98013
98014
98014
98016
98018
98019
98016
98018
98020
98019
98020
98023
98026
98023
98027
98026
98027
98029
98029
98008
98034
98034
98036
98036
98037
98039
98040
98037
98041
98039
98040
98041
98043
98043
98048
98048
98050
98050
98052
98052
98054
98054
98056
98056
98033
98059
98060
98061
98062
98063
98064
98065
98066
98067
98068
98058
97823
98071
98072
98073
98074
98072
98073
98075
98074
98078
98080
98075
98081
98083
98078
98080
98084
98087
98081
98083
98088
98084
98087
98088
98091
98091
98071
98097
98097
98099
98099
98101
98102
98103
98104
98101
98102
98103
98104
98105
98105
98111
98111
98113
98113
98114
98114
98117
98117
98118
98118
98096
98122
98123
98124
98125
98121
98127
98128
98128
98129
98129
98132
98132
98134
98134
98136
98136
98137
98139
98140
98141
98142
98143
98137
98139
98140
98141
98142
98143
98144
98144
98127
98153
98153
98155
98155
98156
98156
98159
98159
98161
98162
98161
98162
98163
98163
98167
98168
98169
98167
98170
98168
98169
98170
98172
98172
98152
98178
98179
98180
98181
98182
98183
98184
98177
98186
98187
98188
98189
98187
98190
98192
98193
98188
98189
98190
98194
98198
98192
98199
98193
98201
98194
98198
98203
98199
98201
98203
98206
98206
98186
98212
98212
98213
98215
98216
98213
98215
98216
98217
98217
98222
98222
98224
98224
98225
98225
98227
98227
98229
98231
98229
98231
98232
98232
98211
98237
98238
98238
98240
98241
98240
98241
98242
98242
98246
98246
98248
98248
98249
98249
98252
98252
98254
98255
98256
98254
98255
98256
98257
98257
98237
98263
98264
98265
98263
98266
98264
98268
98270
98271
98265
98272
98266
98268
98270
98274
98271
98272
98274
98278
98278
98282
98282
98285
98285
98262
98288
98289
98290
98291
98292
98293
98294
98295
98296
98297
98298
98299
98300
98301
98302
98303
98304
98305
98306
98307
98308
98309
98310
98311
98312
98313
98314
98315
98316
98317
98318
98319
98287
98321
98322
98323
98324
98325
98326
98327
98328
98329
98236
98331
98332
97772
98334
98335
98336
98337
98338
98339
98340
98341
98342
98343
98344
98345
98346
98347
98348
98349
98350
98351
98352
98353
98354
98355
98356
98357
98358
98359
98360
98361
98362
98363
98364
98365
98366
98367
98368
98369
98370
98371
98372
98373
97272
98375
98376
98376
98377
98377
98379
98379
98382
98383
98384
98385
98382
98386
98383
98388
98390
98384
98385
98386
98391
98388
98390
98391
98395
98395
98375
98401
98402
98401
98403
98402
98405
98403
98405
98407
98407
98410
98410
98413
98413
98415
98416
98415
98416
98417
98417
98421
98421
98422
98422
98400
98426
98427
98427
98429
98429
98430
98432
98433
98434
98430
98435
98437
98432
98438
98433
98440
98434
98435
98437
98442
98438
98440
98442
98446
98446
98426
98452
98452
98454
98454
98456
98457
98458
98459
98456
98460
98457
98458
98459
98462
98460
98462
98466
98469
98466
98469
98470
98470
98474
98474
98451
98477
98478
98478
98480
98480
98482
98482
98483
98483
98486
98487
98488
98486
98489
98487
98488
98491
98489
98494
98491
98496
98494
98496
98498
98498
98477
98503
98503
98504
98504
98506
98506
98508
98510
98508
98511
98513
98510
98511
98514
98517
98518
98519
98513
98514
98517
98518
98519
98520
98520
98502
98528
98529
98530
98531
98532
98533
98534
98535
98536
98537
98538
98539
98540
98541
98542
98543
98544
98545
98546
98547
98548
98549
98550
98551
98552
98553
98554
98555
98556
98557
98558
98559
98560
98561
98562
98563
98564
98565
98566
98567
98568
98569
98570
98527
98572
98573
98574
98575
98573
98574
98576
98579
98580
98575
98576
98579
98580
98581
98581
98587
98587
98589
98589
98591
98591
98593
98593
98595
98595
98572
98598
98598
98599
98599
98602
98602
98604
98605
98604
98605
98606
98606
98609
98609
98612
98612
98613
98615
98613
98616
98615
98616
98618
98618
98597
98623
98624
98625
98626
98627
98628
98629
98630
98631
98632
98633
98634
98635
98636
98637
98638
98639
98640
98641
98642
98643
98644
98645
98646
98647
98648
98649
98650
98651
98652
98653
98654
98655
98656
98657
98622
98659
98660
98661
98662
98663
98664
98665
98666
98667
98668
98669
98670
98671
98672
98673
98674
98476
98676
98677
98678
98679
98680
98681
98682
98683
98684
98685
98686
98687
98688
98689
98690
98691
98692
98693
98694
98695
98696
98697
98698
98699
98700
98701
98425
98703
98704
98704
98705
98705
98708
98709
98710
98711
98712
98708
98713
98709
98715
98710
98717
98711
98712
98713
98719
98715
98717
98719
98723
98723
98703
98729
98729
98730
98730
98733
98733
98735
98735
98737
98737
98739
98740
98741
98739
98740
98742
98741
98745
98747
98742
98745
98747
98748
98748
98728
98754
98755
98755
98757
98758
98759
98760
98757
98758
98759
98760
98761
98766
98767
98768
98761
98766
98767
98769
98768
98769
98773
98773
98777
98777
98754
98780
98780
98781
98781
98783
98785
98786
98783
98787
98785
98789
98791
98786
98792
98794
98795
98787
98789
98791
98792
98794
98795
98796
98796
98779
98804
98806
98807
98808
98809
98810
98811
98812
98813
98814
98815
98816
98817
98818
98819
98820
98821
98822
98753
98824
98825
98826
98827
98825
98828
98830
98826
98831
98827
98833
98828
98830
98831
98833
98835
98835
98841
98841
98843
98843
98845
98845
98846
98846
98824
98850
98850
98851
98851
98854
98855
98856
98857
98858
98854
98855
98859
98856
98862
98864
98857
98865
98858
98859
98862
98864
98865
98867
98867
98849
98875
98876
98876
98878
98878
98880
98880
98882
98882
98884
98885
98884
98886
98885
98888
98886
98888
98890
98890
98894
98894
98896
98896
98898
98898
98875
98901
98901
98902
98902
98905
98905
98906
98906
98909
98909
98911
98911
98913
98913
98915
98915
98917
98917
98918
98920
98918
98920
98921
98921
98900
98926
98927
98928
98929
98930
98931
98932
98933
98934
98935
98936
98937
98938
98939
98940
98925
98942
98943
98943
98945
98945
98946
98946
98948
98948
98951
98952
98951
98952
98953
98953
98957
98957
98959
98959
98961
98961
98963
98963
98964
98964
98942
98968
98969
98968
98970
98972
98969
98970
98972
98973
98973
98977
98979
98980
98977
98981
98983
98979
98984
98980
98981
98983
98984
98986
98986
98967
98993
98994
98995
98996
98997
98998
98999
99000
99001
99002
99003
99004
98992
99006
99007
99008
99009
99010
99011
99012
99013
99014
99015
99016
99017
99018
99019
99020
98874
99022
99023
99024
99023
99024
99025
99025
99029
99029
99031
99031
99033
99033
99035
99035
99036
99038
99036
99038
99039
99039
99042
99042
99045
99045
99022
99048
99048
99050
99050
99052
99052
99054
99054
99056
99056
99058
99058
99060
99061
99060
99061
99062
99062
99066
99067
99066
99067
99068
99068
99047
99073
99074
99075
99076
99077
99078
99079
99080
99081
99082
99083
99084
99085
99086
99087
99088
99089
99072
99091
99092
99093
99094
99095
99096
99097
99098
99099
99100
99101
99102
96838
99104
99105
99105
99107
99108
99109
99107
99110
99112
99108
99113
99109
99110
99112
99113
99115
99120
99121
99122
99115
99120
99121
99122
99123
99123
99104
99130
99130
99131
99131
99134
99134
99136
99136
99138
99138
99140
99140
99142
99143
99142
99144
99143
99144
99146
99146
99149
99149
99151
99151
99129
99155
99156
99156
99158
99158
99160
99160
99161
99161
99163
99165
99163
99166
99168
99169
99165
99170
99172
99166
99168
99169
99170
99172
99173
99173
99155
99181
99182
99181
99182
99183
99183
99186
99188
99189
99190
99191
99192
99193
99186
99188
99194
99189
99190
99191
99192
99193
99194
99197
99197
99180
99206
99207
99208
99209
99210
99211
99212
99213
99205
99215
99216
99216
99218
99218
99219
99219
99221
99221
99224
99224
99226
99226
99227
99227
99230
99230
99232
99233
99232
99234
99233
99234
99236
99236
99215
99241
99241
99243
99243
99244
99244
99247
99247
99248
99248
99251
99252
99253
99251
99252
99254
99257
99258
99253
99254
99257
99258
99259
99259
99240
99266
99267
99265
99154
99270
99271
99271
99273
99274
99275
99273
99274
99276
99275
99276
99279
99279
99283
99284
99285
99286
99283
99287
99284
99285
99286
99287
99289
99289
99270
99296
99296
99297
99299
99297
99300
99302
99303
99304
99305
99299
99306
99308
99300
99302
99303
99309
99304
99305
99306
99308
99309
99313
99313
99295
99321
99322
99322
99324
99325
99326
99324
99327
99329
99330
99331
99332
99333
99325
99334
99326
99327
99329
99330
99331
99332
99333
99334
99336
99336
99321
99347
99347
99349
99349
99351
99351
99353
99353
99355
99355
99357
99358
99357
99359
99361
99358
99359
99361
99362
99362
99367
99367
99368
99368
99346
99372
99373
99374
99375
99376
99377
99378
99379
99380
99381
99382
99371
99320
99385
99386
99387
99388
99389
99390
99391
99392
99393
99394
99395
99396
99397
99398
99399
99400
