25592007
345982871
26552894
289552684
44209865
868243739
835969974
309241129
85163284
485550252
933140905
989628372
386314706
99841333
453205167
394950493
602827297
167659794
369005289
449492007
883788891
45873340
396538386
760114219
892981790
33208989
216617147
410848861
493234691
337816432
43725366
578506233
105118246
15831651
744508561
125157872
956294811
375302145
56588481
735827532
990685975
312507414
245878726
897625221
671641168
182357855
700318704
498367928
431911165
714539580
408494351
429790559
700038881
773598634
165049637
6682478
196809783
532576970
626549498
297382879
496696750
475308448
525746232
405078899
88352594
285644723
254704252
29798633
112505986
518675185
764633386
774634221
432276341
769769796
57496662
698501719
326786848
74738403
161705807
770880991
962964589
124900945
65181218
346137984
804178043
712480183
654708394
868513948
405939416
181950621
367428034
949605911
439181301
946701269
276690845
163662764
548351216
493137410
494822226
815508269
236286816
199571287
758037594
213903995
122687444
453281498
21237942
524448812
408601696
557989049
753219899
680066847
99681007
476061588
210056322
342137312
957350735
712685751
577993423
931659231
479728924
48667340
527196606
396048669
440200186
385151705
743094953
898982125
27586574
803579298
982737075
114411128
92990523
252553448
115669828
668886521
765493337
545746696
382070632
111694916
560516136
472853079
491167355
200008071
91077396
873403341
931454228
538807616
76607649
196226943
654163559
924552535
931208441
161260763
485209881
161883007
301747466
845066977
31085171
91155701
120403132
266488804
103234437
999251564
776669678
198904803
64015294
763745320
999547059
415659868
11166316
58099016
123283606
640586577
30375728
477805433
697218032
92238854
38578793
198056246
775038143
651916159
501285897
663978376
889334557
618721699
515177931
204139066
773515609
14061543
260044984
963582756
664192848
903997362
599730362
128891612
151084255
899364036
538277575
939607289
873802386
334003023
814446371
303667731
851009698
823186292
314959802
995543039
972894639
480460936
279825941
535331796
635421791
871425824
891983379
891200278
469409779
434592617
66793657
435907398
475517034
77709145
622509426
564873240
981661369
376960606
756596411
971108419
70420320
84698819
499276412
910451814
921134892
128534724
971382382
453579267
278813333
796797072
359948145
322306816
489379074
884921851
892693791
43995527
902777929
425635678
740193493
616960962
304390875
689232214
304257668
76780703
481472921
572222738
137951611
79068989
149804132
730103978
429796180
53841591
855061273
809261703
182230506
725548844
5244119
648720417
762643582
363489806
556507047
96398845
794488939
135571763
829871586
759344233
255221765
965647714
67499847
736861423
964724879
993169268
767675885
152247710
503450635
615744469
508825979
104506064
332052735
788396167
219283260
576447043
730830102
112124752
23933700
111859660
446553664
296751400
610260178
693476883
332754466
567010409
346239689
654739523
377671612
305924985
203198537
169586388
237036948
758098641
537025885
792257370
238578062
23713930
940299881
721207090
953230867
758906852
519051500
710719756
67456035
541200988
361795779
22138597
849273736
157968931
679239148
825725079
548593940
446573484
24548939
284096041
921216835
672963091
740433450
975512169
658612060
271501971
253573444
278349807
415599468
429060916
481901409
369579879
138955367
520668225
18886577
528104766
128374621
549495067
613134163
876134550
560736104
487145168
981104582
717448268
94180978
378608729
657084015
435954585
236357298
863823137
894920333
902626077
437901444
758565251
281907746
44840017
530398762
624148443
512546005
211181056
139224304
610601056
471066001
677896540
453257161
203783957
299055330
899565529
254935392
727832166
581375798
820850272
627196963
400555895
357224685
952650503
810396480
232150573
355886188
327594886
41059216
461188925
48939053
44306794
560244729
65115311
975114959
49310887
801729648
527225286
895907444
570820604
557530946
638294798
696203346
821310587
335577767
787724917
21301138
262774877
607058191
973184527
953863298
460877591
377964435
817368461
396866809
338563985
150335401
141199775
442706209
733998693
67510824
370459295
868955495
29753074
502982327
338145290
846883528
691830058
628458296
332722002
967803910
469593738
878443241
704981601
946229181
912972863
766105795
370067251
756303324
170315846
557839501
860952173
312737256
201836995
194000446
453702709
299300780
812411072
510323999
442143327
650568623
674892481
894101680
289408952
10125056
590504162
310374287
914235699
497127072
612752400
238163579
321428349
12988694
44391209
667148711
667370838
883967980
516980626
259409396
958721864
999573622
157942808
460050233
768716318
105908858
60592922
884191098
272888770
959223057
88028320
392668083
133199171
39418382
150204382
835470207
314157195
136907062
960546024
481869941
8811928
667649290
71282398
192925169
777704706
135009051
952438228
154431941
659096561
849829724
788866400
758183059
745539654
74079266
674280044
75930914
599520169
985543006
604966512
124046518
674279631
181314764
290743281
892053878
77027879
810878630
390908631
735218655
170114477
784429422
645801928
492491053
481877226
625694060
819472705
460071419
441761588
712457529
432884733
779468295
996369610
745667357
653852162
284186879
106175495
507567383
107858096
723072053
171441684
499177748
48236547
328490506
592837990
282225933
354047229
697277613
689243694
672890682
77134058
767639195
492749620
879435246
94523747
763907211
782555947
307374194
586992506
407744582
139929907
481069859
375821206
306016215
432703027
511670186
702780041
112267750
896192419
180890269
530147208
451894910
632821187
465010126
238681732
509405901
10316718
972774828
807348962
753668282
953007119
705957646
149751878
725268175
464503838
159163659
405324217
215743506
661622965
63484275
471397774
230835131
396160472
980807157
398624842
453902873
727264545
874963150
651735403
298442141
977601199
868011615
465887627
171659506
28565362
598602062
976359754
802731337
681895167
549625777
504649719
923824239
116575089
328119891
120454266
67067715
76553650
897240348
591646483
914001581
542070212
21640277
948463674
615979659
884333626
370816490
324267488
526972637
869865564
595608177
843881492
93484619
896762480
420835390
426715713
732793969
992580879
399538535
98154323
423114597
909428284
681309282
563908973
65195743
230804552
870797506
418589977
487587640
310941926
37777207
183870295
163342545
560927802
604895198
101309792
157864535
564288111
930977565
210967494
984215537
684301899
759863651
707878870
917504914
401414562
301473719
475833144
297142602
670276930
38686587
98042210
87431507
645964386
540508121
160323094
902717587
137501886
991828033
562909695
403555429
128796268
973378125
399693584
83950299
248220887
678404342
476275260
615214012
353496715
409065087
551061502
671477622
94887032
568093156
572209749
166532302
500766265
464499786
841140388
660821176
228541821
499264274
294696707
448194954
792974778
875418120
338194345
962705855
873105974
548578810
884028191
622533482
640767847
894183826
759668385
684577405
670352971
910456676
369594743
675221039
320076411
285455428
760475981
611365753
692736649
724022140
807579955
553606254
612202378
265061143
391499551
727845372
662691230
197885718
608283529
29336571
206369974
664660418
159364248
347102974
796559027
779790218
946128663
25017322
239944394
249368472
334398978
329214759
939898384
923783171
593340786
678113219
392969421
938787501
831946132
718479808
580224659
17720082
412578504
597921378
70312536
722041616
25160521
867952596
880124971
82758126
163779794
210946162
486868755
239898313
656169084
972423980
506812311
761760369
786726417
804309778
303926815
941519226
644156210
838692115
560222099
893716646
206070602
627143225
478677394
240122904
634071624
873626604
79715580
293074370
197048030
753733925
193401243
585132155
664984266
53819793
735088630
611355701
518362926
888332247
979807521
75402787
170312747
868755579
879849556
732028881
232383999
813225256
738202345
402619662
900533424
827193729
194124938
875256937
705076455
630620517
428355845
150166422
628800103
358403624
53537733
787908184
636689289
80864610
120580031
238299053
945042095
103067593
952747046
740560605
751411851
955266211
996294539
529731354
665942487
256026797
484673615
641449982
63232964
891521914
539183716
835496808
167026215
180329061
490540955
565263899
998327530
465168533
646647960
16890176
636658241
143658399
855555548
782848171
794608973
179682047
454174629
787892103
321579606
827668330
560334496
956154694
601430900
759255007
699005806
102559544
233312388
156873033
749555321
306968891
822654081
783368267
28720742
487556298
530809239
170604420
405867477
354785764
145025581
323072190
21664936
287487004
429474649
387834519
534175932
752011236
308464962
611179622
668535947
295330005
951715857
51402416
807410000
637569144
908538352
94217574
994336040
550369274
215700726
584646608
137148388
977864851
60458159
170706915
548310601
316483574
602209535
535496908
877417196
938227086
429741322
472953831
902940342
477545940
694001327
29672025
221718304
432749854
669008929
121375900
659874102
508182661
193271619
221967315
473136994
718598488
589542200
771762210
771695370
997451932
503938790
290371320
353023013
916601340
401407228
134806736
785541338
202501582
421089335
211324907
71514127
736952321
724109057
603246855
467893937
400706636
340708115
185038727
969954075
523263464
160421989
953427333
781531291
550122205
376747245
47852362
661439477
776910572
28670093
819231422
491275385
923385584
196471187
500429161
413464145
479848008
755899197
840507855
772670710
717927428
983064740
932110633
226937734
525728329
875651268
604590405
629128078
890934648
524341804
398002065
12788301
209515743
674629257
443190476
73140958
585245196
852574866
753492112
227284583
789273337
644068057
933808679
350713337
684245020
572125159
956775569
504880184
406206271
982763803
804330899
901939313
258754479
219708417
448485617
321099086
307349420
732099350
250136810
492051934
238373557
1067074
586849164
431322734
749881668
344100979
786572801
496559765
569198712
331510686
496553808
105427098
887117416
782015781
740470541
24901182
732387951
886680313
827559374
994734918
232771765
346218182
156343869
627606267
74262592
448484422
219550820
978069061
637494172
515838854
638649214
637782413
829681518
382009833
52740736
521012755
39860131
926639677
598070304
581362587
170197854
455227057
393400131
311398692
317805198
934193703
464830061
558812432
762923458
886724946
689648320
814311574
868449739
79919271
130435331
151707151
414926104
767010549
775411950
436433432
493577698
847228983
50478637
503044014
920123586
983862145
739824086
784658564
668370296
634788840
303600723
960101344
175864006
513190058
729720510
657357313
581109401
390202438
389686744
769117931
303342063
329999197
711293377
717513342
879796438
414711381
506013382
548140832
988535721
107491284
604881886
753038970
458094149
289912361
942466895
732789907
889818591
728533666
986121943
777918723
9909684
699440347
868220121
923498250
472079251
453354199
111279119
97503865
994858202
906774798
881673868
693568791
234629799
866463041
126823246
996921786
31998803
965149423
47926942
19782071
269736539
316468423
397390677
794570239
237966112
513056474
456064630
608768704
952348675
231149594
695655203
343462739
148577884
851437487
9322782
879223377
842815596
904145801
966785293
789400867
207542823
734016137
872926739
450655872
885710864
999449599
830625609
277877564
250022713
403830541
431263212
10266875
281218647
793885281
186753554
244732497
285401259
120021896
144117050
692660746
246185491
871150992
288924818
618378735
923160513
129153545
243091668
238626515
307436646
654543721
894242966
912263314
595052611
524305824
285035662
868614303
452964563
901988131
68970946
922089823
555464934
227737491
529202559
892601284
994110823
40851288
897378200
5028299
146249577
742001688
153756073
38922552
842306812
145697748
324206246
449494926
456619435
833977550
499489084
844110589
134807813
653357858
537780269
593804506
348231903
378693267
304392439
911428951
855042729
313924638
677416938
854572784
805416966
312241796
540635968
575114191
846314856
566606415
391060656
677507049
573208833
270700282
27284806
18193415
127772100
645454970
503874282
1187966
448572470
453063585
827642565
441667134
501141963
493138409
987329557
484852609
334387074
73300743
489755808
162083812
264015245
315921260
228362880
908588343
691534171
752526433
534414485
650127820
776995465
195161121
82095597
909676840
129159797
214920832
876691196
503372113
838545374
413814181
539420351
569324556
500637685
279970470
509424500
837191935
173320343
69722569
576308220
414575428
508734522
563883237
151223767
909333681
359219117
890225935
990067115
984567548
205594513
325289933
974727454
907836311
186370348
125105495
53342403
477730867
799413815
533812547
872426458
547600726
61609688
409022240
794098603
320331237
299323162
238078842
643148804
218958046
315863038
419619160
825080281
436065041
391546529
107995582
874589223
979538547
905000427
863743793
701276619
63709282
346338856
597494991
936156965
273448158
419765659
355309819
86272283
458102214
958953568
484970971
458014480
31776495
133835176
808003717
560787802
825359686
910625156
373192154
664466307
243966095
962771377
222961048
470955930
831607212
184409016
39415390
706857064
768902913
904592362
376086450
556442030
994860607
253145287
630436645
284328819
30256792
915470736
579035034
983739620
375631044
740061988
98182160
529957841
789877587
473548916
175003873
93465666
761770022
363991305
233591851
901923792
374646331
747744868
245524637
484971861
685026732
512046199
95075354
308139988
525138665
560039326
387741158
32251867
653467584
455287378
184490700
791934513
708594438
521233277
705478544
858577415
598183731
552470654
749116756
78432544
945714651
939929152
512081816
276736663
197825858
290051884
289224669
537449627
398482942
540593178
323197524
11166641
176449594
488244134
856822588
868189956
137586642
439401485
47651937
123825958
141555230
621758853
199016745
278378863
382751601
857253236
746979067
334477823
147982851
2237237
186390258
933989662
190039634
711051058
251796586
107020451
720622849
474298563
854518198
584899939
791961132
756007071
442836755
61368319
409070362
876843770
511561661
187454581
463350996
498880627
351770293
481926364
76873273
297573582
2542175
726472243
551100815
46067629
622091935
837090723
202791726
585251817
64425484
997705123
632828491
64173267
440700775
629800963
664675925
818953492
871742544
674550358
56994909
39274712
544404565
881860554
337141903
957989339
624465659
523882937
944636334
227057147
869652950
233204703
194000334
784431366
581204159
393441499
23608894
892091510
594612791
147012196
382982077
857897368
571637154
936978648
669418642
297067889
382661778
947324174
12354885
679131294
309305556
950394538
591768244
627362638
350675044
656119926
773885255
697313553
824856406
219848496
292815694
698239497
724666914
868247035
554745021
896728234
687520798
272397067
8527670
684944959
832517450
615724325
287910845
291236539
820519548
881586573
642994959
430139196
298914994
322087324
589295252
550600793
708749604
710256320
856515812
216239259
972497323
931399532
916461353
473695576
503308724
664245693
727971061
99408690
605471248
731888048
459417207
755695410
191100970
563307380
481127465
486856688
188403968
438116969
682142588
877075908
65290212
703881463
966065530
665682062
244337092
929475860
195472128
678282345
343774979
801504858
168569543
801331013
539434812
885853416
213237800
306154134
420534912
801803157
705813795
4267820
27757371
682472822
437315354
475495814
978523364
10733713
421390575
326162068
199323806
87466280
99840873
505262217
240930951
474025371
798000665
614810509
562800140
800823714
86954597
334017762
173717446
36495478
395463240
784314162
404056741
156810466
729355096
235409788
190566027
256577061
869613632
212765694
440568302
225566231
74734160
439382552
987022574
972801132
570737378
978943872
713871302
328620998
721745568
390632039
236810240
601566298
960546409
628878367
265707418
405187095
558726710
686990848
736758156
534854635
190688057
226413516
884067829
209808504
140330465
806048254
292691968
255728942
227066184
80353690
764740067
314181773
862843727
40249364
230079713
567020673
457956151
990639305
985113147
426176123
905498396
630467648
71965861
304624334
471556092
523918264
902218414
981465776
371659255
932068653
164116567
542603877
246150070
205541157
449024260
830969246
187158968
758030562
996537733
494013936
150335376
394266187
685559967
1849074
431591688
610374314
329581739
719563783
469598373
382967078
639129113
411342851
700046929
724646120
359560585
180670286
877178237
441836247
751936357
621850454
392283132
195178648
740680289
572518480
556012352
959188482
683819908
113401633
878956500
747643246
6957166
286981418
713918383
389026768
321439025
468249678
561645819
492546098
97757528
901808946
713157427
389162704
147466365
774603428
285099058
13696586
403518980
344974427
655894288
527513109
447467961
475881215
601395569
528003540
525387577
601155931
45198406
661700343
562492328
304379811
557659831
662528219
209046760
459096933
641313522
733395480
634776542
593713408
903143489
903219470
318053597
667743999
447650756
332387591
827106597
660385698
257146794
341413442
106512690
156873204
159708239
936570819
201680453
903565880
82305465
493575035
82433849
741973688
176394796
36493980
912119886
920294594
500195992
676908669
451855882
546229697
220787113
888780931
245971707
48984804
280517479
884861823
655271082
376796466
523711513
936027211
129168803
951541622
466365375
600742011
674558872
522762257
62113810
321463217
345703224
734622416
427298071
458176538
222384393
569058170
527987495
143380664
457975256
404683451
105131456
762230868
981548709
682898152
587453890
154742648
140508439
458764647
392134863
667927457
317479367
370555214
177059405
987653624
282430259
530022364
412891641
220835732
491754806
807056839
854855342
122830092
155213587
150335027
499813721
162268470
938865099
597911225
533178846
466148310
644750667
23350178
359481369
893210865
232971365
594258639
347592917
815135390
891175582
736294557
596638096
267277199
705880348
981489911
58951350
506786287
240545999
280626221
713872783
415281225
11175858
355648107
1614922
16042908
346655848
748677275
825423711
369848620
64348571
436830518
527940047
507377551
776069750
818483892
25610805
755649962
36330702
745296781
590427696
251146974
797963445
446862607
671419573
266941040
559317934
661538059
388705222
560373602
16663941
85994946
466801656
58050433
180347085
291520587
861710808
572229036
519291722
341192242
434788253
424308787
698277011
385921374
810222587
110883351
404625972
722144690
543808990
164527014
76871888
883621613
481330267
921560602
235857650
532626441
466982564
228421691
50509910
221845695
907227364
442107378
171263531
594089916
8441194
803329252
829551658
718364277
820128793
6907679
936242657
853196735
433332273
228842703
116120381
122166561
533790466
59066328
694432662
919202228
855600988
643299497
868492542
270382569
458904337
584899911
485462542
368644176
333100326
167308667
739453778
34758433
183573086
322379376
334617133
853291378
463397876
905279942
114527267
413547657
565558845
358806975
410454652
447011991
686195368
904122125
309714234
404548117
624519841
237755059
500112352
989336881
114395656
577592697
981377684
155767290
179314170
981221474
556397279
731661110
913109707
177311221
955327331
517267333
814223244
267915777
372739398
798786341
288472827
859027501
439063232
102692729
815671018
445435082
516130318
825920872
637494779
966561087
542286922
267526557
935383142
148955978
85746867
883785448
600460956
491324571
988365083
951697999
807643474
516083977
568886529
551619728
243598885
217737990
391584325
439856442
653865813
174923070
990008196
200792411
76994276
762573369
536828141
708862330
960875390
198730376
91468770
346554661
189656208
143491115
1777989
820557710
95210157
241398254
397566133
611481749
632841873
3746405
875930132
87470360
869993415
746305333
224963798
603634375
851523214
912459822
534609527
698872471
613028124
20593557
797337559
6725864
105141077
807240896
342812429
72099433
466675902
97969377
351748518
174355700
308816644
980607601
88736494
856025947
724652619
494265492
638112883
916400728
404283483
661027270
826142845
559900159
130510275
626429732
913769421
388434959
181366060
369309718
121670906
505945014
800788397
787108118
782657140
123966333
137683178
96667776
543223818
139967157
739220029
826088518
137035215
753650948
202620162
532134097
472741463
931491874
35571702
104040261
297132518
802252221
90205796
696290374
821280246
558028787
248293157
51409739
606741966
881522376
325263456
201494043
441101411
192154707
911749304
268315079
136873050
84341625
751583691
514384449
992707352
93383182
411135730
362968716
594351804
766836258
263114479
521202083
911102525
65585446
139278898
689231227
908773468
547533331
324353042
953704054
6161119
179914464
181974010
132543225
108078932
437251658
954372692
668944622
898558108
17145343
308654456
330068371
87033983
84108130
289571796
509113380
332887849
363378582
495690430
204616606
220067367
459234775
575153924
848522981
142350314
100423092
915596708
172520184
385607230
405568138
860213393
599859683
104063580
622200589
816342690
404289440
553581248
493954547
361067695
983978632
734003713
43745425
20606931
994820677
433836213
309956554
851524435
386612568
481781165
957017058
606704782
579920871
601876118
52343274
326464922
213897233
161376191
94654575
191198195
805254577
792737021
177241927
852381545
125191739
409946699
783763757
112077707
930221097
753867455
406014074
549885729
316670114
80901502
518859208
983524971
64530913
246738318
705025371
164195417
283121898
613912385
948726931
302584522
289515272
744160447
953909039
120464764
71013443
317935592
602332900
156384386
541246787
419255010
797480922
607794082
289069895
981129457
369643828
411037412
321878041
208912159
469353760
524776791
67546435
806635244
352435689
264386729
513284274
752938395
811041779
626862772
42273151
920592759
199837353
494243729
594816706
456093535
848770929
958517728
864985578
980678286
276299868
2157167
869005557
211265327
806143432
611533837
220127171
778268132
744340006
748352482
691270193
307867432
668931523
728167882
680970412
196728831
576911323
487824122
399225096
55338132
437855338
749208738
667786065
555677972
470469613
979060916
444649388
555182487
322894735
363964125
479821482
363137269
891169190
319736813
488066602
990632738
601852347
831732852
952911095
236514313
796662753
318176244
134154342
537086816
361749268
741133924
425276052
307600183
597844309
113092068
912864037
810449281
783893212
334645557
675062438
826619495
640869954
462782263
282786670
204127669
340401416
986181151
889972715
117839299
817042613
714959833
809136643
43931526
836275614
647418567
311736846
482035210
337223949
699604255
573978627
379342453
229033656
231910995
171908009
28474678
306204265
802768615
748075388
767203035
842298888
45920482
677446831
500272833
72335821
441889734
104666535
487257113
897515799
168845248
567652703
140503785
176691090
272813809
299650098
891270558
37021211
926026497
623945585
800164588
450771652
566719464
428444782
509748662
884758980
307950239
202001330
325089303
329631263
134376106
178658296
878321599
950480144
954872683
250877463
207358878
705000201
742828741
975846081
286322478
193271915
138250487
4765491
328065526
247606823
847433318
486151835
37031023
444500884
984039998
725661903
60739045
447252059
41994901
600922540
734936437
14117466
410645460
530904439
840792563
424467784
223129522
399795099
191087001
660608463
796182872
22449154
299768089
58183178
958117261
21185497
963121322
158936568
378997702
422272228
140600630
554362291
517805333
890250861
331438895
482911786
324533299
3134954
965557462
956446797
895168065
661993543
189804913
904093651
601578316
49788221
286828996
405785224
964708652
910272440
695540070
626321848
357322051
75956271
829692758
677295205
440672090
643488937
87237297
454216662
658314847
548561668
59981015
132442619
770344322
564345652
115815463
736421660
853139778
753918855
158509376
823395916
747617986
226552628
738536812
662938940
663413709
727821897
155865500
981100850
507350656
281303863
988135966
687381894
576250532
240827765
762348201
494677736
803842416
776092058
381205846
935003960
359367305
127748090
510737599
618737410
172369913
102585548
817994602
765357255
675665771
73195481
665919134
27201861
973120306
193534387
130817905
718261589
919697181
157055261
51583692
576346126
10507729
1431156
227501428
293314290
392454173
787226911
808017964
958405802
643339889
683699300
783014731
604986070
339595771
450826590
329728580
401294284
635349856
132886897
775631885
709565748
593144135
902280201
306186184
534405470
749038840
977870620
232314552
75425307
489324667
888226212
320001065
375624628
968101098
263556433
266127530
525511528
780086913
23028864
587171270
494526471
418660925
61041234
257286741
864241161
70086684
563908160
911051499
302052084
813097318
865251781
865489282
959612881
259411921
415818613
477578171
679916028
992585587
68486297
959276999
263823596
249002324
629445574
618895280
505080735
846899239
227093224
784281815
104502067
700819774
669801053
167395988
562996792
143060217
85408292
66974192
913735839
844711920
315359229
126395373
115703695
68614961
808132464
805121423
514880302
348851333
924879552
603457186
929174707
53138156
871655527
55635184
953082518
130895131
260170559
392844145
494393611
535345249
826719790
885651701
377314316
625386346
381159894
213415438
498212764
430530391
251899126
803264009
619117033
446519657
982327255
678130016
437953611
868622313
178111836
486930597
908750167
593206943
431530603
577969823
942109589
709574309
573370568
602330690
215747266
934415166
962076779
152617988
151122132
161229157
668898720
868172084
331856254
628158875
407371962
751005957
613376538
425232628
621356870
565349309
662565766
645049243
308234696
663009168
215143693
311268193
369790721
552271606
76632136
208177974
467905463
119771989
732824182
507715000
865396582
795730611
718679490
664965432
642360350
534098527
622534024
483364026
930688959
438709148
74225128
867363715
587560360
291870992
691611586
158227175
978357224
913901467
330727727
119524504
624733235
608968507
988942354
948847492
842598231
152952258
83130519
432180007
748514112
35600178
530185629
357983507
239059729
399370887
464850703
30571155
922054966
980824755
657548147
73049716
747983460
787212327
132146021
820710339
698314189
526951443
393236622
603132657
732736522
801215872
112205685
564617113
781727574
407965308
782412383
615916677
810490469
873967760
145855826
837055571
772785762
903205260
807959313
977617338
158577844
773102609
491048895
140240241
466602178
174406903
404432646
527391183
738535385
364957413
861820260
823270801
206614863
693806480
889404836
875726789
995884618
617313069
876372573
209073087
150880918
429073358
164291948
74235844
318904785
264724553
202699887
809932852
190822182
412000110
139144741
228135460
926042319
159514812
480484991
115468894
432203533
562784027
90837335
367903812
778331563
720529417
499543038
330196356
182411645
277642963
540065086
214679576
359104030
305031517
872328498
248375971
944700253
368887479
993954997
676625735
797096018
428961620
981938009
162862397
125015497
196676393
825064838
145940553
852259155
146356032
199414473
594811481
141383295
447258750
534403242
688676065
29913557
562634698
752271901
833250556
58314333
209497519
925412109
67814890
670752997
727375869
737449298
356975549
321328969
724813370
369774294
129981817
567895382
575061357
840597236
313383200
276414871
887590657
963955279
1314322
53706822
107341692
523848063
685639452
815879421
558174296
312649237
568549617
406317757
570163920
89462146
853660261
850770505
953118072
181650184
88832481
687198585
550681094
622359063
571295163
258560984
159754015
886244092
860077246
819619011
234237983
247335965
13267876
205848852
271494900
657810811
928589249
353244740
445190268
363253757
52356932
401991374
304139110
299011396
274497199
95329439
38085177
167833154
559758981
887648320
655253245
13333135
859416038
531198950
877268412
879924199
189180234
830883782
818842818
848799240
874063205
999913649
972062714
206616556
735085229
333001139
396691101
844830514
960186494
348614643
128460844
459054125
535355944
678290348
509320388
487179293
977570826
230203917
271331548
53388065
666844196
819206856
101217162
561977906
360273141
434058376
581183523
644544450
467304269
594700799
760601435
328797762
530126233
143778743
910391908
265289987
178762056
661439916
669405614
141645899
321911217
482736473
331590355
133751190
157067522
741873883
475092520
545781992
396859749
628664739
828662668
395093804
593629774
843548418
369151541
68151458
669163145
801508932
588982179
374362881
681959919
758870594
995227431
221394102
796928111
210903230
71234247
475836373
246732188
184155920
873693764
513027372
657251274
300102709
804575431
199782081
605119850
8916574
222048734
88394829
508814344
387670327
997799562
733053862
402103777
123265281
785370000
254283896
65443196
790418074
133306167
456288238
700973430
60772832
130676663
563736684
302567897
999126137
116756856
698832082
708175377
27512411
361981218
31216104
236340738
765247146
914969463
396453264
221485965
634307745
426817131
256904640
154237217
963413501
551734326
286485066
191935661
554071889
269617311
745362811
510943210
972281529
31006660
89922313
49880005
206337165
880415500
72952248
49919221
866199134
32202835
200953641
104922185
865645814
779995674
497244750
646528900
350596260
885802684
694059456
157045372
131915065
615331204
475864104
362039789
770903966
50035896
262586761
743275187
326529321
685676461
992650530
521924595
962046716
584296274
993923562
327510994
312970710
953724320
986159972
588657731
966504949
263047387
235403124
261778488
168754745
995513511
716461196
839404916
650593704
21350171
449778130
54402119
373477069
605380006
220791548
360409348
198193109
180245855
583061575
751110432
691533341
72432021
635298649
620388292
300552675
665221560
235391902
952113142
610725101
222188603
219493761
842754580
362426814
806691088
416438294
648531858
229542210
914109480
800416973
711984929
977350456
288270888
425099036
488939828
394153363
325225977
419958897
345401420
335406672
439848247
395704725
666771172
330104268
314565191
913177732
64396209
135877814
620585080
969938522
556639781
659069220
457397048
144527894
879515042
484042781
870308535
878710129
520343801
405945220
674792138
251666689
181378268
947397663
808856895
569080268
328782118
25008559
245384373
791440848
215796252
117184659
107132353
990683415
801045832
270263241
893135565
225729854
25667204
405112433
976913674
113614100
758898317
664117837
322483403
927952357
391941943
137423059
226170429
306597545
593531493
953228709
336073100
498524715
148002304
989075440
521369975
968612075
241254893
284397443
508506917
315461175
635339539
723347231
11379362
609232534
734509376
1752181
399475515
638209704
534049560
883686220
240667898
203467504
22475874
688480512
736648719
208987097
214843328
35160818
683623241
524306062
524015672
448478968
309808338
909897150
658052941
753840035
431792411
709572857
615491086
632231324
111686343
919364425
71627522
811549671
782395018
169461417
981729021
414618125
449685706
19786527
663055422
772523421
598205152
187995737
720373819
302338707
94871973
725563582
378843
108277047
397598058
414230053
863184455
317333790
759796391
832908931
631613055
149490250
601884818
533611115
164665905
177967613
731659654
598679775
356254956
408435239
156302259
555359768
402452583
795858909
713246393
729941060
930675820
403845841
1032838
572595941
300440888
803150255
821102700
491680440
645312735
996697312
112520871
969887203
707959265
690753432
955851239
625963891
422851748
261870488
151636548
921896916
724477858
628143234
548966744
689368342
843138054
340086359
204957237
372640136
148826396
992820954
742034845
888935382
882813974
990827766
106336845
629313534
956911470
807539009
978583763
660787463
659404315
850306050
5985632
865313327
283811610
19091793
282240353
681190777
998834890
691672574
509714666
878921812
321569430
637498610
738540356
170586133
544782002
281243774
757240032
240833833
179504994
272624863
235952760
228562106
769583115
362177684
250766084
762056917
696088165
146399217
67824775
394830067
474633843
361021799
914990371
277731681
333272523
703262561
432321268
482060548
956954628
708972256
862448746
39480436
980390668
662941887
46323589
21740952
844953759
487707472
501942807
38483817
232564901
28239135
544902680
27903892
554661216
113309502
445244131
838778776
53984360
97359272
157882260
101577846
988735080
319263691
545936100
829585084
925135881
626471135
914325204
262744358
686401761
168055661
561533724
822067958
386412625
662724888
696901134
348400084
417785981
84141340
817915360
412828902
728941759
278264834
45537263
760780855
76910953
351684056
326128576
197333927
20525597
21292460
513954077
475317115
488894968
417401806
201972426
255520760
604500994
543736169
987440937
47161386
113169131
410770503
100007451
794425167
830332040
889466052
274314533
810628430
609022595
771092188
207927715
610379455
553529569
933475636
605701228
691369569
32962154
626319513
253447126
304956427
101138841
35791130
690799195
284249049
469870250
876905546
279027103
881046682
517596892
993804590
729831883
21281752
883325081
297351742
770346415
126683768
811194322
245206016
37028602
144256557
47196440
814723663
614847330
785352375
331567785
556869163
799384663
300047394
642179391
45445340
437072002
635804898
591735505
146932675
876048826
437830766
535873424
362648218
815998590
136514777
161946202
230949365
574472167
886135794
19790996
569324742
915814054
520929686
655436935
103123936
807883547
103937820
708355253
912705133
359401840
370988920
885287038
745915344
324279811
890656366
195702565
72021280
6489897
307628186
949548097
610625926
700931534
537873303
401056152
565779705
996737510
279669422
216406020
559642426
984078827
497358091
434266548
356536272
41980482
577857417
537279965
94872763
558512641
643159003
347841500
739070532
262424890
391297528
486659920
972892894
436993492
205932026
108338105
388949169
671855394
168269951
326142775
173575450
424669535
967647141
833909919
362385051
733749925
761350282
884797680
226435435
539976374
695868246
151240862
179692378
999249883
749506303
679840608
546279617
598321490
368401513
695141917
488518531
555932290
660133702
855265650
70344145
392219014
453609250
551881176
105611059
922695284
257648218
726644224
525531495
804039160
142921496
451008093
338639603
982882462
52114908
770971215
36043456
544409739
272209011
540001949
703544801
586152701
847559719
602315815
299751190
231034400
819851131
527614106
290738475
700785900
19687729
611251373
827922766
152932775
308204644
298353453
945889517
295870712
786569256
647314953
374388838
414305843
518612444
589551067
971256197
926145882
4062784
865613092
139883340
392575320
938120140
639490520
729188375
256916896
518842687
579652505
911506090
688904733
598474023
985073956
914239168
850908564
441062906
331552300
220617920
235111771
352643144
175421311
346097006
358563449
416994110
641350272
61702252
170129473
985057768
178089138
491579715
941288615
81703154
354208730
236282790
832230114
44097606
841613435
74748363
560218283
410103268
944266787
140991186
175626300
389501060
957240067
599004309
194483852
921716552
91549249
198705266
738198732
72819944
163712310
964729862
386475906
896480593
227659147
776189679
406239522
328279167
423833489
836185949
785634465
12134018
275999734
240856330
374169885
829655502
679679426
211862216
353410777
231365601
675629357
215039040
773315370
419070338
753357202
132417891
601187599
322974592
110124038
888754907
551327494
690768979
411138219
430083481
251374193
61639794
618700465
764991595
177967189
757476979
234436455
773550735
715527676
432274129
926402431
667405111
732538214
386814979
16301531
482365716
7931702
25000706
527986357
614506852
694420992
909536237
929949667
527500686
667331654
665069549
200021384
758386982
424060339
636206841
199766868
873483808
736207837
649912246
211652841
679934156
989915580
205777380
860481632
687657692
816683674
656559448
266886464
948746809
492266020
552869015
345765310
520060947
898119589
373507082
267431188
475340652
973654474
565379540
597553448
774183013
320972434
591258923
56873082
345369310
190101634
610059905
627939549
635875000
265846206
457924314
145751573
764116680
605321183
333674515
151434747
528139747
644010602
807157525
486153174
265428200
952964405
547325237
522994493
395094956
122409940
743291164
870720831
103479146
796866794
961761546
335808809
539151134
474573711
179982571
259411023
969651059
261890710
457271418
692045475
237809654
216802510
563123829
185114507
332285356
358638885
271850301
490138828
976161712
953263164
468316807
885510219
198461180
814683258
222323053
470182502
161081888
520125669
614808960
919496434
850630588
968637728
936015122
929742188
150899455
832891759
422220097
345948804
662589470
1804970
273233398
634799342
54419491
995499880
454463859
781706878
924741948
239689933
79303027
331132829
357776015
994522417
268235089
908388593
432238917
765219961
484376704
352537786
933997721
906416454
747494302
917531765
105488532
776617842
652517341
369795572
85671299
779272625
21250757
29103225
367644454
500676889
708097305
470502871
710346142
926934192
787155247
712779992
892925822
19045130
567785801
362540018
555135428
271264492
766428720
627275876
164544060
145033233
246966448
271621989
404739331
819551308
111460687
156815960
568961488
748788738
754117061
896907670
799192314
471896032
973285239
44404730
586400927
750228661
338731364
496113265
525203896
407742838
213216145
631765208
848063417
7652926
944368040
212469393
755153215
983659836
712831344
738062147
237919118
679229789
25911643
676871772
790515899
722421692
746373887
456712453
515743277
658503528
687647664
510002299
659797409
492154564
679694960
862040994
801999721
390197548
946276127
370851071
208999908
63360837
229298990
770269760
973905335
87566480
642063073
199477226
555654250
564231911
524551917
353565120
558331515
303674857
285649185
533363545
404820955
44608076
642897672
415254847
830181563
841049990
59647014
375446496
546956895
75395358
919818796
808837890
118015059
599521809
229153414
297085912
385568691
689057542
932922651
579675886
90110296
374731481
922730720
105503977
700644106
137280211
402500997
812992068
208344941
858417689
586093973
313434163
577497150
417395513
975429704
889999744
157177237
81849083
948521991
915284078
371476405
308943146
459990464
136757108
814456008
258834301
753182325
279090090
749292775
85192306
253726334
100981112
625050256
763716901
494390606
239640850
543187369
231831173
37233169
428335903
524511280
256775044
777595953
349307171
521731408
172739982
42689045
806465790
19816445
520571320
444161535
951765671
401532233
764059292
789897207
447189146
292061235
360567679
275478113
794408805
591205732
729638370
607738731
964479279
724044354
525991870
313026194
38263184
870957436
472915653
527843924
714918007
609152079
64601511
163385339
134493815
351349975
737514083
472989217
83777886
189451758
839764593
451817190
405069330
400167804
737933997
816394984
359241984
310892993
229956613
452513262
764747342
532193731
233449475
773293168
279284435
659688146
855361599
489113181
260863528
89787435
445571219
822194592
767447486
116462711
139467551
583221845
42205515
586374686
960274665
589643699
158488093
688923302
650282433
924800325
740591978
4816772
198722666
386169858
935897194
816538057
463572565
318053103
985506369
593086580
12407478
760673066
87368395
992017100
251446764
869733764
211550467
467276609
305131540
740993121
120216890
2291569
123316127
293242828
331587901
724999353
911580179
689809061
231703322
502291973
529462410
48658764
798275492
306554142
812406256
124989712
90613642
333666017
887481029
984249239
747664616
584090067
797300226
336109876
206059606
724600803
560097662
459109942
925058741
852011368
637115206
493237460
212794739
650922244
335655389
324017539
503876304
722784951
820167710
372759522
865267622
911573974
184843124
111927849
588440043
651402972
900757184
602367561
58996838
529888765
503238585
396791923
26432366
155002394
468927417
262290407
988414283
773689580
863439560
538712694
122864236
4282339
830935998
563124123
303077644
643750082
537505144
808527893
854424256
72868326
589037919
206699836
850486848
468085778
543428939
58403294
222282550
608753644
137817661
714705980
545821932
679665786
737443856
777382419
122205435
185694154
817948795
604707260
351690002
76554287
241106464
576705311
736263285
244864892
844244761
515762933
244094226
298176017
67441544
599485619
585128488
800626302
215988119
346824493
333444092
165036096
193978020
8843198
354102754
810450417
843498545
899790748
67658594
942541821
523940063
7222787
581329309
486299536
869675057
653306271
768508445
889011538
29647691
492529207
866475680
827988592
688119498
161397985
132199547
717166369
879862410
932675443
86395268
404677131
525161848
997193094
886907805
966360895
908350659
848976052
542274110
149338492
739057671
819600367
863731925
443839314
599580521
330801950
847493431
12504725
206213894
541341657
690293079
246054800
948670692
416175397
586498745
736582329
567797628
689981810
971345245
782545955
463947704
667195947
72790521
342060076
727206291
164177919
336606580
117065374
815433080
439145910
127147087
158747031
621620175
411290882
163144872
947512376
511026820
322662281
973117759
290210535
999176307
189630291
120584665
382882736
610358217
917161505
645179930
973496395
839681526
914245588
961190730
340188537
999072395
801687530
408212845
971235826
636789384
762231834
353104409
232726960
139856630
858814012
867316023
418338628
910080181
916534842
174183029
629073849
947125583
898914049
267902091
465077304
460981827
668973432
603239331
900396554
696765978
14171017
221559850
547887598
113228802
264132433
717201907
432702492
483469095
396237888
494579029
774779533
875163599
451706977
24772950
771580254
529001896
584286320
575366004
606752266
922551690
539848342
335011334
923779441
270729148
68088284
733473752
246633108
139775559
961483637
88660942
275392487
654653587
664618819
924599920
532654541
297767573
857445907
367149358
635187202
265884024
270613043
395631915
819976451
371043566
233112141
241493815
875058630
37395376
482816142
684748643
347889278
368441477
519240262
722398366
906714955
555119278
11066028
150417366
34614262
54114716
715168898
598788340
503210872
631221619
985765994
404502841
230107784
895670256
128051315
469123284
645820624
959967964
759647118
140797980
674425413
20698072
540248421
187695464
913655340
499868975
555397726
51979168
960572560
806894146
152495833
613406966
36135278
721663386
398889443
520750301
460738504
939956218
393402179
514063532
580999791
127452286
908659069
827583790
154578102
862172613
12468521
441031369
403459089
927232383
497904494
179206855
384132679
392759602
245181082
671164756
813888093
96181235
386073872
594590172
36269462
634992425
229107343
994695478
924844316
349470962
782114937
292248540
400231479
322389856
498869282
60650393
256834379
591951436
443539576
473427912
318087893
35307891
803308018
747815098
503094225
75049517
633067454
42137701
29997336
392029153
555909670
107381728
892654650
638080406
964051346
99753894
509317769
334994721
186709033
433556069
978170733
34345146
300147996
145521909
804264664
723226347
251404058
555593288
553243737
196543367
448812269
898974463
181208243
401599961
878001228
675262313
563384544
593675373
160938817
576095420
208196311
788289514
857829765
878564131
893128272
413618991
887034274
944133183
483589619
470190350
381929425
358314845
111403517
723268191
174515307
809519871
445914296
302043344
504166163
218690504
311434348
339106676
433490853
332131101
141644030
461371052
973599406
431243406
485319839
911438191
466650220
830095871
410581524
888788796
639662265
855824376
408635307
421853065
551592351
148676756
127948786
482977070
597656492
656107364
521643848
767659292
965893179
476273597
563392289
898508881
651796697
317135599
556965452
467739234
367362824
144512257
403717881
450476406
853223496
219356085
10533037
273772145
983579666
247804482
255826423
607749561
371583642
391751400
954608771
349628280
411441870
358686521
500343390
272334351
418466259
457665854
317401503
537028783
47331854
86964965
242817566
774274939
253900838
437260621
887033993
755629574
182357029
887473163
815542986
372155495
798078579
526020349
805256851
689664339
415978836
108879516
244722292
114337595
4878303
961737403
996081018
304246674
473210628
577320305
147766291
236746802
609975982
897578720
289488764
783140515
389625621
168228447
238551368
530228224
118609449
338416583
983495876
643793236
864803384
94452822
481370349
984119827
80753155
775345634
904438673
835947818
957550421
574832849
82255498
235552970
252044704
691289900
767306778
793106165
79761351
598013744
240554569
136353127
861764492
854271644
434759921
520084322
310335881
512149693
282310043
827145252
878648567
680133824
409015784
823000813
870834115
905943464
899905105
69537111
295112294
651369656
621772352
759058767
851531306
877079580
119612514
885077782
371096580
869144455
245154043
675591526
492072581
819793271
74426845
414000254
56328385
715508364
217478496
481713859
520738519
946250806
416727906
215571
66195090
556791642
194624462
801558053
196695687
941888010
934080603
292006529
387411121
667650588
14570662
312994444
141316695
306403259
531228606
315966761
171961761
855008867
883938290
515869093
827945402
546875527
623999767
357435468
835795916
678226176
108065535
394839941
309490607
457592334
988104153
945407861
429212153
298634676
573043488
603895286
630102738
404254552
596124496
606233983
743557427
979025607
499640478
180159561
638990019
730906326
649110164
201308044
589309563
567358065
990774521
450715379
93679411
688559448
854160668
152623652
967409614
931944077
773924661
773924661
810300013
355740303
415906438
177172730
398651486
232440731
358818342
935989664
112316755
796452496
403950106
546056339
316836986
739958568
435836421
903354854
566401467
184072667
255751026
634723431
780161881
205662216
993922736
272476115
353887723
501921731
690897833
161175675
777786136
988295268
231551524
543288923
627510411
34676889
119049305
812869639
131897220
957917435
976169594
823260614
838188394
465846414
371963686
836040598
995370067
229311260
75373162
529798348
385372740
664374705
684160712
763021487
416788483
15380977
541227054
614086367
924722157
605758684
434654714
619128892
163493317
626355261
633999225
642005562
251865388
302640203
911207545
647671173
838666271
588095577
527436056
967988384
143673022
210025850
24273623
535274956
86889385
312288096
955388579
728197532
383408108
566599484
256820799
692766883
449213001
334959342
356041919
57265726
130550405
743334748
547389135
564171281
205039969
144997175
740744580
888691293
827555526
161042601
5045259
584657210
122437261
909462264
171881667
236431555
549572274
817522962
944204329
393887077
576265714
798174594
509198995
744441341
351359570
432771137
75861530
959078978
508920587
259201522
11941085
734028884
526639930
622088381
979950173
740205406
812578081
592572845
182631851
223456338
641358647
365850739
318737276
800665704
398737070
304753
538595248
111440730
693179493
960548042
493579681
331425144
621273134
457152748
6252017
93722005
331765803
206581300
218927675
203612978
350016698
855286639
623026730
192591253
264168698
27963684
929108034
749963538
465250951
533995131
496387762
85487161
950780626
811084521
432318265
328509238
148441628
665804364
115947155
735590799
838580345
429756113
718066219
207229086
460169241
499672215
642477932
757632874
450756051
586338762
762285199
627759969
712751480
452306258
483529061
321829379
612504861
139274757
837055865
498520578
445189380
341128098
509237318
165352609
581422181
214617099
482866302
829047679
644045383
196792923
760643955
408623714
33237564
500808129
913489099
990079610
325370101
598460414
163908962
7287158
22289537
444125395
90420467
271339395
797141002
274106782
528112111
373641108
667973073
570114182
70229939
773262365
621923690
473379780
790605096
581943594
839060733
480266542
296445739
72318501
216849199
368358732
448812081
430538043
303797204
288862469
467250451
931401769
489088457
254611433
124863064
895888957
698705980
513769591
528868655
703269504
360097875
79442673
41328318
462855655
432967576
900594615
775441304
928170071
652923689
328518288
983423153
814599434
222927973
671778672
464346204
189998312
866420648
976511387
874854170
414441252
541977778
346822074
632929388
193304626
360626008
412009073
620491136
339837268
942017287
229500011
246519556
804792312
719386277
812504930
81663036
36661762
589985877
26700362
494896921
39823979
273898489
500272408
905606956
632175192
291303053
935659597
440660331
545104259
987899788
862675462
637477923
912423017
6791997
781997338
1547580
367117311
853906115
330243362
919731563
797709724
395902838
760663563
828199203
172913220
304060599
488327106
652916298
839843186
920277111
488431155
7538466
254992927
268821484
240416692
276496932
904010150
73337348
397636016
613485804
130087794
11795201
579531509
900278204
384928564
867024157
367218343
403503975
612024404
232488374
146037473
810012588
74890652
414044106
872513572
550533639
180785234
770439999
531233420
747460252
396429183
154657902
455449968
610124978
485400769
474411856
901573852
267836361
410230720
102953691
394837449
393943157
536176946
430468376
190700487
48165515
364288128
657510432
739129250
381458606
674157763
331107970
81025329
850019102
894729684
982771473
242016119
952025859
101102228
896874678
470182278
86140071
229669748
473060990
169518662
631717265
453576141
1167457
838776066
286752676
102567715
242529576
225709675
61025331
493154081
382901880
232534776
540103472
939650368
946409446
885812391
6571701
652525359
153323243
487298046
47385467
44368189
655083271
973887860
961777079
717649998
326984248
218783937
275018100
822000939
110462558
541670716
541670716
354252397
4924075
695961244
663766877
921291766
110491195
492164169
463430035
923694653
982233888
407019153
229248984
320465655
889905990
121826577
521974448
627524302
285261898
639074082
290159193
577749926
183322566
688529549
729388515
633316667
295286970
855720845
892579721
206673926
936289949
703879412
560480414
460066978
678725728
760842509
758414566
564138008
768829658
270325771
831033702
11859123
539853957
769364744
692480039
69235448
375950925
205600255
355402451
317401353
14882250
694862714
251637790
542475353
399300186
288989169
883296599
877303026
611686388
65662320
719244907
629582613
629015686
493411305
425810052
230655402
392278222
86040336
375021467
30913838
472238057
63874236
585929181
921377669
347880809
923938767
986984037
407735979
831156569
407124451
734159814
380630208
5081483
133368463
812268896
355909639
886986637
669717413
633481370
190748566
705514244
348016151
900871283
642325846
767042561
470761828
688492904
83450803
959836615
781710286
154893992
361604344
380467659
259843413
742903182
733682645
980424640
287415084
935761212
236224714
538149711
220168345
269724629
235043208
535411081
67379292
625929126
523246601
105684274
915958639
391688707
642819264
682846320
197441906
618533767
952159129
934790444
252266128
219264542
733270408
211046190
937759987
261389473
269269760
641377542
359115558
776853948
214823748
991643719
802139540
786364774
112550718
952111850
456250302
674724563
991082672
623566565
277137302
475203122
711793454
896249593
922757302
54504467
741383906
846447238
121544829
112980550
677854090
856843233
955854106
133082944
624692747
326908226
681358015
515130167
336050479
223296852
607315789
514499240
620363665
768744099
109074241
641182421
456253517
108174130
343679109
238706163
403644321
131309683
794630949
107480840
596778462
546196846
690930484
36554077
232299445
893726435
207493834
925891823
639344652
643424373
942463875
98022821
968168445
780688909
160742340
518769319
804247333
655174443
343473580
605607191
708797520
350474966
973229292
789996375
897982151
697104243
836055948
354417812
624260075
232207062
555154548
550545505
842089625
254533972
746081928
969853945
443414133
900689244
82007413
835082205
246048955
304336846
486911253
135500208
25683247
324578131
816523789
247728672
668720813
416608460
460329174
468373696
384119404
623893769
394064650
510319902
811286950
98273085
715801128
935702292
686809309
889130523
320477107
86412004
144397588
941449964
843740464
609482476
709042166
166701234
717545206
882765258
738982803
599021851
724037658
723321988
350656961
717126680
238535587
166807808
46027993
298956021
697612789
937940620
553377727
511651668
358159857
32130035
376847084
345169440
632292674
327496741
902219763
704165594
17875792
60166669
648196196
801085972
221888024
422814902
418927107
548492083
263835427
782477600
793800046
756910094
568842087
900221594
113292924
959396044
236918307
347151153
440455143
621385039
407958622
19965558
221534488
459060358
903669570
630087395
499837609
47939548
272945371
903046600
293348792
719380522
941302952
689081260
968874230
640113721
405494058
460369486
245825590
17658415
390606272
259403766
734076352
101543271
635699890
39680007
964521627
222938845
689037190
595113579
622852643
966685579
601450761
304522767
990579511
34216293
64941651
879775531
643635700
569018363
367612341
632346465
203755923
811937497
750864278
626095493
47812534
521356339
475767072
60216337
489895153
2299890
788023895
839622921
984153559
104863993
74179276
299059645
546156680
178537502
429868829
91340838
334975717
583962638
870184546
921549090
392285042
915630051
399434621
292538414
312750467
979439136
781928698
411311356
251906383
878496545
193094397
397830217
73771901
664965773
492712970
412948844
685098673
289788797
69153788
183451424
43663390
645697249
336806081
498504033
842157125
345674180
499935840
216094250
817581402
770184970
691086173
26988686
135912260
490876790
714553008
908786561
529971318
404640103
418837947
716104767
451331632
46539149
531471085
25630219
489562523
913662574
563445712
629916094
295294141
816651320
437055491
708217748
644676827
572180886
452028039
459200330
207318424
888850807
222711736
320914189
565435546
925513933
270001838
736711717
581826059
82393937
757504846
321756757
3680402
657115016
927815566
797899277
916993104
592824644
74730977
156975695
521452292
749790998
513205006
842814584
436157622
531603528
559033846
526464261
511403020
521816112
698365888
443713448
646117521
374544120
787667314
924886441
842019750
453023952
536885128
692426259
43684107
475361778
377538010
562795492
288182446
271181709
236278726
235244059
780512856
407132011
718897890
598918192
415822568
260429985
541212025
101151111
547056498
4900648
135026422
776980824
200726846
226196959
693922425
598799395
442501033
510250893
201386729
22543688
517375340
535473155
768144337
221423447
924968372
344834611
374819356
265113424
730498363
993206543
540821263
291227444
738713235
908661943
385932103
934565070
597809308
540054589
926769382
42732429
240330263
261112829
363602496
925888518
39990705
227260747
838263048
311219284
594587516
128669329
13427122
712379039
209573582
399899187
363111279
622879420
637964913
284061526
214832620
691979444
639921819
814622206
486843998
210354079
441043207
582203048
771145722
712039293
555454281
551213774
536383777
754302227
849099073
600968581
305348270
122433267
36614604
411741852
269934038
522904339
475122474
864042067
532793653
391420174
140988531
360030381
592757292
801295423
289579521
349031429
754610647
34196374
179681912
282714117
90798885
133056199
452164111
549882048
98210055
161929239
143926469
330140126
827333126
290359548
364733772
906227445
55359751
170488382
16990305
194973029
679909774
349039738
378206670
62627223
757875049
64228587
434139933
55460740
253485178
622485579
352128329
241221929
102118891
602870616
639276039
430684196
452473339
952123231
262785039
863747640
366096599
951977962
979879611
523544346
41666207
519392442
194782793
110591896
621488652
555120535
999556823
239927461
389626359
373050443
96212891
701520709
26988618
917119005
327085276
298609696
969108428
373733569
795269646
813139517
953569190
491476837
64170332
44986731
654533168
452340244
914062119
339517052
80865663
531003709
274331107
985680460
995008198
143956541
460433157
675454186
391253565
767787800
385899384
395720590
268044514
186052245
145318833
322966848
153282315
879619441
61767130
750413967
204778644
143606228
815407234
518032316
691147722
862577691
814656949
730273922
160735703
313609366
96673140
266742458
90833140
618865504
741552464
67394768
264941103
646740774
246807456
550698009
234132328
550136188
790715281
305404768
724289886
306303882
797665451
283228988
527220878
708989261
877909979
677081528
960306769
674259638
415488112
675800559
47010329
723607235
910102961
285578389
679431364
355291794
807445940
246370072
703454018
678171849
292677316
853999524
499136903
71552533
119448276
866528435
106332219
415598306
925744422
537979778
875517327
728237019
381881883
885729797
407882111
505916132
92923186
922359354
71792553
455631614
629764899
29785861
170011852
32380047
300437514
402236763
440831505
798196547
68300669
910406485
729322768
576002891
522429729
801369708
891827870
156464636
848836592
525833
327985734
136747988
882742036
124208073
853580010
268524767
381655487
102987006
692706491
958644545
346888766
440824330
675392308
168272522
315986417
7758316
431063527
173815453
134316136
617375693
378438056
926690863
855777160
54018688
446371585
296652962
290475649
868136930
509349313
648461715
606655817
368371716
341444645
992208447
966115052
645974257
843441412
9481910
802503591
469341978
180768425
477984490
185117993
315275971
733585490
169788122
683868117
800215411
383150297
879698414
633646892
992174127
511726234
593412453
936452024
602191640
716378606
307480155
414590709
230540596
72185678
891045665
596957796
171885278
949531702
623422625
513464336
70009961
285852598
362117847
382944964
775028193
796905797
736987841
330766854
659904878
55829090
962500843
530254392
774242518
936186921
634798038
117081754
551929678
385097798
877460908
625281570
15453158
976380227
983999887
202513937
707209757
648295115
242484843
860068117
831823992
129645188
509723266
887786503
421342339
73501805
537232523
897621849
795411247
908740377
736196506
393933595
251355288
460992263
171246168
940734621
814926059
971383138
750109558
1819220
714436395
421383804
750481848
544772366
798140748
91953305
874347304
721832725
977094118
438911553
204567447
384380872
828692073
981731712
851016946
206017122
794263077
154216687
764291964
166051899
369108733
512336068
665603292
512060577
306979773
86519130
559801807
330688873
590208752
913893995
310003527
396905701
3182346
561234467
595781442
856543020
882548536
991243517
684035309
159340854
956387870
903027469
524593437
480369468
816128411
81512283
985954597
816639779
248977605
668004376
971569324
162899761
218031512
381981712
691907189
492712356
104344145
518178849
728953073
131910589
305162166
191132923
3020834
385028527
61038783
190460153
2042102
544233224
992357763
161471261
789607132
466748514
124322154
812593502
729868860
674339447
696010854
726140285
909912671
522740655
422461403
848822560
162084481
609804677
584476048
746718430
222363597
558812496
689858540
694455067
688727230
564715650
63099031
878950437
402240340
783077434
165763760
116653825
602759884
685797548
841153505
724236620
725974221
671140176
811838901
365679083
990334223
493712498
310741080
271561719
893215477
668560882
793848917
414660329
980648721
629720925
988984385
856292340
476554751
425426116
244104368
700029303
961925153
597840504
681990849
63870030
716287125
671664190
251669583
711283496
946785526
973224270
955703180
168397836
224894570
774391166
12023311
237859336
436400855
132653006
866985575
916579042
474753283
889876436
15008524
457305326
467849865
526288315
672038895
37285947
633738250
115930799
697526032
692778735
489069981
156432620
143588665
504434566
379956248
986718542
857757552
78553882
116682532
852238417
861318158
514210245
835351381
890835449
46343887
400659357
537173071
48158850
302485064
92655382
308419173
207974800
466492371
108662495
6349297
876669957
632414458
482586652
978614518
957636115
289081114
170619319
284769896
660138123
752818462
870086259
844370185
737798021
747178908
474738592
563481645
677257429
684809155
943845093
268462330
354502201
573878059
482314601
379184035
463255147
600939556
853496024
976359545
928474849
352288806
794040493
32756415
354858816
954533086
281430495
307992038
863137644
251852362
652057294
59568024
51928784
144554883
489375595
321063890
538190952
402522210
786495841
497547636
970879408
125878381
64646820
767214802
351825276
910630750
631219567
200028714
584676650
129464099
3572014
963600433
867181488
842720944
16166409
681250212
774562603
436948461
317561876
567716429
836000539
522505778
205821749
87036293
216695233
937542372
1377442
509760834
644758352
506130267
434111494
682157649
446535030
109340068
923462550
530851380
438658244
578950346
348714689
859913554
635592939
273682840
562544007
247360012
150293403
556692782
241666222
728058522
103653400
781270595
29423078
83132999
458032450
356729974
551492803
233474126
885034298
217813898
892199204
984763361
240182693
367951077
706812832
51152731
342580160
773873794
721706531
25176321
242720927
976548686
448808430
615405090
569522629
930373534
361873688
876900827
159348961
905569477
432217515
680063944
572434301
601551072
378902152
892692442
763683947
547208020
677234766
884391874
951891309
533108623
764931660
514310654
266661280
845329747
64543095
509982271
865789375
680296671
675993201
743796591
823864051
52821810
230146288
212248451
273001630
334357609
888455168
496499922
476183711
408198117
202879364
6590359
888624879
788948384
949363789
412886774
817018607
974144336
50246533
748834769
508716062
649165689
21822618
930415738
353603081
31178008
948379375
726264344
802812678
916697015
524969153
86955522
475683426
37414975
406644055
183035217
802356128
510197290
751063030
655631580
42299591
756915120
448607554
708655912
910819826
316529618
652852938
265615117
871739939
863919474
259256157
963818553
944544913
446411125
783309776
527816983
177064410
889162452
695330428
693693158
717190183
126722622
525744820
627223043
389402907
148233834
645565970
755960087
302602078
590504813
782723297
408125196
789083747
46773122
347494367
979753566
668757133
945433658
248633216
495027679
531242942
752603853
770948678
941130448
652751849
554003491
614913255
737102079
616166997
525799788
319880166
848772563
123217285
117174221
327587877
906040926
892616710
951769789
590423292
367728293
131487121
791622659
311728801
843191101
603342513
784730160
161488232
710786786
13364840
266048278
254214406
261961020
449100377
168918772
707898930
771226154
97856856
579371721
935293177
460153274
738194169
777633910
540356376
157448871
678111965
657602338
293679328
140019723
911114494
327926698
333560868
920656456
728037929
561839732
903517064
695191149
11609491
491602456
608956512
155983908
721261044
376464577
366366250
901292762
807011123
327021677
255559979
283935006
454605456
444205807
821838165
2786143
199466610
817165968
639947481
348645702
941936262
257956582
837183782
690423041
992624026
905814831
475055876
754486454
837028759
567337209
348780223
905308033
321500520
912868244
333158577
160225837
489048490
504277708
305496423
553447905
957298397
768046270
641160661
745653497
951104042
19168866
38386033
571538735
371918594
648309116
960679892
217928003
301870989
465982689
105256701
526137140
966903233
44101632
513352644
997275120
853475912
713457744
75140212
862650793
842031703
197322018
547657459
655041552
964005279
386278200
470778415
122475380
880780201
670748279
411689639
216372868
678372273
584583867
89430230
964722817
649823011
423471522
116574449
980283088
284698760
975893391
522560144
750249830
228156827
715223554
432443191
380118727
440919806
406717331
133265617
335654258
232113163
589471580
792078850
319922907
201305036
382074561
258628584
844065650
694080926
215847688
401892724
155897801
575735842
151861135
424215449
553236115
847276905
808609966
49080636
183685526
857928778
292366432
791584662
528675467
251329425
156444372
566991997
322671625
174780236
791156149
176372229
823524219
911055532
260919858
345053095
213368910
835403513
541749340
726898568
570834355
365107665
518407758
237711080
593545397
596323951
90868980
726284777
618341274
893441505
316369115
559076841
17952788
376583428
634807690
601450816
269399111
947504981
945523781
68703027
782277530
619993677
553808640
884892287
663342572
792812065
605161864
31741171
981742181
837286110
677410529
966161808
502640103
284253286
428355848
321062151
680738862
623639877
716997769
356976582
4382325
133714755
959289164
513246810
829171268
932690543
980243944
222564635
673921896
202167776
753847775
207459161
524533384
331842439
382891936
804652265
913950382
491610272
22671196
154864972
598096770
745128932
233874320
615982919
615630
522074817
295386108
563103028
595784869
44871252
503106676
767732252
642252743
524249677
744453446
430531566
767705446
37792220
416816453
936802092
254213109
289023611
303249747
174949845
625665088
97174991
679534027
688149627
692342270
326859393
316575648
864857270
133650662
502010055
711230851
756164572
1956094
135272245
593295650
987371630
759774315
493028678
443671747
247196537
485704086
848998098
988898776
228037101
691916134
634156197
631847490
682787404
573557667
366415249
30156181
456822022
403718647
234001715
81044566
854358488
920474513
904397735
638650715
742659902
807876716
753833544
637824289
808544974
223070830
183878358
639831818
694635134
501647075
920126236
934185365
408425185
753262661
56529938
152787276
758515392
758502416
883778906
441703760
741212590
905878121
136762893
831791878
727126979
184265983
541053515
855642443
105450294
197696362
335089740
106517059
505836450
972888275
593889184
675938910
549404039
214604117
880303555
308975982
778212057
192544116
76365443
374508934
984242235
536555129
592156758
863387990
746474205
17667969
129633590
116786612
490308264
587699537
722540718
919783605
325828580
230859923
810131620
23814130
97033955
401040784
983516627
828057420
528241516
316182251
776048759
365028346
472278084
699260770
653794925
855494583
174482477
994112418
952428285
585407598
299509577
620526499
365113376
21661555
895921503
518794628
705660656
922760821
941275072
194119630
353771583
756871832
214404251
383404083
928896386
519129754
436379819
365861119
257061129
899067535
218135976
699533073
398709755
862921451
278104709
165976437
887696691
729354155
234260560
430412612
881747127
288295641
447586671
847367123
851912836
603500367
663327866
355399488
957512831
507243796
666936995
656706196
737367590
63535271
465688002
759704379
198850141
926737818
471724011
269593572
934239590
857614620
555192686
476644290
998738234
224678362
118325302
868209982
534717771
442553489
522654371
80797354
837547590
153213905
432195253
270748169
85684127
21330748
600060725
410068125
43361824
807501471
481598870
707416005
226450127
200847120
537487939
536828741
408781028
157652860
476804063
362675785
98748752
954021056
869004326
938736060
444565746
426485374
781289577
921063098
527105668
501154924
774451192
601588996
501029664
926559414
129726234
629413786
690546113
160841336
779843286
515690968
684894600
664490804
3784142
30225809
233247836
308651813
104925526
384051240
463827299
941180337
478608595
530242976
39274413
891614301
61316970
624154764
406823347
173665123
479831802
793964639
164213385
68539480
397303899
66075077
233264292
5264507
75768798
831472285
436500236
630965107
144437772
939026231
67373127
989877146
945783620
931600571
837666837
103805368
261444138
276354238
310699289
983299300
636060665
382729136
175014752
923985661
437112213
624140923
324580482
264092652
447814876
332742390
185288689
600914355
212873667
932295617
34167008
163315396
935155707
157261273
21466515
50133887
118856569
476770278
962987005
107068448
199933946
6676658
839578299
949150169
422921394
957056784
43427600
555161567
247026737
267826272
947346564
938839229
514877721
159142904
726204972
797361791
589790160
277200238
36865000
242535004
60581093
919088498
433607544
112134013
48197133
445114610
763287517
253086339
840482386
43986935
399541217
930548885
526176936
159502640
757576846
440188105
478153884
769285525
683107644
316135786
505908572
929030376
501332417
446151154
809043274
23602867
701539278
588740255
832883752
673850550
30902090
721382451
480469613
460731236
474814540
350829550
641666273
823232581
734432360
227078587
119202028
699828355
67044942
840351481
322434045
998264579
328779398
63246471
686022965
308511229
73493233
589640775
5203979
283038123
623007633
423178312
655328162
772842220
102851854
512523219
650338643
153404818
931626248
590341972
643420427
33961898
395930382
472410780
588519887
981730937
131452759
628994200
475141361
680175214
413186130
854057645
799678164
814586097
381745996
506314304
675192681
936839430
490119628
565626178
714999158
725601786
813741044
627106296
567461101
965812320
913406174
281733486
174579747
150199075
458182208
656708768
575608301
15465769
672844809
920207315
730010433
413459195
134617539
358518601
488912305
290093277
767450947
951160069
136893939
232425457
377292852
605398007
240586903
328767631
503413663
841528134
163078280
666476181
299407409
396027582
889083581
290966313
32381880
995774669
606552581
513827114
945342006
337471646
736680927
41653300
119757930
138084503
929709555
293598689
609926228
528581845
187231911
256294418
950187529
320167810
633618647
582808755
58340798
968563454
646815806
893154270
90321695
671324879
823096777
608351841
444963415
6502682
744434583
253844806
170480114
561940129
181950825
223634843
789365552
43626576
136669849
402330712
84262607
493260815
192617107
729296609
905948914
731618218
345697448
8262371
72885928
933422563
831296311
201550700
709259009
25086220
155419044
296957807
456366082
927117348
696547778
650985224
922798693
527397830
138998150
940480159
789897815
621242030
502565454
230617005
514251403
281865931
5493724
287920666
986561709
653552715
215500911
296648895
378417717
331730757
778785142
569503898
862467269
620468195
917822644
751738412
478487365
719144358
918192648
294418027
322306278
160470397
186961345
17691707
943607478
383027096
375252123
733733536
532608475
375342829
182253052
464975265
765527008
987597035
766807101
844031779
377837901
846178403
58452876
327835786
427736117
452647152
49637836
215127676
435463362
806044037
484315044
630987675
478001931
416115504
592358191
526632688
57104286
247686029
621262654
852689248
392418217
306713376
684268827
420229337
883877886
608232028
120899991
125495080
981833607
172945897
468412427
12849339
894383271
350188566
447368833
721828820
310793683
872960311
744586370
340712130
424891647
442425968
570026744
350312207
884085362
301169132
478025094
203258340
183240591
213692024
629769799
936768575
525935921
829534675
39286979
595838959
458298752
381295197
651552121
249743325
849067358
857480749
560208753
267151543
15341565
452096611
604676194
512333976
13163653
193542432
751241028
131504654
52340207
338023933
442679256
116914789
880440224
755417063
543476425
980758423
692357533
723382289
374321513
209519584
125511215
6935942
83010286
717098745
366771845
301123973
731220599
625359478
282519056
722020250
429326074
417790390
300376561
32651987
303078242
437541654
418384339
72136289
967913504
308149089
716765373
327883621
102387954
473690906
660277940
98564527
802981125
16715799
176824006
737600021
590412197
828152844
383224445
5288659
11875993
311677620
407324095
105039975
988419580
401319115
923841229
567661525
281388188
378353094
498710756
531096568
324159910
556453796
591788927
381876808
309432752
843898088
416015993
513553287
995840184
935015398
134903279
359111304
161476154
603467562
615108813
370936531
721113598
280610984
755459207
294381815
290224299
490083050
730570824
634284077
138690360
396143300
277711398
549687915
46525137
926590768
288527116
496710977
888293150
621405463
12596573
351104194
467868167
846341508
904884503
179546790
532366261
583319576
597289246
682771552
978961166
608747235
975247120
134997833
596258309
318389337
170489463
90812445
942397785
965948141
502020463
502020463
715954871
799854142
725049107
825343002
555368355
372423362
633102372
364828706
822186664
985762291
830742802
291979993
618438994
160835064
879296197
378232936
998979800
255465097
400804541
351400849
478341387
629793646
88214348
187527461
50174933
579700125
138657062
537157744
552065663
314823498
598927351
988512352
703732656
989521864
748438776
830857770
556909775
361996621
7581144
190970435
775461188
116552888
218410871
797519055
120790482
554931708
333081119
84071620
182993496
520407234
12805908
997800479
337005163
315163058
242619135
538940992
876400033
266472564
690445876
427611126
327058713
70462718
320366127
777776259
378996433
624435655
785626173
379320404
530280054
274531154
134266838
869473562
702942284
28227756
160656049
244071842
225995995
773742595
629977251
939743685
367095318
282160409
316537193
288693330
798635385
370945819
888444287
798022422
282126579
222792675
344432552
384398292
84729690
158599526
979450723
914121714
240955742
292461164
426542846
555204193
987018385
439277053
592389397
528526054
218012470
188790417
20458977
402790839
477481461
750709633
440036820
21991428
603229408
1228594
327412954
420974569
18522000
979486357
203366525
891216523
830578657
580846386
623990641
469152690
181786160
94128926
716393959
217273781
974777796
143065994
768651825
55525720
381244079
607874374
602279723
617469556
103772534
789284122
623400131
310785842
838722384
726587097
433622950
29082781
207764004
555432066
325110354
713893246
778675464
51625538
943346012
934870919
118192135
521315854
394740196
177244384
695629421
509695893
141721618
121432866
937797684
539371232
317932385
590383849
402138686
373710383
657788382
8295397
707740999
510162247
970220784
394819161
610860935
6363668
85284126
309005182
283097221
612905127
35775458
187977753
215572369
582599224
2689767
333989201
377776879
843332784
123899347
162989818
185721965
958273283
364760420
5603113
714110306
735430815
562713091
681242759
348603857
140751047
510572407
121850958
610009468
101768954
82803212
186404351
189472216
778772738
577313633
141269318
256523764
554113880
977405803
242080403
33578735
365710050
975077726
244576654
716413177
661681015
206973169
18886622
838960334
811581880
347928532
94052169
96997137
758728473
448503079
758115095
589403213
219336179
602400692
238566614
834499395
301956944
108370810
172863802
141241740
172795602
509158250
525833335
499589126
639673688
338176340
61432031
483900992
784821610
205424285
322019878
589401050
242829939
387093476
736595564
156058529
419975006
208735204
751109282
273547905
95001058
749864223
475380030
127134824
692020341
302978654
302032801
883792139
579971847
46502735
243740596
678347466
855366789
831699554
178272259
966826627
35306678
404435494
730490338
670713002
659519492
529152190
504860890
361671392
945276639
945263408
242617198
457393815
73011585
961839041
10468972
673362282
903531901
74480645
69752988
278327913
704504737
642640666
581128445
96230961
689845646
241299712
812238630
48514380
964826585
714947572
968277170
478662911
773811982
218858413
23418629
931871815
30865960
147841515
740632070
323930413
413566829
971956678
684975486
59982964
788405443
879308007
296237506
510506569
833054469
753761003
66751509
114970514
603202123
854565859
956723272
659615007
50309431
457657073
728293218
561760499
356721099
706366902
788178924
325330736
561260040
374680163
122946943
394108181
152966103
306716969
165159773
925477557
946914946
237849327
277566989
144593060
233827390
769546894
572690329
588985352
737257909
609714842
958208513
98852524
932011559
27942868
916125541
373599893
849597463
334237042
225142488
879498961
346196020
257141394
103376419
99350904
298660182
964612956
871454069
192206424
365710863
29212796
151338465
218097369
40837237
677508857
881726941
670759624
728319195
93819815
854214113
341576900
801322578
785712402
608132353
144811632
415513983
617215955
287269529
257201650
223388730
48276052
988125949
143384099
571965007
249374460
38418278
705224727
752272663
856868867
581038848
95348243
46114818
372053154
864375677
285741722
838714072
964790800
143989293
596296968
925258707
303192718
165147607
331606558
326927178
664510029
763933525
877267023
65058862
834357091
432145187
163871005
6540485
573343135
681125509
548004541
926944805
869877190
202460521
979639799
216084893
591397047
965529187
930211487
70779772
453231983
584653592
320282316
571825753
124495728
174709254
337387822
27115876
615090964
891936391
412258692
615470141
385759852
708486853
18232939
897876583
943138855
212065377
25925553
363984609
719717129
337696669
877100295
466218279
29255921
171250496
82938169
945128232
269062617
839954240
596246163
873503223
260466491
652253275
56883793
185018394
547518696
562115540
459809569
480356110
150295724
770597105
370826940
105216794
85478407
104068450
838290172
781509284
11207684
479022664
701659117
977005717
906974110
455798385
9295723
367356221
396860725
682211670
395412636
974227919
552139604
774969319
161506050
457616300
642594886
488768407
646219304
601528083
235910324
291512766
492859572
366683933
70413880
452708210
644791952
176348514
816014448
601277159
913783922
924752644
232753601
503752312
997551683
510802958
220472706
317300694
128582534
876123506
565054611
963679636
652222407
645316578
49287356
539518905
471652496
715872065
78135115
554264362
265631839
24861480
246737140
381501074
6691322
830197110
238627863
42970667
913592039
559763132
331921736
345322888
264108015
608724797
405154367
759935949
263087437
585233828
252580318
220749652
782145790
287492984
485506091
101501780
401991652
745855855
321659366
37972454
462451124
221982721
58236644
238337224
632268004
256750666
414897077
35683106
621719778
481451726
558349854
940561053
853459121
778187524
147420781
749970713
208540535
234835560
948346744
40803712
728362504
773985857
172755959
830145971
493669036
721372352
100884474
666972074
496992391
508268442
390405485
730937885
473355397
266549748
146299427
283675032
512981527
55671460
268759248
23336035
37566380
649474209
358077032
330282216
794547100
898018145
653183202
971157421
922621068
701335223
998472331
521487948
228500297
326940660
177601232
251370592
524868087
813961443
450830536
183450978
291990751
545974727
248736249
75071456
783262743
76402588
850941014
514572645
987627883
22011313
833138610
411992022
444939664
922082803
733442480
257272989
365660454
515347408
547101324
125687996
438548915
400229554
973727083
124442268
68979232
991477157
868779749
106227653
632867475
78423821
332825810
193370224
510842118
288858030
656094461
412598618
486029229
920828805
912514203
456049159
389872255
338392515
849217634
782655265
613348498
652098918
62166485
169578110
787713802
807134579
577128835
916019289
709841778
874037175
693798952
663415943
497916280
401341714
784039841
178526350
917328040
153215760
509717202
634049743
30298770
502859646
167161706
44479018
322182612
573803994
306008811
998835639
594072989
881334574
676594861
499345785
941801483
749227673
620471235
776882512
299489708
228224444
329771787
764776816
933800327
675608194
460307655
832611265
795583167
904697918
727484219
949711252
771996381
570211973
1426293
106114746
474733855
553925669
639311079
244162285
569084070
925761510
313895969
622499245
678279029
73418399
774344303
239910461
5218720
193001246
922211004
629870589
493765076
747233833
579832200
253630264
380360742
363301413
619803512
99953638
713460636
95031650
328541850
735913824
629049430
246517642
102251812
521995578
64891316
285501964
724748324
630403801
440494760
212136718
240876918
899617878
928236915
548645419
977974092
236867753
846973533
486303038
451142320
321165252
95522244
982639109
624766013
183529246
588203704
384164607
24896424
48901919
804126457
162790874
882765942
367502445
49413926
600610148
193877325
51203678
267598801
887792461
560158784
126660145
324247064
268956886
437335627
194412050
366208929
934984112
344916816
692206477
632147728
220973984
862089947
347180753
426946841
851786833
221397627
201204920
796769538
796764868
465801205
943906517
378920574
676593901
237026412
585579238
971478162
84630528
552401023
133151094
650268002
784466136
588356527
264280893
934768472
571434812
655790712
761590613
630976184
968659627
628400756
686304293
245389612
408138911
550027705
450762385
241182773
508454280
491012169
30924048
988807289
800304163
142575220
876031349
621031318
742583120
596297857
469980684
600085047
364319818
236206968
11128098
60310504
331563223
150907220
863402602
48852870
675629909
458442013
593384806
387431208
113051790
644561950
208051020
478183536
803782536
103869571
828309314
988822113
590002606
622835793
257829394
839315329
516455369
332295872
132357740
391357944
792715764
846903086
590497064
964163006
861675517
578197286
991478526
903990838
922316837
682906337
937480826
592151730
386587769
466926898
734594339
632466937
220821716
705975072
757747311
96777755
758498827
872133267
403033194
558585308
769435209
473824808
183010303
242700869
588283554
755456391
830709738
10377979
808662905
589983525
756729809
26304855
602715713
97173462
218761561
535904130
525830657
466849770
934391559
250152774
83283382
889456709
604884068
439843248
496617783
246065944
258698128
747535367
582538126
767987636
902135092
876122427
665342737
115441662
773602511
383673818
669095819
870222086
99901216
258180952
334980034
889150770
722599683
293882165
119585039
646436114
215690653
60387534
623429880
635195122
598709513
204186436
391363938
389443155
950237033
368973482
416722585
853651125
48650604
147853481
539048295
355468884
25274799
848052379
707127840
708766366
369223214
232226774
852544470
999784585
807644023
925547965
438632623
486472055
335521856
992312734
458183065
388528032
70721633
628473832
90135393
279817738
541983497
524757952
54463142
532769106
198886289
874769447
272676474
771265837
492893327
700236558
952093776
459944538
761424197
254977595
712689823
163592263
572303661
808313705
563052061
541026912
514604645
36158081
652624731
615879347
311269719
806815816
638248406
89762497
519078971
300386511
171837591
335319475
226426645
76955431
549589625
854494079
247292064
958066422
572363256
274045153
351237951
651017522
591508003
984053930
296009500
695795410
494902802
273944879
411746770
912051009
621924876
584820423
729756245
499116908
586760024
204353892
690050683
902451999
674922372
802026942
473507175
402843899
538006395
384447229
715707164
152734067
546455379
203818362
152016728
650830189
55415317
697541560
726117391
960913873
923772665
333208770
639229273
623722842
972397437
74044288
18933203
578683146
787617676
588340656
790889015
498150799
927490441
210983000
16164364
803619115
938677320
956182475
899429100
621418254
218363298
2176723
101012020
63736816
216570561
515896179
914206783
121711051
268879668
861514475
225809630
851354503
534073974
135256139
82393057
859929661
400135562
44151950
373617126
515174136
919469812
736294964
961678359
948994109
262564019
557604325
517954906
81858184
682768509
250450724
513778145
607574644
439881118
283144006
771168650
860642118
437035996
375093400
837402744
593125444
243909941
842313144
113862699
89049104
54534893
560274142
331638
85583930
665168947
63414622
229780334
44938974
133539511
16154360
704476393
322853048
585613474
644382170
886002198
479977669
196556191
497453917
582063744
88202904
691822333
752072163
977129286
567256632
536612165
691982451
438232794
997497009
954356387
329291537
737680008
488764476
16639876
937513092
169623741
827378193
49547099
344117111
708935935
812421198
759923360
65400016
496768990
822794689
93923204
613488597
965390748
441836416
371505754
431373052
375696623
312756809
318682729
929801659
412477953
73509829
288224970
919768690
53880
396728081
317692012
560506634
150764745
422720771
521865414
984396106
739236802
483010273
14347397
782205352
878228269
323686563
602307776
522358717
703202653
205572867
932984180
722702907
648573123
333197279
723809860
769232281
450393111
93896581
452899790
650990300
81446310
625715715
384299162
329295279
196183082
157419481
867166901
821103306
559218173
649614921
767323337
370502605
489055129
90430105
482930677
497834226
567772946
658348666
180911085
619954510
944411381
850947130
231289474
286008203
785360118
144902037
125203245
867303298
133870472
705010727
933607817
48050252
320638682
448655894
373084215
401178047
714838946
269561903
851214381
959990636
580689411
900587638
998416472
21030914
213203297
120888133
647494092
163606317
510007324
99252148
388137018
240513663
290601235
38495771
925306576
92633095
272218250
23326984
700721445
26108166
205330125
234634892
719862440
408489207
688623287
390055154
920122630
412085492
75159257
909041655
524411469
595572462
474564624
360105314
466985077
103365166
460774102
642626866
187253840
800980665
272366113
413680089
991342148
817488683
895413121
955421295
829750496
416021676
964551705
228575668
24279043
622133204
711197786
40485383
513030578
61234950
63199914
473310
56054049
185492870
602336983
650295756
958793533
777950653
670908059
443916683
612459366
947827271
179321284
741583518
620377753
734632590
939254077
260934962
643007998
248755600
133877974
823290331
249027933
288978213
448403494
958394185
755976128
934267112
503957609
689896889
92051806
155631431
160532042
549643978
57528958
617427027
286999990
767210261
750743386
426392082
152125824
665976533
680067848
988536241
850654372
449959807
241205522
393801351
104215887
329475886
899478602
347752595
97020258
63810949
13675351
913577351
571302654
315710871
459529828
775626892
549695996
681137638
883383280
650494132
543028044
808302384
917955531
930573952
94911582
397563508
363755503
208426818
388470531
104753911
936546626
264139010
846424412
74246249
751195158
367741811
561815141
537292219
168492297
96578447
80018143
991827680
295060461
424370725
491147844
578387206
682355898
595943695
275952970
958084937
429893884
108494527
624437233
197038226
205381224
71346439
109329560
924383439
271580557
518743388
991100328
435465589
527737529
877390583
377948183
736526374
742737038
229742229
318102300
931481849
951347045
520152172
804726926
26432111
395084648
37039306
6868949
7109310
166627921
342166446
182391373
69026065
415256775
971725374
71083691
755427026
238525146
498071810
723238560
649233004
818093482
889400640
259630864
989274479
925404289
543756948
758491588
936173066
341661425
771772441
967435685
419384489
749729967
953477562
671313411
645897987
931534511
176519741
134787028
309453613
604755322
191557579
546424891
198387392
359074019
182129688
611097790
164345068
385511280
226692578
844110076
630194830
943296951
852700289
734947824
666523244
737751355
190149859
711963100
39612012
154995312
4816119
142370561
65554911
284102663
54838941
480817900
1441710
887324310
460022463
313851778
255481545
55544037
322235773
479081791
869049060
734806720
263691008
495394673
861362124
578324209
25314047
819330933
615763305
892155361
395149090
946978122
286123418
342419765
169205751
277373452
868562047
277042821
700243172
147095142
311165110
206595537
672165134
994811111
645085371
346985609
512297015
558238488
820420712
736699625
296647601
70774970
890040686
460639424
247051699
623302005
238918966
90695509
334695740
967971261
604723969
559522475
627734771
699173856
899420218
162143558
446252687
170325550
408884745
982200862
568805936
71154355
35337020
602848047
167919028
917754256
983342879
657535265
475270263
945261085
888392244
268496367
75579217
781547055
733469800
397082579
509043920
274038174
619074081
805618692
717612813
707837263
860406846
380230698
540717271
333875318
281661316
278260069
840473464
177183669
892394512
163807811
227090668
211240601
828836538
808364329
484498381
679496703
807433713
887745346
883799485
548473947
767536172
571347150
839282010
337200896
418797316
694837905
164490618
272939398
178859443
13054546
507657434
665157894
30746441
714555379
705724227
438532472
618636524
543556187
958058656
776811397
12404560
214799461
624870066
632235919
542635284
403394276
360120987
887799210
755356923
278059985
394583753
299360545
256400814
554750962
527814711
866704066
78193182
607057092
84726898
698097958
164235333
688157070
587890617
528751507
554628050
592081006
411276092
801699815
640425930
331332142
454589001
600269568
232306517
343165861
813054669
153811488
741784591
112648246
150195905
137159453
870484417
135681317
435748198
787149115
462823253
458390204
785315446
7203819
959442690
670793429
87844746
576105754
763487014
251089271
679928084
774008183
235926722
770848794
560112553
30440330
852842476
213995739
235181843
64181598
314712702
961634739
765312879
52501949
745662498
197941276
84402752
876185428
825477860
443219965
882283465
94713746
287253011
684222854
360731240
443729674
840853313
738175937
957120600
711114235
537083818
745401653
794120299
988287919
57180915
489575035
68768734
712869444
19443248
975661270
188754651
620922180
15925760
894356513
929399934
731546266
227835137
326668154
796719171
792674897
447426667
706278933
741959592
993552243
564649603
352113666
147574508
863474779
496929156
270162165
914541322
679299560
200777133
184877174
117449163
1080739
547807259
451140001
937832560
947905711
401713269
138111022
650835798
367452267
815164813
576641875
725009421
946627484
311582184
441763635
301903984
77706022
900695467
854716986
242772346
93847501
688355505
46088331
59847635
805726748
865065028
74293772
540687993
391521329
887631320
734450840
817596485
632506358
223888224
521392783
963339749
197060971
451662607
973680230
150361032
8083012
856983008
862106417
371920869
176647005
610273868
139753661
514519020
476548263
421630072
584865200
390606098
464494116
100393467
395138398
683309815
47917296
757271835
584295701
198588730
631838792
391817444
126079057
757911680
441846963
381959931
909177793
175402082
910858780
478298777
905024758
272860440
853211802
989577411
961670643
317516153
781994213
791326310
842572039
645821954
516249292
40951892
631066701
166102220
333332892
98260189
522341710
924234381
30379555
109250157
319562518
896037983
240406153
77937460
943823534
814013636
703549549
450621295
368951543
253464385
862164039
800347740
957247931
924549422
433824881
216513063
158739592
686074940
160929095
583775394
696701358
869595536
120691665
812125391
471150454
52185883
624487982
269926934
582502014
57310271
924265176
986400483
412574296
279079470
176100988
363703098
844882704
103552161
946435684
411183237
828791788
160600758
710383055
502385949
506241079
869726019
463705440
59183006
37958877
594901247
468583842
401374723
288108162
405118145
952255808
79457194
683653488
410568052
271399635
209055254
438443688
193578305
953733185
808299684
697168846
632105424
728199242
201797308
906901616
512941556
561975636
62453409
898765112
128541738
725049516
480812455
248628005
970275622
495714056
562347701
452544904
769369824
128902219
779206322
690383310
979012574
447755645
200601166
871363534
440516626
178900822
230046198
622374044
41731308
993888521
59312973
235537898
836776513
131972084
506951150
517021650
490289738
837085098
612227396
176687155
627905663
993528553
606690156
7563319
980958779
663582326
962010722
117220940
857412108
998806645
394571784
21016965
826560693
369498891
450590466
869992375
603616754
203061407
394221625
659057249
158548992
409092403
969720414
366806000
377069283
165502713
214765773
609549389
228101904
184357826
428752553
589493668
351023437
643010041
432447712
328608284
859585728
980776077
635227217
346348614
251337631
690507778
81731734
708966677
265495446
125012581
489853902
649352727
320477573
201503689
959664146
753631179
984726818
408250342
712440974
655798207
52143787
419159209
119098817
795867741
649284635
534274354
201198759
726626330
385784276
790415279
668224317
668224317
556428677
116011960
971095336
390436279
352288464
489317223
614346525
608025281
785324589
953897814
892334011
760849771
931712672
748303676
765647932
780048396
989248248
5081038
459748623
434505161
614037307
826336255
148698059
504417961
775469509
188649129
853014877
99921740
149425331
662874901
672994827
478145492
740540270
193832363
549203435
826317174
608398420
592837239
571944650
402528114
836225566
207226687
236341067
842186259
136905724
365665755
327157604
158146135
100656954
492115617
308802874
500362298
269944610
609057635
317077205
500583126
196615187
822053846
345825469
20293613
300704093
224271082
536343151
810463735
896039435
2563501
281485910
962042713
931825168
28328720
73313190
419220770
184496101
983184196
872452633
487825857
252703695
903371402
241221500
416061328
625405058
367417091
578107002
341232875
364721979
725069039
186794548
583629287
362908416
522959222
231220061
379500595
167071638
869987531
945206254
441397247
747769517
462845221
23355342
895419264
16110538
156817324
754023856
58926467
690398401
916152198
209363886
313694007
600659892
935482467
577640030
814271879
388838787
607462107
133748928
301133616
104733829
392108839
648345343
186473715
650072366
460007561
301420045
925793408
817315745
594522395
158086746
501851284
990048095
532252177
920906705
997969047
35849438
517753982
477655346
248900580
484448660
995403202
504190424
519332125
223145343
374633070
641035986
767187704
6176330
330019636
953556751
294940622
382965635
925645597
618106384
528269873
40752236
237534036
863964261
880846735
355138485
886627629
741770198
495864609
134199547
861013501
573363267
549027266
764851976
804410897
236073776
938749436
10466892
986080532
954619759
302824441
578600427
324257680
961544509
176714229
357091871
885468918
517780582
397301261
411598165
667479498
390359457
452988334
938872947
256307599
572749186
46653733
110749034
442068320
76470669
422366395
143956540
269072121
668274472
485916291
883955224
702366398
348242206
160216272
602459461
160071119
667485314
972035686
432960100
582139690
246195919
353968921
389023885
705310566
148444099
924702345
191049981
577117141
20217906
415636308
401863127
930241766
592970294
171909602
609625460
555627329
848456725
371162059
440980308
825252732
86883293
701402015
139530185
316237392
560455509
878412009
185547989
917405328
484787551
131503635
170975724
51740166
292993438
389918371
840056604
734309531
645967228
707978214
862743218
381720755
761653427
806250814
679864882
157137613
814267632
808969958
401330862
205908304
287716623
650215544
307473411
348276171
367757900
433375595
574728913
550938997
941793358
240826172
320581093
616817229
751734270
473212919
672722081
68957525
211389062
281913661
751689226
833194698
448513242
366867321
832743499
402944616
416354948
914348923
562480639
59265696
285026648
557010127
233869545
937893343
25771966
3501768
807338939
745526784
108299077
374553218
295477629
325781031
443291072
533697808
200208909
42957350
703200387
439119162
507611757
560457644
749671366
716347232
54436106
308290025
450308685
980631270
360001528
878431796
351182189
604207335
1725766
90135386
667599996
83323945
661216081
94809535
307418441
808668368
977817210
986303125
927198789
923105904
594974288
638588612
408982780
685468179
875447718
291875508
659088704
147790387
405957497
871423453
6446205
92130744
746780105
613955894
327315626
485856411
815104734
46517818
175800773
629067360
383075120
565651007
901361480
33175060
852070846
170357183
119551110
239468359
277464062
277464062
911395646
784672129
840509326
496272657
197113036
892711019
211230213
176138488
158944871
682955790
183684493
704322290
448406231
751586971
318610576
857361906
174722904
665215670
432845527
375597674
886854253
678260177
292707935
324410008
7778044
655807044
442712582
163002786
940212321
821478471
584151364
792511647
674410671
320818682
772192954
347808798
153728058
716409018
304297204
477193674
41079970
103459071
372736317
465728447
914897461
579542533
980090116
97105960
607956547
210036566
325443132
387844762
255999011
400467919
33765515
509720380
470485924
274710573
778895405
100097791
142996541
214379835
908172893
820187362
439877824
92860971
354443843
373395524
556198915
389523138
624353507
75229482
252076295
811730225
586769866
734098136
261117834
968377304
18466882
875611525
58939992
144115598
384948807
356014876
101534874
167080209
323638760
906867016
895388116
852425160
297350591
725010660
657762215
475659220
467431944
680763104
648903687
112993801
627154382
752970906
492871669
594104228
69440831
964826033
601656564
794539005
721181271
674931590
743127354
309321109
745738529
274879498
286735822
132623133
33118202
8617406
622324320
690687559
971733373
512951681
416350118
560478208
231782021
956664312
865240795
414611529
920019857
60719211
389049860
458784530
874236671
276362150
490261764
880642150
128543472
701953820
760434246
144617545
747190241
291615463
268684154
230274068
757232048
735662509
734964358
511974717
390530479
348524335
136269773
684507169
135434115
108681376
226308540
138735298
46601964
978486359
451267301
717932494
370396765
942163533
961094969
562481779
257481406
545182259
320021201
327777680
711066192
239025794
43087844
829173725
282549388
990085491
779771931
273425232
179870415
348815737
74997044
444427115
920821310
788339347
652975857
976144287
891469310
252128601
363609032
407927067
865760978
568387143
52192134
68424896
155965216
769091807
5561254
566556928
668247889
458407178
46963739
182580563
410621930
786755560
698469164
270676792
862040926
790468103
699634174
857890228
274731580
145487580
308638074
898321923
572873527
129830891
246568350
261836662
820527884
931772040
327731117
581506270
588811381
954039986
990194896
477679276
857759322
187082090
58947435
739017876
705589787
623845117
181290417
892798037
995384844
373978769
757524469
620117587
531627328
336039816
82629169
537308273
383833029
494655990
446631956
334588457
328762805
444047329
600329786
785126796
887744469
775558567
532116875
638537316
173235503
571190573
386341321
126166742
634807920
188772711
656707187
717339368
616309969
681964292
784635838
244767387
93971372
406518480
642070796
349266810
364656106
402761749
14121036
716560435
275148052
874649513
454304172
209764561
75411528
208867393
257209153
273719632
792801885
653435145
855357902
779509587
415760248
662754107
472219682
473195673
172531254
890862881
59509152
852836062
970014387
139205014
771146984
830835303
699719737
192232831
602317533
463431741
999752599
101419928
175164717
97511883
504161401
116482204
83667157
955550194
22075276
850070899
117378808
302878367
713724877
658945911
443248393
857246641
367449663
502872198
41279560
843277011
620922471
870175615
145124353
494333697
765050711
985302359
279140743
563808037
769035652
254590844
14304608
472261305
126664219
137093616
485692048
825028811
408484268
417426837
515291772
368038238
169903306
564729059
179667741
388881232
695302160
69446138
937211735
51117640
44533741
234070788
45554134
268906185
914302207
14645286
103247229
330712233
44355095
278052008
995498720
908558671
58240270
811900438
631963818
526201424
286728208
508473333
124071344
832778041
622124926
847327257
106641359
746974355
656241329
627023552
464459726
647552808
460316829
517323283
328941679
319496566
284347610
656500003
791755561
123740116
56218958
575947316
377589039
310715541
218182448
910004107
862794165
108685985
305667919
906583502
548200684
108270336
73004540
328982744
564812837
297141829
778309544
338388413
451253551
827728116
821157989
746326680
441111629
775458833
561746027
829430625
311626872
748511691
74971253
720338982
995751919
284593914
594888814
249409558
808872801
202093985
768614979
252808191
77429329
966391487
588201467
479680987
359158870
491082446
831381324
975171983
619114743
462030895
845492583
397096291
966743761
30818267
82026753
201327305
555522149
290038521
611786632
988264047
772474223
923498513
613491527
714265004
763262046
307202946
111600609
954811979
965514658
893719370
771609915
876278975
976455948
563453202
406637791
574480133
249471796
779644314
579963557
411525756
808541640
603364127
300074240
474183658
852218639
489273799
134861375
674576959
121871282
762061012
979225128
101501177
29194883
323161422
653763965
636039673
910361786
453952744
460269349
485882367
288901590
166234446
220961324
72522855
615444902
38610249
754571058
367611302
106152552
817163523
372078188
890936846
177980065
397278310
894840423
211927010
691284726
123503388
721781768
255207720
680919148
288451426
14515487
488192151
274634111
795378170
955899137
952203861
877223973
144099250
768656096
849332272
778378425
240248599
135576031
412159132
491516460
29649088
193838761
800671672
144034985
795267672
843924898
86851631
197400804
783980991
5722813
219752104
720759411
879670905
149544929
963924796
474795706
837556236
260882338
883964870
287443083
967998267
769617536
702835701
737295320
655990328
549866441
823979370
944966755
934980999
482930987
632282984
367713831
475139104
848106072
53746054
20912136
108835032
604168249
526322678
169968784
198581748
774379923
17256711
843148285
677711575
687762542
790638523
760064922
628605158
660580721
911720154
550338235
933127601
491468807
350988408
668219781
469946201
682595036
381302151
914789981
388114362
490506652
304524427
879283022
331048858
826368240
466281588
352807753
591194953
974151087
593633589
2583496
119649231
422102066
222785131
903809465
635903936
127575606
882636417
212642240
513711119
194479555
123733162
132412923
890230118
379881964
835620968
770037927
256937369
27614965
436979092
676982829
732304088
86648471
447058111
317641371
421234794
286073484
804752181
291739017
787830116
896630509
711077102
333717117
576730100
251423601
307816948
421526225
886703351
393370033
625152115
386183394
565909100
913791336
295445773
406486142
215313877
433507884
256528621
188776768
556339366
740049464
599435852
258356327
76839079
442950508
683063192
708110631
631294978
323126129
789243228
256985895
718482929
196542084
109252832
253991922
840583996
457331200
769421298
992892382
547988517
91089020
769036769
140813757
406302431
708660266
795814600
668023676
315901879
181092072
10298788
214948325
602913405
682637446
26290915
364549067
974212225
176130043
616775529
802985714
174965943
40714718
457529358
124845712
18594650
142037559
963065192
581431288
523659684
67187517
340300055
184401744
171408981
197428974
164668601
262551984
78987020
559568361
244620561
30759318
647469919
43156016
705051693
968866644
417173069
997632333
216524975
707716788
263002503
756618305
998737276
755637949
700225583
317229235
776381933
980246146
212193893
430757863
755222744
473790125
896870051
8497721
714957577
796164390
824762641
511252902
545465986
918318986
675195596
92026783
327488480
967156324
837072307
979784583
900981158
993027426
825133852
871454261
192788757
852130154
209324797
37865591
647320779
590979282
884437893
864433847
450312823
757374327
337116325
918887932
763405857
165442560
477467986
607739770
891168156
26334544
79578262
989643356
260959960
958172338
569644060
561301096
898188017
581072810
247674941
558828258
408352208
792214279
883647755
570266162
778812130
815187485
188914775
179133807
935733869
238593433
96323303
623545591
962389477
9279840
598921873
188193175
80701934
676730348
558119920
383541167
626697807
776768568
758943653
229083853
6654035
995128029
929002702
716421302
865199664
509697335
418946536
449304459
813502344
422024073
291188450
466136523
675008076
702810039
464960654
429584911
54444217
517438071
472823685
542730975
503785979
897925695
827486909
400203012
460015201
682618353
677676282
900553528
856585845
76447601
547306041
60080142
635660413
766050574
885248845
60201218
513294461
592066960
435145961
6535498
856841993
766640205
199119856
758876934
977515229
677395197
970662606
282935859
225463821
94237221
644301076
909336537
300500298
945481326
809115900
537748799
564870483
740253722
586974309
985579717
172495754
360539286
224580672
506567116
151798745
329174292
920362439
866316561
914261923
441288838
567287523
140562623
849047203
130044745
317704088
917974222
773061413
639782930
274675159
968755097
942076010
139849020
859914983
253066638
901767426
792705022
412350100
164962505
448510438
418525857
437717779
607482021
40718951
455062059
830339382
912436973
780415263
608532909
208560180
935975016
818745481
445717828
524622725
294199834
340310323
32123867
443013636
282496209
357282830
219551570
889883437
706708279
222460417
587979150
666601819
205835483
750844105
385604808
957915639
167347299
245202797
607184094
316021568
418820210
97445976
479312222
67759581
970464992
452356716
896280731
818017479
10209808
78527009
409767078
844823891
64003347
994165192
79801128
53899547
314474610
293474965
644090066
200689937
317905814
341683038
155190104
965292257
717799511
957923575
418955
880894497
219161727
608246582
857278324
990505047
893077364
505702190
315683552
709834540
947870899
177795249
793278684
33911089
938950224
913110744
998407529
926105257
946741624
490492905
486715732
431223636
238805613
897199534
940907456
833512112
114049105
84117184
407540711
747247658
175729777
546500583
636367029
55930337
631121021
441078931
398359495
532675062
996319391
190248943
751808464
67266332
523490815
868167157
909305288
129345377
434525700
128011348
193822278
122001018
686699407
362405794
395127153
377329630
759682325
508194979
297796597
240058884
728722540
484680077
986152633
907754820
264495993
424059566
809917216
293219023
76565292
184414659
889516807
884270024
530514478
415461725
437536609
771786854
697426236
994287618
534151446
717236166
218906242
322574587
234042400
513894291
918767966
201557823
525961422
861163929
926564728
846758182
148276183
674949332
992008413
711591198
47946566
591318187
102669115
636825666
205010132
46580095
941948881
17488655
409740127
965316290
95604474
933636493
899619507
419038707
231435985
993705503
33192695
638760190
643138784
230156652
922489659
816162369
531672377
988034851
69114996
426108678
788931960
104986740
636402680
201706306
347548832
932982405
157954107
897856051
93624799
232491444
488452012
471967922
315729043
841390350
226145517
613706582
840117757
226910902
29344370
806408227
195987788
764032866
533516819
496414507
524203179
41164355
800838638
777475185
307011286
526043983
791730105
177175874
310934035
668140249
543615827
539826
289548950
393691422
601762628
321441230
604247360
300901312
328280027
952136501
768150192
723601896
40522541
939597675
387385174
108377477
579995052
971375968
779537395
507830044
525612029
695424567
74936174
797584606
721908305
66029727
631297472
582985596
155368183
495460575
486174952
34129708
296476591
717827645
504163746
938342906
524801594
425056195
450067501
535068193
954449495
850685514
743040380
713477962
861527255
656703435
415081402
57426508
651706479
639206035
854205739
100631986
242295774
835712180
369362945
874314946
401784012
713951516
771590587
181449729
33113474
2005015
626347330
415111491
808588808
398222033
325618907
314427207
973443079
996185740
599020606
141667347
781103318
155152634
311596415
287319049
559674921
796865802
853672902
5381640
180815788
173480932
941078386
756499337
923295427
137662934
34348423
633942067
261995129
226194136
562396662
57190034
210553453
124736075
799764037
68995952
534606897
48837638
883521525
350719390
786488915
446042857
782890014
573750243
911089706
273690542
858331546
905132040
955026309
887487491
927807845
564422383
496944615
945692763
201152671
924735646
916507318
425244133
283408586
8515031
521617368
413137653
647654116
192154225
173962189
956441111
406546277
930304307
287602899
762465678
667413495
605467296
752487533
838754040
661734579
529915875
864397901
295478899
833515472
122839489
628201701
807521697
785682500
732805115
875156559
266593490
427743209
996805197
137395619
447567341
505977802
398372570
786055157
968479206
218461802
15556222
969250536
139113515
954150382
688104477
991526782
838653687
650627170
204120388
77625888
478997311
648266717
992539805
741453863
555075952
181490230
444293417
173895945
295933516
758677977
148509294
83014955
829072601
378967619
861222033
711399493
786281533
473298690
136911415
436453674
560239007
638458332
21932471
817475718
1384495
500259612
401437079
40025382
964571384
332187862
667410516
842063298
651173596
129192282
554579591
553666801
36355549
672795434
821570173
420471116
463003991
766370417
88154993
484027343
430923029
998585385
510786525
810883923
687211968
521890257
40350182
381955158
734126125
9409201
178238325
152570813
70516436
94722270
511527635
635764481
564002280
475621758
97051058
350914180
773609285
590650249
534481839
932269906
733315801
391098679
107003149
765502521
106714210
805084378
626746503
739268004
39129949
796212431
201186392
655010974
718780574
663426719
541774878
576550306
138886876
34893791
993405667
310200440
710184163
114439874
154689503
148305160
472194133
340106764
451888648
518368080
690109265
769571868
882582731
702475505
2704303
941680580
393959968
304433749
605256929
972799552
242162695
291664913
866439973
445632775
120351103
690317263
674190909
739617871
6905037
858306596
934056944
264652675
626819175
281244747
268107187
713408805
977723531
810377176
903530181
506846604
412387656
640618710
75105135
283588040
731743309
261100515
800623981
121914847
332513334
320382521
32316156
665288358
234039585
255959335
320888650
3710013
561424641
21151473
584505129
610094355
931951972
100074754
174845209
950827343
770531291
138514516
500495257
838451861
361424053
161188295
342368870
938662395
947906325
540006283
262617932
178254371
775816993
652075131
308916226
781807546
500521526
650378205
948648146
920531824
986102756
728670804
372012899
441899734
613874986
885244728
854181034
301500347
944002763
431724373
371122130
955073162
106098459
59753383
131199594
479156819
563959956
891970420
400247223
936132708
665740852
175479627
170508411
679296836
395024359
600821327
685297615
199304887
12301031
104695727
841946162
781102752
439282589
677397134
282986373
819434181
87213286
122945914
185882326
726808090
136641979
315245747
352670747
273322282
351121858
914203738
924910287
116279553
860794305
871921567
557812582
280371278
429176003
785692501
633070225
138014103
707801859
270048083
126235808
381393273
947050564
525879780
821172591
85269271
447687271
785113033
532194376
928186314
237831661
862859687
370826898
979237911
865227253
826439105
590386511
687480245
777400038
124670909
894155221
589366771
81841745
708418563
965409312
430318835
469300668
132702946
500918707
390003933
963690373
18562013
111224178
368325603
114206176
968055838
138013647
582260772
753331896
725528311
119331750
1641766
240499085
57380120
810755687
619435650
329234787
985397975
256955823
132543520
870386792
649825
567573561
235834852
771284018
436004481
834511742
215034317
865401867
22707312
50865041
363553225
590749195
192273778
192273778
441062159
140996931
754090257
276409707
162665653
660025861
201443352
339537242
232746056
742891468
237241648
637803709
822550911
979770049
536034814
989117063
751210412
498728093
711202212
490054303
568880316
495579865
251872246
507275691
317272626
584003422
763722666
529142708
501792352
404576233
424757001
60961069
280503915
689629296
513427453
708554282
393304569
560703704
544170827
550569442
726538598
329787447
720000066
61249699
137182781
130954325
626318866
691934422
413179953
205172899
475298308
308299200
453885378
541716862
272948508
414011135
469582419
503050523
585904206
281720622
436107692
580365672
660942404
868026660
462070704
837674228
411653119
512733171
973462972
152809140
195106058
266750738
326039210
475763645
718147846
534639457
524120446
15518159
902142980
789445572
725526089
788466071
493175433
81777390
60272040
377542609
915739505
986730377
65348158
240744136
216309637
32309432
388678013
405341112
615741046
514609449
70447417
223898841
766794890
80518466
249216144
199890350
684193156
636866801
37617163
434042613
755257916
615257580
408204991
558649285
690758859
142668008
326486242
793837540
686098349
327399061
995019532
970569909
501668655
300948532
209808791
820321613
324198662
349713530
731035646
878089728
272389905
671592217
14996125
61209386
859029079
751725658
275940841
51448719
917426157
274164465
928802011
919473504
429216416
715165262
789662559
302075696
167848086
475548646
621751468
105545140
477769741
372678972
617924097
435276041
644647541
608713824
101524528
364036192
922928044
291798415
202843732
970144577
924549641
276369429
866091214
339150139
402334978
751667915
201131400
611713794
717248563
601421113
985256487
855442698
545489222
987670121
305469878
362592056
69397184
58760070
327328743
652446743
674349615
963749047
993703812
217350830
806265673
740337038
518553952
917464553
676630998
864514613
208992731
644582039
967050554
372664285
801015433
965462780
820969085
511266106
611354655
213058770
863603329
748490065
158649920
497129690
567734322
79560726
383030097
208555472
516157560
35787943
751067863
742769949
888305596
168427248
479692069
748650789
900908213
840885730
557086873
813624700
297048919
131663022
26329696
664799420
536969776
145506040
723256799
779202341
413647676
516115925
475968728
787146331
763390182
893151475
746442964
42481539
881349354
999121509
487847143
433128724
562481062
604832165
330737440
97018108
277764456
76108222
92035787
614964599
928097278
978183474
673458465
54880129
438390287
581449552
705324675
692203303
971339142
346885470
202779472
701458982
833634217
365876408
593751327
614388235
76152307
56254502
409988073
283113697
16713830
359570883
279557707
619391593
37934100
179405968
231366796
350508632
574903752
23829769
994240497
199890436
881674389
468655904
695212412
447331659
517628516
168569142
185167851
81515880
313648083
948572029
72904058
223129493
230915877
127179042
210591645
232933074
503376829
204399576
662685330
7521131
94971231
135894842
136313157
413554954
974365870
150196422
321043032
692085834
161902251
105286437
349428798
155346471
146651860
219792301
275642395
847675135
748346444
169207221
327115168
173113840
319633989
831307058
474855778
375719221
559561067
93339385
38237217
654006641
808220174
425154469
891797826
315129421
872571003
658214783
920839713
46116453
812313619
830249491
240241081
212958896
437052983
466737683
294610259
735807330
276779546
870711223
68156014
959869921
162076939
383204175
505000518
2908954
688117744
785739862
797585855
860236062
994791188
560859032
244752673
81689520
290050394
811077114
548866150
837239567
127593643
365728399
89777447
607252753
670322066
919559888
461714193
621361760
592865349
590411317
474458000
878086385
919836194
988972536
722591111
675206348
903026371
366787313
338834396
229382796
685753441
969381596
243186810
96591352
807284332
975611475
770164728
341877606
5820109
609086343
298938399
621341831
158616573
145059438
383336052
643258634
271756692
134211239
843671480
562464045
772658201
957706876
224660151
896055120
926965332
174418576
42594542
334914325
842757910
232849596
309170269
694284431
354021220
216331348
738459927
499955133
602037428
856895369
889116991
473303453
151310842
367444098
119373289
149100859
301807557
702903440
166854979
589511271
509403926
431951445
407236018
299946958
80097599
304531566
167355975
825675402
836334332
933387315
319801908
230833895
276609606
966533361
545086349
71022878
142740800
307832041
249014776
190957030
453186234
692467621
768111675
769586307
960877412
347086356
835918957
790167093
102758448
727917151
126723215
237790444
451365655
416306879
925304700
259348358
759758992
128096056
612719490
763441116
447731550
175153688
92705584
434039019
659011926
339032534
158534181
297378208
350569795
185867440
132126920
589132262
594361613
737271742
687588088
161616491
753447267
324860197
529561674
717243253
290930251
445462796
399613412
169760236
918492723
826416170
142664484
32887542
270818856
780296745
885122668
944439125
639306053
783876295
966020998
611069257
867085453
751408533
265749321
192756043
267495622
3480940
314708750
665798992
434785147
596781414
587667590
985604628
245677278
884685111
250985658
832118765
825849653
517880224
801080982
440524702
915376193
814238944
610677072
759716341
935443384
961395648
586917759
265580400
501366133
700203507
538971992
189853910
89243042
45457738
717667283
12871010
5062247
655510778
457480844
779133166
374562843
44438076
950359161
919513771
900913264
268467700
100357847
952785532
180118012
295980283
881554024
788916610
861034490
850635382
586471150
427095690
392558535
810549007
309118219
298204082
557170370
405016499
146073901
15649502
995149700
794328849
230190262
806155456
602191649
666124745
248572462
361164898
997929690
17426237
188099451
789885294
551638910
253186228
322767578
710193251
865502063
750229706
78581265
204048628
420963228
698438937
419203330
567741046
951808035
196067003
591730108
335430993
284413737
563128804
419512686
855948671
824900573
836489147
359823167
324071313
385420507
918300387
565850403
501072861
767052304
17501669
255048418
12653306
459133908
921587283
54290659
349595653
914717701
326653954
778473342
198835007
476863803
499245430
706931228
522062329
230079592
215855191
100740654
796668428
663369160
766133292
397502749
443743356
953999464
289272448
588017604
160903544
876299123
192017902
591396295
124352868
69143914
446416053
248733462
185701214
594797847
749155515
186953300
985987525
149779399
312958071
224364762
382895999
604697069
816156951
592797338
130332100
681073332
889352592
860362761
832260610
547193223
690261480
473251579
82053969
565610069
417766587
868869162
322019241
809804976
242211926
627436630
134847619
931364271
171208618
666831527
246141499
42287799
456153113
164618986
803812554
331841857
53399027
236384580
798026579
109234380
55018896
593461386
27827957
508481978
459547114
414268603
21207903
558031904
232237316
949422267
945262337
349112054
608134042
308212493
696252776
859986899
675350966
582375621
817341830
90451025
183444324
926528278
77947224
869715371
463045687
394144617
12671716
700537431
167660121
760241495
931355587
829043639
549228125
642129055
724301004
703816548
745938706
661755576
465162215
693047928
22765539
623322330
942935334
103810474
745873942
73468044
377009078
936728931
646980973
244362786
428092348
969534923
447891735
351435652
770291033
410169553
87708863
881559761
834814553
969030806
769725145
976538602
553879331
924569520
522557735
495957128
418392893
309988126
902970892
740089080
918873193
675374756
750841205
150074876
678735692
406683170
347348410
49702100
458701107
636493769
316201122
458570957
160806517
168250223
930073974
476611816
228512965
800231344
123681439
453121974
835643657
337928872
83291239
237692872
222880632
651887385
112768647
962715079
905392505
660943097
166117694
692161259
655294309
983663607
662606290
36759702
427283442
654468644
647199314
607327202
682462527
302433581
122388657
383532003
435100742
984188872
150441310
698300265
127539952
585060038
447587497
27779128
506880093
87887546
284297809
59125124
102849374
348099822
327085130
388673968
755849451
148695561
993109503
187774807
638526220
546773447
649269653
196226201
878372911
825486419
394728823
228945453
494796327
471627412
732018081
426713159
921441020
838896421
632665928
423500229
25597582
137005061
502062582
764007834
843339761
130040320
142143955
654370434
903591137
985541508
335897775
518431090
624102209
823556955
699442859
623425873
979549886
527905504
555803880
402632247
424257948
704818018
460531604
996810629
969312508
545290088
972546450
288269232
969333947
205075911
280487757
822316543
445031581
518738350
13621676
132175376
918678193
189930401
763543665
957134346
393648765
209870656
17139571
656980249
798695976
617317273
172999004
790235323
160335794
510068498
987344885
993023462
267208316
76009996
44758586
873053756
435499995
897614596
38113447
698983797
403805666
184651560
49492379
967491496
576542779
695098261
853859995
879204220
725553632
322633151
54556556
518297609
469324731
165221984
127824768
554183738
753504320
6427136
633123831
426710042
967127432
908812490
508223080
168627553
135534882
671327108
316152826
658267863
165632919
701206252
695182329
174015867
873983556
950619794
203249192
236167009
543659935
999138529
466665489
816438562
701530185
37531259
269831700
283483080
100449879
374297034
135685191
257428978
263512981
787016441
188215059
697042594
379179088
351256023
995988804
844786543
467048170
499791331
804083642
941575273
606269415
804123785
898534969
110202938
496904515
725400173
341238911
462864250
285971950
109644135
566388432
706670965
604333975
171299017
990409300
378178146
335085019
862402261
19574473
201449640
365995531
425116579
292462022
865885996
447369773
596353627
793554836
532745430
459402296
954063112
251482062
386726233
782235195
584655647
883718786
635213015
535916774
424247088
628509021
934390201
816433655
759420216
599511213
56909642
900664696
123424305
591893986
125997883
877250195
870879698
734248677
858546022
641455652
365589084
375226099
879137823
846709773
624234986
482016727
511033726
343344873
287756499
641003818
105927674
493580119
953763048
722716117
121689287
82512751
598883175
995472649
411692359
335967388
512529339
947604495
898939843
942731663
851632306
773048015
727065999
969944434
731323488
121693547
226163751
980292554
903333854
591886811
734826432
55577455
518643893
440943601
223635236
395604077
100813979
719109162
591780938
307256548
199615881
869593220
836828286
517089323
117840499
894908673
654603796
629507202
748365561
385737509
925539363
189253355
200104760
374997618
30456357
163931849
236927553
752382728
35193920
465522065
562692196
958685947
900821237
181073533
848294445
444143051
930388248
873961715
747506662
64915336
431868657
372184212
160523678
273473698
899653369
285816546
895773890
309869104
574853255
258067306
851116516
209834488
233854218
461931891
50070566
232016022
579552544
169765454
715333313
475172688
641346744
572821677
223367080
672834145
548570997
471958933
325767903
922818758
146856770
905578962
958529542
971311424
189276075
425219336
186443705
887812896
77464768
379089217
216358391
867279386
823067449
968152855
383345962
624489103
66389404
480326660
287799177
495601170
836908786
562804315
788316634
53874046
703290911
456617230
760164155
122376359
199274649
838675267
324478051
646567165
568333771
840734660
221819006
375873678
738203143
68375707
342095087
99729062
829198599
294811126
4142104
199026591
982331676
192008668
758953014
244367945
913114380
105462824
349301482
172143954
850360568
788573536
793418819
839958003
491610915
978175960
65198355
373097203
157907470
819618890
675684934
333213753
694829537
715663148
176661073
643164429
801411329
151059706
575346618
915760398
729700762
392761198
763267456
399895997
364019428
260372222
768881746
253759253
62515253
327833876
376016004
734266756
948503114
895312595
707002628
897807875
317062173
960406960
436483862
347108971
245416732
560621902
423094173
928147369
729779317
651458438
613727712
496490626
411872320
137201115
965248584
359884750
317626951
354910658
365947988
424676797
797448639
608736640
643194701
370909716
899686786
194268195
876065750
663055875
677913516
985445048
102771698
879996589
852457568
553634852
105048253
770356405
806960809
557925997
978679122
889746094
379728312
176496022
355016458
732250140
857016156
939444936
865838953
751396766
361581792
536014761
375127746
211812502
6021235
613545628
394159884
7944845
50967075
672754109
731925624
652972686
953393871
903636797
512637721
549038562
440529004
268134350
863794824
351209098
386445685
530609984
950138451
165361218
327517005
805313227
809821602
862913550
160386348
950762527
643187292
139247085
908200518
929084191
691335586
823646792
781708395
17702668
122091206
649043180
462025633
344620264
431601433
432830565
810811161
633452181
462670296
381634901
852424818
660093742
881785723
177659901
257223535
608087874
428608528
591068132
742551183
34757518
942852392
11768503
177222111
411583062
135529240
535147871
870980542
230419474
113926169
865450404
361234786
11653512
937636308
575620104
832325918
938366309
671342232
124710091
367674990
398268809
866088462
85103021
10979352
177557140
922444918
564344035
134427378
583519404
456511725
933610846
209846480
847103357
417095640
814287218
890365690
541226304
890493340
706057291
481879317
456914653
115139529
547768571
134267328
305778621
340948002
993237047
913802094
718949102
834892438
878103125
878442643
259024566
266360393
630103250
189101318
748244097
231383812
823312530
950057585
182763531
182763531
914148702
592806961
99834358
451762984
834654313
656096328
374755755
635506177
360448369
752273032
259679707
628854356
997315579
964848763
981604377
601140287
856858956
948626442
742317937
56488367
837647913
827824184
679265125
274521087
272430788
291253468
311585361
178356519
923425603
191525298
483234402
853598611
183732612
680522673
853329810
945995152
282878852
601990756
527890380
282481053
133963183
725310944
172753461
513175285
654975448
362129220
106630320
469986266
642027076
491957475
110245022
867396607
446450497
500347408
653927764
413886143
700339216
866951239
816240717
522790646
571990963
912693359
315753752
593613968
134817044
619033871
511571520
905252398
703972470
112913154
890600061
783214125
365723806
280776954
61295940
587916142
691596853
131561685
944585937
974905200
105427115
854018429
237012877
238486160
724103976
940604659
445875650
363452886
656522241
799866508
606712798
298470987
245131483
155050158
283997106
411795164
904101613
730775607
21206817
941231467
706203875
637299998
306202433
211558370
31160250
17055962
675109431
762771754
45444109
1622476
964342432
939460197
146757624
314631226
859666439
296472000
794898178
724840246
335071474
94852340
807958356
694397479
968948770
613695839
823774666
553266447
937161802
764032531
967973005
822402073
640494408
946519904
2830177
227115274
716432907
443143208
815647549
494802538
145192192
275236819
679562109
336823956
544698384
510319750
535611928
638219171
135778149
684747274
490460508
670355619
947306958
596372782
617096792
953727364
715569944
992916815
373682164
389851226
676599960
268203549
273603059
476750178
398143321
543312421
653164190
674635140
353265152
65982823
976337825
523383183
193773144
357095655
406294982
344766602
663505007
390657659
137977382
73738710
349599987
924427536
80159830
454828395
426673421
664271027
999682404
368338610
552665440
40583914
586276168
294294155
534186604
449965501
604926954
361523255
406157483
168911949
347581481
348274778
681856349
908826433
812155926
602965480
814847334
556953839
513686409
396988048
324193579
103165931
755386987
585071909
152968033
186720853
313898875
27864854
878442368
818215375
674446694
413846418
705418364
916738675
973775482
608585642
181052534
291989515
627504371
252807105
883026924
784195311
232695827
341808686
722143603
478708484
409765415
341637234
458325146
535899817
343720114
268243141
762632342
349250835
197649473
731160542
702919942
3779892
810699246
584912395
639918260
615346734
381354409
46529481
507907166
977370726
387649931
176213436
312800513
718789759
856007173
840092932
551570439
110190107
858195652
105131534
565660306
226134058
172660491
985919622
141646467
681789347
534222001
66025179
760000300
331245998
74378109
925898074
974043039
778360791
525336032
577217452
770077470
10958400
14910236
912504507
135049529
478600784
528705381
499670937
821886978
716665702
873205721
795836055
997398739
659211182
455638769
857736636
874476670
159870874
975232467
886772939
329887530
845753056
312644247
105313389
504196004
709305576
985360084
734074691
533071726
587966665
654580261
820531382
402852897
188478390
350063207
47770648
697474858
528157626
950089930
138142573
793536244
988113119
321075015
518052066
632615635
939283337
509091525
314504025
895117071
159130164
613270701
928068709
246698325
154886504
63408712
442744654
12452567
700778147
555757929
3259791
156900947
721601067
523468335
123485155
63169555
587836104
104940289
360940861
435629023
686559749
157135363
7985546
296737731
56968799
854522363
814675600
152787403
674669473
424126683
238095256
226648490
328917576
327885019
881713722
933819696
120542735
584260511
617049768
144661783
222786572
176333950
747067455
811697437
627810611
674462477
728568753
866339407
908879662
584991862
88250761
422615554
738859419
884573722
391551037
697157341
716237714
261191871
187797727
944170189
696175249
491706854
31026313
277438640
684636827
671001504
490349144
286280249
82703820
91969370
16748567
774346104
718644044
697006151
716700502
981059727
993003611
68970714
684872897
407283029
666060556
377849293
924014560
43989705
630092734
45985058
994121114
319240614
676212360
493632404
726453859
948040426
271813871
580833374
87712932
902445721
902445721
354305185
813839685
719041710
262405157
656724852
748365546
135638898
71004707
950676317
727316178
677989856
764861178
208599225
935450009
186131323
322065923
974340277
740507563
473948176
235046309
870197621
117191268
854022896
239521063
31148743
186890093
24472856
340707658
769175343
524040699
686800939
962067714
856165916
432926211
51063865
958877884
803129044
817216697
503895163
851679485
757041197
222106093
189341866
255131030
709184455
640163716
639471102
248084417
499898324
317614078
429702476
967833755
472151587
195090408
282654601
217321700
651778926
24731231
952630133
199617918
869673126
678208809
523106275
920505760
262104599
102678231
581950684
431014022
199577167
369723936
867965780
878051737
84300066
560813481
460340627
975146888
324561512
983368438
357168983
883615601
899945616
798842807
212007359
560749364
811248597
278417122
907745950
537683301
73893106
679930752
978166356
814724925
164693949
346568009
967953747
491746131
522902708
711400272
734341402
53579491
770996417
127767531
590588147
911186218
734554803
278953458
702868609
791247703
723662551
310392218
858695145
815713969
189188668
597251851
623410783
860158629
446443439
790547070
159486018
398173075
225355603
833057565
360990677
26643653
858301681
493969597
729061536
158160697
352657708
48708
586792739
909228865
291866487
468473956
463851219
409429820
216808419
406978186
359964952
141905518
243125562
708714163
256372109
503205768
318125499
988387591
757428299
482659643
984208583
523016695
690329163
610749527
328698794
804900977
11567723
188782299
840678763
807481160
499978654
870930128
981981339
167415050
857433048
525031297
686074807
806833163
769107775
818702273
567787848
705427348
594222115
742225385
471168848
578182694
814803637
899361276
752193356
692093942
336267589
402471535
872475033
93019940
366492188
63511247
576513449
92311767
249528503
683911477
873538728
637173401
285439792
73044698
217335872
261332366
591467852
361191450
934002129
470811452
361276143
39606979
300860087
734050612
558302021
372739282
690207847
698232279
912588446
531626326
114692486
441412840
835603526
594288446
12939781
210104158
124594137
772146633
785499590
946034944
375320461
793239201
197607455
234042331
344808094
743615735
609915952
416232407
865241637
552338433
798802490
117235479
334704079
547511322
963032742
998309231
257060378
718260929
47325250
573568891
709706059
40518585
195171125
943322290
722603887
438341938
623282252
427709783
289884310
333718257
244815998
254715714
89238343
862927970
235642345
303090151
394766129
938081557
504386554
637592376
182046446
51646973
882596833
334327388
429459440
627773580
485229815
784457566
8848947
522605978
293168853
127568819
540041590
425614016
475228773
425554438
97057332
842462142
249317494
208343983
41001722
564363966
73193108
851797692
742161612
282913408
874342938
713690041
214311850
350564005
61949625
454085983
190780822
25200752
418628099
764386947
411806327
559273698
150476727
856056723
228400361
454168200
747741515
471936370
571943865
606960608
901716723
668257734
476757839
745679848
514884662
278038687
417017106
318362879
183992834
302755731
83819537
757213798
386329621
706615093
425905986
902378898
562054342
792589767
597247426
320952168
564998194
823730166
841850676
17526105
788530745
756322985
518179048
644158676
928092278
497442130
4287597
524638737
133921550
152229401
591864512
63306783
761297918
453584070
301069049
464999753
418675894
571421711
980712576
209520761
507410197
167395704
87307457
884883669
940934882
639678269
460300777
606473354
329018909
87892210
817930328
104983966
526122711
208784329
116289904
303951306
194045390
111841043
387296735
178997111
996446464
542962981
952538648
685453126
456044619
20903273
379614522
462107791
811060699
388719584
547050026
992056047
351077970
132528369
735573548
938384966
249468745
294167750
821455444
170915593
207491795
729688521
24979980
558735489
224761366
345454997
553819331
414368256
593115554
914516009
370560886
446941092
310656663
541889331
932834333
773085355
308260146
235129201
74648499
31948723
533649250
75937643
729582068
404886106
334757607
154796507
675276398
921524528
720787879
319747809
429689753
898370364
701123416
437394938
383077716
223945166
821326513
781072401
396618044
212583049
668322539
729755672
74572884
556932302
142763665
206886834
595654011
323442967
743076585
772601950
43782864
434945490
657142859
109703793
574527351
383057844
511342260
847342780
927152264
984159100
843070889
524462601
932867678
392417004
71782706
283773940
810562995
977537820
615407040
870520629
800529930
957525714
811188326
797258198
19487892
942680692
254596163
586934153
109961702
851393563
264759680
127993848
798160969
98411135
624664863
422691164
15146290
787123320
454194182
693755059
380410287
829533831
623797304
221294416
817793028
634665486
224010486
370699091
61120843
295491815
63937698
462793357
36073305
235348968
948312737
448124315
604228291
50049010
756471495
963508326
74595602
206888605
298087955
193469853
921086239
659397641
826479987
272393000
820998280
824564425
762341437
762341437
489576989
230224227
221144907
656105459
789964806
852068694
7650344
653041826
158694510
613753608
403302616
623831401
21444030
765329965
815279516
31905879
310685277
968584107
257616743
681385213
296015389
924388527
433400320
307951785
78778372
499370879
801507328
586840383
218820245
369102687
721528457
816671750
49159596
194390927
232554099
237679274
559795961
939267416
949071406
983740729
160780268
670937717
61476851
473447499
957954427
314640283
938578119
724278253
969063185
989211382
932055482
158611953
833270353
346474611
922398397
222305229
629976957
417761979
316559228
579259153
927862974
257180510
743393165
456587986
249384410
491924358
817079451
46732194
42797666
397539550
747451699
119860626
339524688
358750069
477552273
840619312
418869667
825503899
168705711
358987627
858600934
877139515
405529383
14493427
768094117
734234550
318245445
466941237
207616966
819054308
500417283
902445750
971977059
70087907
80662419
678602227
842076665
675356798
913696840
388957144
610321100
466317945
846770386
603993724
821941693
876020693
619085641
249164488
770032919
424029238
378680114
404479121
910763996
836923340
477948728
14211762
708082183
642529209
739120078
560097734
901108510
381287402
315447771
415600856
190040555
195107258
951375713
999753310
289425991
536535311
795000230
642878459
580693228
910988959
100190361
106607146
946970994
343472381
295806280
122917128
181552738
346655152
100733361
748599479
821395495
807550828
415434391
173001813
664230634
784173921
963305892
235362985
908294019
145030232
886923701
741748195
106825835
927543050
286279344
228603068
63279037
828281561
887067302
579195355
947056394
287869885
851331817
544003042
996707339
579429095
193145395
400601192
335997529
705444220
714006790
487169247
4075928
112308700
13264320
503130595
491525003
189355340
204882411
433419830
364759132
672867038
181750638
533670953
659831715
963772502
180458808
675074447
887475471
11239405
239166024
876686602
768679566
278152137
982693963
859556785
767761941
58670096
60325758
730659517
6855140
450091813
193249527
802860015
204115943
191952550
155412118
110729847
812969342
645664721
591953304
317097234
900553820
756576616
673652995
49511661
327415445
804470476
771472857
723882218
76388293
334675801
835890396
603104909
432586895
459474117
100765880
80464290
140034337
1112541
715970493
914251074
75232677
59047999
367582028
48676007
113573207
752086938
790033014
418467765
595060155
471616958
758267535
8114142
763578189
481602042
938961473
186225084
409518006
312389607
471985158
365347667
285340439
690170698
654013247
369100266
178275336
37630071
934700545
589464138
59917592
849960480
97885701
73830987
421372477
773925150
380902005
301992766
935647348
418110650
392478704
938562546
497298958
695246886
856520006
987247498
993928623
103560617
804003409
536222952
261902788
506843943
451716201
282128162
128436547
295013926
600181885
238048365
59693607
416298988
416298988
275658194
4419086
263952271
786167170
419387232
353735093
602501544
695720544
680932913
752836242
754948105
309873045
679179926
209111445
4387107
172060654
454117953
981382195
109842330
19428952
95694768
370535534
780354338
883993124
424792776
858769863
630344155
870578746
587438542
509868756
457449448
638310196
20860467
423623892
381046001
367693512
796445624
196116813
624723174
951955004
552053951
448095529
980191062
200571983
67100608
496565157
838090421
523594309
126773424
583453295
170569974
422940365
429798599
105041779
335612512
866418640
423684323
451589795
110047795
211123782
391791094
861567486
156363879
307144270
555946040
760632738
687696920
43577797
878112736
925094460
77891587
745807838
236810139
589400001
99019112
701238251
791008000
72842229
200349690
508956534
969806354
995373314
242999051
135049217
47884354
191866994
621596889
647560304
234500286
896386899
592201135
216525566
128536907
357180405
506824668
450716440
259730757
22469198
265965004
31890778
933507716
206317599
14473826
855099386
84094929
206546319
192121775
597257020
71397910
23215087
480532418
223641256
337401552
472316805
958350063
489395500
701543409
349070610
357858696
734542892
2338515
603876652
558357983
244265258
18598312
270606859
310850320
204128091
186229503
658679233
899921883
832574903
827202589
879968825
697985631
774256255
971105892
155680560
24893908
153187160
633099133
751385018
767145962
182343088
416010841
971292082
179391331
234503373
660768148
1191078
917979607
271944460
885919835
835181781
42780418
395542861
9432410
108773356
633040379
585311985
275787874
265052149
607266905
569474669
825184723
585904768
666857556
771470803
237771626
229842771
767671198
71170859
388003673
325446246
794741686
653990767
144312319
367900049
579585178
307710606
113160715
419358586
322794097
426551427
932536329
628616146
454755033
533147640
422794210
582666827
796124621
4280439
826050689
991125794
597368036
306948579
629918805
214308165
303202360
628673057
730470955
729936029
758865182
87945740
988446514
290907188
448237765
835980861
176626658
601821335
262100211
52155342
381167328
663525620
575305815
446698856
449106061
402480342
32302514
244579170
717050604
372370451
675035618
32475544
723354318
296400470
234246158
842096995
995163118
921421731
912515437
555806755
728433145
643289297
753270786
628153251
431670584
115897440
396989070
519716152
120543818
276111745
889562627
728217283
193540662
795279144
986565624
100181479
467486665
546012966
782108459
648001330
200979221
434841400
24121987
883379122
488768837
152323425
534562534
414097960
729675650
922472290
752876722
130762146
315056945
269057033
976636684
576902533
54274665
973925622
169530469
953353305
414212844
162462741
384841281
935828972
585205709
248296405
593014962
544543145
492953666
728612648
988948914
525923105
158294164
400978545
887824156
470897831
764263515
714766605
881621556
504316898
463014217
917356247
823152642
367496812
500422431
287417903
187126219
821881664
853808661
776828218
926286351
619056272
664077066
780950810
460328523
315945848
199541697
503036387
861899019
12807332
336976426
587366477
511436586
903288295
643719422
805029850
406205043
25369049
298700355
904210146
101153641
833038822
711578176
914421108
106967697
380124028
665438472
521377905
407726778
59269533
785841881
801220116
525392675
22374243
543812315
730193065
755782951
198779701
909377400
398843527
638813124
555638518
559291911
643595226
103522370
562150277
667318185
431913814
767938473
594594459
463966587
174724734
643721776
980294789
699735222
297628330
493472639
115008900
342112815
247474748
230561144
966959312
40447516
293371967
279135066
244951133
667638732
649851746
368363021
998081926
801871734
302517286
880456356
753478257
344543890
21491086
112911741
852621440
271660935
951519638
420991343
969749333
680116947
673640952
794937347
694415940
968794089
147857682
389802590
795214289
543598312
643183297
917711191
801889339
456269236
957020180
911908300
464391101
719742394
814648159
109304616
481510382
860389119
254059343
28752344
12300859
975543177
950786212
733367513
921625191
414667230
862005219
672684138
502094829
501384779
323633186
924924425
558189099
81703610
120434569
429486191
721097782
471911926
999790388
610327984
245802353
15161643
333051313
93979918
909830483
455084758
45083921
962086059
630750662
580268072
381393887
725240365
241329572
385593977
882675480
409174592
912789279
259077659
461249151
497507960
306505306
383869479
44850535
23548483
394727698
252314745
552600057
198293150
826655449
803568719
173899308
920850988
189031461
176480374
513072227
388133787
785390233
235499084
113174567
524256860
25310062
693821719
165811173
327705049
854791736
316638354
338098648
472270583
27339694
440890256
393183281
905487413
562709749
94223949
759892257
791520742
914480718
200796915
688900972
143026649
733361064
126339843
692471381
134740355
915955494
668745110
778799276
121630522
794596270
884072409
86767025
196407217
477282606
393508375
212032933
374794596
516919716
665066653
441238372
399815367
964373309
452423611
657107634
178007323
843700714
366991652
919178075
13217326
655977972
974315948
873000007
981192972
120351078
932252803
327033516
862126546
805077098
212238362
335022118
508322759
722496393
21956398
923017422
127448624
490831245
77465359
313695009
933480119
122771882
597532631
398607496
739703341
404735967
830127387
233005454
30304550
850764150
596724489
962428679
258696384
67017252
660771521
73500316
785568701
603719340
611598240
802075571
740451546
817885389
208828633
365545726
709550959
35567812
704172559
172713201
570018014
570085705
231019342
627983695
222663430
542977298
5698799
864292072
599403587
475783314
142815751
348634724
216234557
265926428
46303294
30869164
973157519
320291899
208668770
309278297
383977606
75699031
81638328
250363843
134872318
456279326
721131757
199001781
348734247
375595696
723878871
442798720
330662375
715755414
32211629
81885277
224801964
312469576
388029234
187821731
985543969
160761315
211981345
951177365
515330295
110876204
990767824
724656696
937261286
38015943
71528159
617463973
641921371
75678027
612516164
941505672
913996641
741712996
656195105
965966929
172071543
5380467
969618937
365799734
339149294
965097559
577964895
560354454
263231771
142771149
135561347
56520749
228612665
892232504
429168041
420727074
648055381
922800865
624597051
454688515
483826190
196692914
746332761
390123237
809702756
630401343
243848383
788501074
216432599
1654014
262509866
377655448
888897347
900511888
698705670
886680636
729940055
970237155
781631
39172059
155813738
226983262
310576153
235854978
655924434
576162238
790970410
555182216
262472133
358513737
821856336
813811589
262931299
441749495
573514349
390870829
174944890
13806802
798084846
538618032
92778655
362469316
233163709
111684399
335341453
279101839
284486999
963311316
691153839
421308738
237172957
933822377
639161494
221489374
566487178
350431347
213706301
272771055
292723561
212264401
198747572
768022730
648789412
821198869
600650180
977617389
879977732
583269492
527156640
152367719
16470579
213171703
717904817
912832918
329356718
471440098
64802766
486642952
38698681
860851660
895177635
368618169
250303392
199230480
626164355
172791506
106603704
814490988
195896327
509401702
570195372
616742578
818426562
721151449
771027754
736290056
795677147
362272989
537633193
413867859
713800534
848016501
535723856
174697603
747956605
487170378
423033767
102075507
514597709
698614724
902721315
367451354
51666003
562138285
662203283
249071985
820217767
426436607
300770969
488538862
338693982
449791623
652999468
971812594
870935251
127772905
802747838
931347732
477229479
326235586
375451887
234225063
403048917
146299818
581683934
783437860
742684207
502583077
83684562
477103017
522761675
515815378
295193333
616483445
557067915
664873878
949964100
444908989
764900508
376890621
872305750
707149955
698764691
117303444
473463690
508900191
125355969
707385962
364320988
474262661
546711366
134603315
333674828
238839274
262625105
656921104
664500747
362683628
204285533
297401645
928802993
650669308
7495549
408609666
670059203
79511692
178412252
151123959
145236660
305611315
538767388
841411847
407357172
380870203
603233677
414462260
871301506
890213911
75569158
235659396
575746380
57705879
249035748
71385650
269671657
793012689
699518001
864580176
752096582
968267238
381667902
486491880
937763596
753019027
123909908
98051077
308569017
459214182
282553406
705425509
259007372
782462401
221587372
246902121
529073942
737369217
876939894
562088566
951001243
293336272
10481737
829423647
305954396
292104819
329745591
649165714
185274370
753849865
117833572
686656076
8822918
122894538
185243002
546091362
500001908
647571764
995880920
684215360
388773577
477053504
768126296
689570855
317225555
217613067
722347836
733404507
635189819
489837378
354899422
245677614
168680710
841776446
593163963
214040875
29355573
349280264
671053714
642540505
139019238
348621303
470983268
861999423
35071757
829374408
185433634
887265878
85258637
897904601
726383965
153633976
225170683
266502605
202640181
516810622
667020071
929639159
726031124
223288005
314467164
477410436
350110251
423593818
381966657
552498718
884806946
756301092
768918723
257146589
543376704
501361693
981139333
307623015
427157940
995053916
474788230
467966296
707042796
683465752
21847315
907381398
568546827
2445027
199941465
213533224
314852562
191263895
366012659
443488594
984470273
898113892
885705966
300537780
605066535
936074525
607318695
825089747
754723597
614115749
636085085
5172721
280799275
168929463
356029318
62796492
741893107
118399585
395345827
392614712
757860394
129723118
149787992
380116818
707199007
162862802
750838330
740413544
942942301
567025275
718270639
949941029
442286648
200314945
991833488
58207809
291289169
191638270
810971779
879888195
461721008
275966337
269517570
227047413
467360239
77199947
465999912
552259099
707635143
365338757
297717079
974580484
575191891
362264501
791297399
302068336
612018961
494290298
294720792
35771357
388726988
203546063
713176132
448551732
884533282
356075007
521740000
174039083
972172289
504239534
732895194
269406780
60986048
686769406
989154045
646075885
183209703
372345882
206670245
543276425
780953180
561592639
79592642
755343698
655024388
549593440
799699867
736672232
991589977
742523930
834325012
416505496
965701117
294565767
38592134
458002528
599346390
144525170
781240311
32497056
824018906
622591972
396078190
47362011
417259125
370114860
851372186
391182345
755501193
467060350
490782917
961260825
655805065
379727377
124898707
885280700
950754742
130761048
954537868
831528853
904748561
929790748
615490856
918270821
197186484
480891201
971412442
166429646
334208
81667770
351797161
121875532
686495062
469814607
383110253
506704844
827019172
344799586
633747298
495748274
688953540
839892357
98649540
774191967
755226076
779891581
753574205
954690035
656755494
136227092
46197158
801742631
172931785
450319103
112528210
310828085
240331104
334313598
344154685
532064461
568658806
859420198
827790308
930652802
562460514
1888643
825151973
546018155
501667554
202666020
868856457
991924553
645402770
667013441
311053360
32391541
990519784
677955693
733152817
60607746
448903071
46326631
786689006
946612348
38184093
209688524
850353646
127509734
52979099
408907981
394941591
948883441
124739978
962727987
595048647
166085411
718542005
23804545
370023465
977361742
89051121
675858018
773566516
786418070
173000954
662465223
4505812
892739363
50134255
954180086
738708966
970109121
768294123
945876905
823306275
61243001
893503854
70432788
873157161
59789058
61628406
269606219
438350156
994789121
866264227
604770436
868626419
596229163
910038435
706499071
167730157
492966132
576017011
795167847
216153001
975462479
900658807
440931581
269990093
635400783
891696219
193265224
768377364
316226752
475949597
440213293
646136992
275222765
298285040
644210916
991523752
9531613
2015904
87810908
619654143
147363281
912062956
369349260
593962444
103081180
626186617
993852971
81771638
229057511
376168588
489372968
885794524
232482422
267724642
347438935
28858544
211977008
408986886
649880314
721457042
617720946
187863324
545949774
360722351
62714292
402276926
924107023
811198880
185844107
152770599
968977805
112679118
761396368
672263339
352187846
610593572
806598501
65148291
59688776
133197541
411825904
296490670
331655316
906752962
367483283
242865750
996687880
386946654
569635917
9349675
175517685
18503002
878890633
7262299
737341293
755199136
453146673
550086487
381315899
545329390
590583058
787034206
979703280
737965524
765990930
497915155
485344855
639241586
795737762
80189437
882794378
833657210
47532014
609984246
677919678
756075174
801511101
537122475
72118669
913000802
941941527
725161453
797525591
271690129
891765384
116561179
550493039
170142184
293986493
490238116
722392961
480906985
258013062
379472757
117880864
179897589
326741895
138288048
84765799
992378636
765001441
363647592
873674057
306534306
481491870
75048130
113015233
106678335
520157400
919479927
518803453
968094646
135842170
262063062
19844598
210436524
638855567
621075430
938565398
448364494
946342045
940680651
368813674
319781541
551414724
713857726
624190222
485475070
714385423
942466902
118131175
161489223
609752233
87386305
159276342
741832149
330398565
224963340
288508108
40395587
609659931
39567602
577618604
274093290
966591399
527284774
510801509
222698196
580638200
591884188
850697141
233055635
813683710
472013979
858619554
990083025
999144116
914326701
592588448
298343205
769163826
663749419
292125284
262745128
506184190
138230021
906913191
265823701
914415581
198428875
633765682
534937867
103956781
557909842
924470291
973511781
172190408
778896952
977555415
116491853
401390065
584823916
540617165
162305638
501354689
83847483
702787805
381819815
697704613
70470143
437365389
421505112
1923505
495909032
564384047
367491344
145493510
940488080
191928560
116877676
148286894
307186500
817403529
452604244
545448223
520685362
77530055
166856374
961085717
366454647
218408787
1132575
694181804
8135237
651917333
133635236
255463774
644067330
869734960
516216132
376630231
274207688
811951812
809992135
311082862
889749146
414857560
272946730
894303919
494319424
307452233
231083882
106681238
707338494
949365128
180153266
623153067
283135363
899914578
134865083
935112199
819403627
456194002
151825675
656275130
900807057
763886042
484665296
386982958
836508404
300779632
58592443
836681153
393172445
539059205
806346883
747644696
92441178
106344747
455987221
175663648
546999672
121194386
748018752
127722546
774752591
858359957
351041904
886761029
777415943
890265842
382533319
433372673
147896167
165301252
237294621
93160687
730320969
296169643
36180373
684921143
107577717
934548760
818923027
736819273
370801747
249297209
146786835
834132920
894304107
159063044
601247236
450237232
330384257
52134950
888881771
87461407
49600042
515503705
738952315
360754883
920309024
438334624
140537754
363403429
627561081
532242343
609798262
113312435
229500298
408446782
960205033
483896795
320338794
467571808
570570523
521644588
483602484
557144986
515694228
537330632
821987369
967044617
932873966
113273666
257523839
308035677
823010651
655656782
131476469
407735846
892436546
770755638
443366879
823920070
761771276
755190212
383372890
314374852
172563837
959311032
479641652
228466609
233856931
628110871
740324862
653010476
944910191
456627095
881544631
340980650
346565717
479512895
692135956
177890947
806392650
107719981
733289971
173016459
937231351
41408546
753020613
462384953
117774633
738586773
864961915
533266889
80374527
207620299
617774528
193521675
182922019
176871380
560526774
863216694
451892956
936477228
417672704
492600189
991994144
428719919
423589512
176151271
457485410
629122292
745314640
283218123
300763058
361243099
687578669
318529871
900919817
970287972
353921365
729401466
549418038
289640824
564664290
794912927
786392502
169921967
599883762
863436316
848604898
469440080
71845401
274211625
618430220
962601492
761863188
177465598
867897920
84214251
84314329
281046827
59661505
82565304
677959522
814882716
209059861
762932150
429455802
493546365
515051782
183380467
640887431
941848350
969133346
282615252
376545835
432601830
875306614
151210015
533575951
84648635
852633763
305160334
652982060
830639541
819821994
623246927
359472339
237550652
960067332
356208374
862681100
319951432
885573729
588412583
210115782
991260224
2529474
764988750
895745388
686060688
34543556
191481149
806428069
372496792
293652868
429775908
362975949
632920613
313996275
31566728
642570953
617065706
485136227
787750831
214923628
582573302
346915070
551568598
984954733
271078697
65852313
44251618
314995914
247834032
957679932
416695893
581815888
498042915
452083396
329926016
985060610
857742782
823650892
269930664
136952430
517219925
87017355
490891072
112368943
867561847
726237864
469507845
494262966
37776058
769444219
217424005
531967512
127550120
860799459
760093690
995932029
324548337
430123635
763288513
347889898
448930377
86337128
62836020
353464901
48688946
818458779
672242255
609505965
178912986
973914886
786200125
771323829
103335237
194906580
823373591
549940599
728786987
234443274
843260574
359588220
530571370
345144616
25546203
598656524
386422897
525965924
698683160
441524255
875214152
758097248
850777006
983467054
172758532
786584409
868928568
486169555
704385054
417693507
838865559
553385888
541742278
523265567
214796422
755217255
829618190
107501409
544352189
306864858
795409841
264788561
284919559
781177488
129748776
460346414
385870698
773245464
392949854
232009961
45766302
314234990
249598454
754566397
199782448
979398536
500485192
391591357
727117348
271299354
643376898
551226802
279957035
128102874
640691257
579927678
855747934
791820362
514122889
916136742
333003786
311614426
460368917
812737660
867692638
225444374
867644469
539573400
272980033
476758816
799607813
417238026
598545141
472472347
423007603
88364710
518892341
375039849
155324985
441600318
69075616
853501894
136066130
317516955
304257503
436295503
982219788
696439809
361351133
774163838
970685965
745145156
324608255
61636844
638093687
969678495
864454648
660547144
472131596
316625777
870380229
696847484
573274314
293037535
72271694
307573717
446160146
279429169
52911926
50219047
230618365
765101483
677938467
59111399
427681939
362275914
315639775
512283191
391893740
568445151
579737904
127065011
439300681
196450937
104056464
142696255
756283699
333022817
907055751
836741752
644546639
570425487
504022049
190613500
708645979
678139428
630923168
618134966
449258994
530173714
49824259
798810764
236422018
636117237
794328931
709847454
963683597
344998909
357484556
532612172
570942722
319281434
79301215
171604463
417826180
369900894
81310753
629113426
494997186
971502685
439183381
620334763
435791424
362363420
830124469
617252120
157870448
220660596
502205991
250204332
276550279
97315212
107569164
408238074
797971830
609078337
407588725
941593721
986756334
928594287
858144552
363422782
150777436
144898228
726306042
706687439
85304125
567126156
65596644
507951055
777696
697526118
454398781
572537384
923433405
183387534
701123524
560951368
462468967
53595830
561943071
618091348
388910332
152552854
757931281
109357065
472248677
288524663
676737104
822831142
936169655
196844022
181061907
263642862
61176717
92343332
821203622
477940111
191460435
155811379
728395345
638705328
125123712
826877947
954439078
754881238
644893639
166373204
506027778
414640175
68954002
26501665
50378312
258739689
156948207
957930790
999003769
200229900
100401490
422802387
633741104
698706234
460218470
327166275
22358048
405963894
714413352
5697733
487010588
666685428
600629531
847405443
486778417
597196542
837336249
325513036
171343773
372462575
819096187
601900863
102540663
625676617
923525604
856412840
195907107
115796467
854313675
207510342
305121595
677944214
735773887
863739484
962662745
100821989
150886208
496560216
998465639
495806577
258701426
872930968
295954861
575953484
505156903
55546773
447665996
619549423
117674679
705806252
963956574
359993946
444016222
47069986
857810978
839483143
515355786
480695364
459388093
276370743
195962058
297851027
653510388
934518386
70380852
530468960
510561009
709618777
742653530
562884575
421288880
651857308
146032162
986793955
222464325
148882293
661477075
947454118
773418578
136472037
479245115
567329047
836452003
151929276
476839682
694620519
986190611
634122514
669508469
757868239
741003410
15670458
900221314
917533180
109937779
643579892
950446612
820226469
185517895
226197612
297678175
157915314
341370573
634997227
116166741
583490072
140443401
835232127
931502099
68589413
930411149
491769518
109811645
2425146
938777324
206428089
9145955
643995272
47402602
161718832
833912297
207408028
441809025
595978850
59759527
3346583
377553832
559783855
175205993
52923151
234084894
605168524
18153935
769355763
238205495
439824434
188312047
801967086
838368604
305254329
629505711
93007639
764517195
954314323
952150318
990686081
338275064
705489742
942635621
819051362
118370442
286892405
72980943
453035109
805835640
211634279
513668255
186693047
350547002
436581113
625125620
238654907
454637778
244203910
122351623
456078842
472963881
568747089
539915843
7394391
712604277
477690764
206634763
322470460
282257632
511152891
891775324
135784202
314757680
507071779
853033953
233979976
685240153
492738150
476882973
805162367
902345392
914603640
322556130
406433951
921319255
607359870
33534303
837136781
164999818
703035848
981703966
388926011
821026844
900398059
970873999
130455774
833178692
750699238
64932198
759734589
700803460
548020831
443459881
307255317
160108728
940168239
583739144
217661848
391053519
537268286
734848189
594001018
802770127
281115350
748659466
185955587
635739409
595393087
629495576
466074369
77802956
375162112
72559987
61789193
204934154
439528483
869813296
679643288
403307188
228442407
629574610
663803045
806585912
297156506
712171419
468165453
223382440
834937464
938961407
928769536
354741053
54865200
886497060
672090507
369744597
160590637
271384563
590151637
612248402
328516138
962670607
587520171
768671221
651227904
661403644
590175169
24407336
520065473
644909910
51263555
670054326
498579200
663534143
805051303
126374687
376308239
536491858
946611581
751681010
779501313
299554850
733385076
127034477
921878740
758611099
656440301
970608553
159191854
405017745
382911306
54331724
610516135
901594576
709582138
449857431
14518210
752597186
57205043
827315419
341154372
11799632
461019674
299188360
84282163
595593680
236234321
575174160
257564571
18932222
861170474
856272600
163879898
293299392
698029238
40813430
970539482
926624490
140758293
118726463
183031854
716533338
7933298
770519121
380440662
831528904
882527526
182528993
597656049
959304328
237982124
881945766
29162571
897016227
755400180
406827242
645495771
415799600
488358344
615546807
438936371
48201755
856709428
894398171
409138592
380400268
890224007
933630130
826314583
905097418
837571319
299679279
464491418
169391045
961866292
218663246
727529406
710573420
731077562
642449669
333348105
388538682
831898449
540130956
106685362
145733607
958521711
91889444
995890389
619292012
114990599
291484777
945249572
50121725
512645295
384829220
687962919
585911220
44687169
746243168
735482122
260104734
759340744
450592943
312273429
442324178
854440292
186338814
887518875
98520725
341718472
822013126
920447776
220969297
665527493
209240960
817300244
467491052
866378569
42698206
177153418
984313759
765373820
914935899
757742657
774570550
917228181
609723954
876444716
476856913
488496532
132168024
172152114
23642793
719403173
272322461
745140021
965428886
30505997
11201019
994098575
139514341
819162591
816027444
867575255
524568971
358720101
100044378
917101902
505329837
948525472
141119356
571452810
547452315
952177574
321731746
989722748
613471373
273384212
826229118
814813845
214870024
94086394
558564939
974959377
456508723
687842596
462742898
639000775
948405929
107445193
411861921
977772355
985525337
361728248
826648158
606527962
279031388
892221413
538067959
155840826
692597996
583534723
605123423
975190575
146657971
631485983
222617086
642688383
614177464
377518973
599752368
970122260
187604614
135910092
962217039
558351895
444069509
706728272
563954798
210017795
438272472
202089215
222498697
329654416
365719024
475616568
751559056
234590339
19164734
288646899
276933755
528361750
733497549
308197537
184895819
471141744
414501961
835471118
823537792
547465296
310370241
249045896
222371683
720275102
638841501
815787230
590430765
704376234
859366139
880088534
291476144
848524610
61739529
992851680
697833756
45910183
622902685
507150656
390333674
74207976
236070134
427501120
560294240
164646734
120908201
11920806
10642249
308202294
374199743
345069700
414598366
479916047
89542949
168328128
861898335
121453749
474701835
350581601
367854366
678131602
174817366
930064292
496392103
227040078
856769345
342107823
936214855
833793639
488052788
230858864
6962321
827047967
754603017
989831299
424489870
113243453
114415987
396254869
333784246
631301421
241119234
465643193
658037100
599583523
312130886
503623807
584570743
236254612
736284998
714239844
553359747
144458240
373192721
593083180
932740688
955280921
210369582
554841319
351148023
922946019
260363058
597215425
323553626
230542712
160265116
614966570
897401108
925412211
445574743
270157062
267193884
363057910
804016808
832722057
709806410
649014002
798668757
136338397
531873734
477034519
883535440
783480430
1612130
315544954
727385495
849936645
343162248
331373922
972152605
668075554
672261460
817500487
350548501
174500948
604034346
488283204
713536927
542144120
944921181
982960417
380218832
721815742
982117607
471133051
148126794
962024019
244466515
486102009
127509102
552595041
164650399
382576076
781309730
303544381
845052329
540596158
750342011
948953846
923912762
81617803
711299476
183142776
904031365
638822186
91431161
958642789
941714170
543266676
698261147
338400532
120791671
312254633
32791181
400979301
980800689
365040915
709938890
643109658
195206921
264219537
213118738
722947146
639057706
609899985
127631377
416067497
204447940
180542282
382356583
874461503
7970238
8154022
73764474
778019672
759743659
595277496
219911199
30843796
791070839
939419237
215849012
638024366
389512587
621891517
58153575
107605279
396392486
681969697
824869511
500424651
413326688
385549279
78808871
744073222
559128186
27680538
892787451
240673401
240673401
713802414
846002298
412098663
451971215
611504784
912217046
486801541
625382982
149224860
704472181
799198162
943683141
480301753
492896301
698277280
315557156
127213423
179039891
79509544
957364191
788461335
529211790
856722783
408552696
302536685
833787562
640329865
26276024
328838582
706771054
742179418
972160239
387832147
52312710
761570979
339562349
461487607
369473085
461193292
633567898
229869564
68315528
488592123
20956192
403453109
330753636
644204275
641848979
85398200
51858795
654986914
841402961
743132917
368431357
759150388
84932409
444651603
419496921
76380334
991422081
11442742
804816962
148706880
533442356
394241920
133042372
330304713
26604508
963308611
693658136
460628773
57777934
139592313
737562740
718157870
896499545
453220740
112740619
770346381
680310116
579111464
586660636
53598084
138690264
586195711
998668123
870983687
697620807
555543860
714252916
401276291
137745062
496637490
32041130
808925602
578398416
670443038
887391268
78124462
181085802
868994088
185064747
692562523
816124986
388266443
443327836
710234161
36930459
729582901
616129936
916303612
511582688
491641262
438986773
333068892
98435688
23104383
589134094
68612513
435009290
537800075
33747759
226540603
52690938
109738689
401862236
264767406
35793985
521826242
314182773
170864833
597154722
415272588
789640991
550112466
414276753
115789916
388930561
987680977
16529977
432092607
67658825
388887547
494051105
717337406
245382755
494727235
280284221
62679902
354184054
678619154
598421265
313309156
912719290
353911880
12991269
847201883
747162946
176889606
793851128
30850548
33087530
943760308
475844288
400087595
954646471
352216640
885361032
775593304
455052206
173087367
250556409
344282760
463350023
124421009
162032607
818645408
703526807
578035005
327629753
638415493
383791477
910066919
883600190
164679969
38781210
491801534
786046582
133033570
694868217
816053882
578609499
690930486
789072499
892225423
757991656
259175149
693442111
930621381
167660435
772928604
114170128
493650752
350803422
404654807
300921515
19332199
681106165
420092300
402808349
950732082
67822243
951669536
756499253
691980987
316193400
607333787
774346847
798519672
868542762
522499611
793219318
519521418
242624568
139294835
452591686
252642828
470188108
110735768
116715501
179791123
666247199
257517967
992430144
89113055
106499353
717944823
782013606
947159177
275446618
671515326
699813179
581293620
940616513
525005076
283984047
559013061
800660705
829630546
799656184
608484244
991619063
19679770
161604836
247640147
994045208
169065712
455588659
76425877
43862400
466000999
692490458
870294018
235263685
281501132
598827778
206574012
481057808
964665638
17346158
644558389
861882748
817658960
114995683
583588954
369373150
348938705
407437372
405117361
629680042
755000186
320746189
703643040
107196957
651505296
243099259
852704764
989224506
862949017
139090797
669098927
775822722
672794048
957589337
332462248
632024359
284947657
909292629
55585344
893546006
107133655
462109018
466617375
930487626
436778618
119112544
7409505
799093454
806791529
179620952
317216498
513962673
876102102
94797483
535148752
752226290
227243157
863910788
472295615
994213599
143456067
869292470
279902998
575862847
476346624
994340157
732356618
785703418
939988948
43259530
921025376
488274883
497276426
519162744
434514078
43747875
218104654
771316695
982597719
858155391
184986427
342685102
203750765
721950146
119349494
631073214
860352782
773848075
788242402
131193026
458997278
885310623
924917708
19383578
340104265
416047429
16826220
851331639
718833376
649386427
518136356
44436800
125335290
665751521
373468397
899913265
314745347
226223524
195207307
108047138
833289832
722190188
864072898
342451108
873800423
686575090
461973857
136769930
15893631
561356061
711621241
71990863
764628464
64330046
835292447
546994682
939555890
342653322
147247846
860646252
994683393
605246351
647702444
456768884
336448021
592308437
988686999
573877259
537741560
384144447
426515734
134824686
325982985
335179153
622525298
702313334
749812444
313429750
955177926
334650211
525226112
153511390
828851809
629254543
118590764
831293012
482127653
214555157
41559397
311464253
823928363
139257676
322010322
548622592
976880835
895410431
317284855
934848761
207985002
582385371
878059078
121538883
765624792
919363289
489841207
589530168
363929675
255850597
738401168
919245570
550404611
581781582
370562540
137108996
240577847
523864147
613712355
687418694
326546273
39075310
567253771
760702917
171899801
848049914
757096269
130592779
192238148
688300825
241612286
272848795
877327980
614647722
382843921
170826591
908942870
479541115
213245680
931484947
848667859
179368688
208726449
519821713
322913718
788114504
349445323
479406684
825583010
172921571
962339306
419947597
672844618
540527931
662690236
366069389
886569844
314821536
972887519
707589671
390412783
822223642
211877270
877827974
747687491
994717459
507653397
833079704
556533098
751629469
687895207
683408675
99930442
751663782
199757858
431448594
343710596
572799690
230895913
159605479
623651189
296915066
348164217
203544253
134955019
642640850
24836785
873295573
701839930
922196279
757972386
542573760
247184595
672636173
961758522
491557791
464155941
298922311
58986337
743028357
848380371
137243696
332443427
701964701
230911885
35068815
813568246
641914368
835361006
309812928
816181136
290002582
755093635
666543855
485076862
271492864
990270203
370250574
384056579
127981696
824851691
591818743
408976886
446095889
750831027
864716688
789649157
587050261
416050421
847211
19223021
639081571
645389037
257808992
354710594
521217216
177622375
518986821
977364066
413969430
328777330
809198501
86120960
154184626
969646306
471887393
815371441
867276935
837621872
106992139
431271524
393307067
80655857
679348857
312971290
54277429
522409150
93030542
389059917
248895813
818674182
564550220
719919599
574016989
908356873
464066415
356570835
731912098
183133942
812885638
219709020
431762212
297721164
512946996
740597045
162478327
96201058
391680424
638358203
724745312
454504448
347566345
925369459
537874367
541524414
513698919
48100726
621028069
675199748
765316583
543058504
647177596
702215324
132852070
874102278
133495546
854012464
435257444
907626805
233007785
786819083
193073623
608388163
560793449
733549556
620982413
600729793
589096970
48256004
257270799
812985852
440382375
496709335
498331004
960641984
169982515
319052142
184247944
175652905
791780362
28270661
544097839
867883841
732945390
839122906
794683775
20667001
386505377
635047784
463589901
565366580
912665448
14976278
771075888
52868381
257212091
885177528
946953495
480074229
766038039
16238481
234765062
403940455
2063620
320614255
322015230
655626430
988749707
692425978
69295444
838174572
812185410
795278987
667528606
951607951
408088638
339505618
994491537
813443651
779755480
568967958
784275497
698303927
671763171
214368104
624492010
469928742
786735461
365168955
411128598
537023314
546876839
540423725
939099521
742931728
486231612
789350273
650127791
20817719
547192017
476276696
282711763
737085668
606409269
331712485
827988322
280526514
81521926
731678027
319637722
191757349
633474072
402204773
401465682
849931604
434324915
630263756
150563731
769773730
587250818
50553152
634258095
164031352
763059051
109124342
71774171
466300297
108393891
860842511
330084735
644884132
22393619
528614582
708988182
290095835
227937925
57816284
883334287
589413082
966376769
37642058
483548113
265758202
193186548
590501013
926659103
174240031
140367045
76614542
169436462
734137368
232227574
306356662
984313031
652843734
550003477
662207581
495311144
923747815
828257750
825549779
684135894
775315201
466345285
763136735
67863289
158952679
225555896
487497374
645263453
908091537
410319806
214115594
125702394
591510898
775780358
757609062
361301617
947195828
246048790
623916951
608848205
964289611
100862468
299325292
718350946
76179951
181879472
873229835
849842307
836829691
900632030
929027757
911913252
426702555
55541691
542798480
329016600
259311596
875339204
7818720
507696079
370127673
416405963
450457663
47637211
820315738
563998873
513201006
765654602
929035819
610695515
423218691
99197821
379884019
4670797
82412298
407258113
243963852
520878650
262156501
115666860
682296965
422548712
288102440
65340455
412191231
716141429
123699555
10042469
693563585
811900411
471858031
545461612
134835646
534353172
266433913
798224791
984446070
703238731
627069429
317900681
757375856
634682747
292658066
162937598
404632986
969205559
597041663
123394677
200925060
356359399
223546912
908498519
339994823
72842339
593364854
192805615
28060410
204026548
631865340
34131924
17602244
817499196
305970032
798778905
172429713
20964104
473454526
914677034
170358983
796273093
73286006
686541670
231737140
439101396
777012167
301769246
967287195
250082803
659458776
884734395
787522022
563492723
77720229
746406315
176454082
52913332
318289532
775165604
144949715
615701562
14312281
983488881
517411194
122867557
259989778
692861005
227266772
385749642
25295740
388551920
764381773
160537516
791563566
268335479
596344378
364876003
82650137
228622752
786878305
653217875
719902349
446357274
165338711
233806612
169981628
816852681
183997901
263967712
891274874
881244837
398604530
806434171
262364861
601910809
856987763
850250975
94812239
996176506
943976478
253946296
843222445
839334094
535509803
510033954
368334140
71430653
228996248
855752340
395496527
598236046
735088030
109845283
539883907
514032944
243068186
861479289
769234891
60396265
474700633
254207323
590415405
496105583
431831247
802777624
310072500
488265544
719426472
255752527
33634914
201923102
480014457
640851779
540003394
732173877
849469488
752530626
131650529
574896701
937461014
247050539
168907763
211612435
725196286
598061834
300127145
901607154
754194492
404785890
572563652
983320158
909159416
198484188
207298282
601650465
461296975
115491553
894496536
938780212
616051820
254878195
853103305
38107560
408026725
142401502
934673105
765285965
136158896
306115528
651699786
226201216
137817179
290044556
898794788
569779817
78021541
690507713
763509591
206483960
170953957
892589462
415387922
186129846
815049527
790338298
468461590
980296567
186717473
557959506
487484248
454802411
162746896
716215180
259149881
894052656
166255629
395091733
765390980
156031959
586747315
278810418
782396812
97984518
940979553
153903620
835659808
989526992
697278540
663960010
698677517
603026447
263902230
107897358
93589826
876964791
433395025
705331287
317258654
899829418
593407327
923997916
309790912
88623871
83913413
582843504
683420755
591232788
637688693
11260393
4884475
341791643
408057028
670892088
816553155
948912792
223333815
179308833
983459915
739988599
429490968
287481630
762491913
489194131
591179223
551526187
570933498
806376555
920661474
921073721
605087497
160887713
199815175
629897887
274318750
176664335
813585378
373046813
30543089
503352798
376130574
38831830
485411331
517645525
963920282
583619395
880859567
880859567
27305738
673780287
818235117
266856897
9006147
551121399
844810965
484644915
405657178
798359646
118450376
683787118
95702973
516861450
224794577
851737553
342241086
829762375
726800091
184696933
209991415
737333607
774159981
890953562
202522031
864449850
214801780
757479384
827776151
843890847
966232474
609885357
858340421
257325269
543366535
278730446
649850212
837807555
895689583
292522138
605381725
700720315
836641006
439843109
625619233
725634155
147364375
981879950
383774904
502420192
348928397
304458679
177202954
425531499
668522443
627127953
390058613
332340027
124403711
356372501
1744661
891635351
503192918
510472069
934468541
351574812
361656020
147220141
654296486
297955572
119813353
992809794
412812040
230218933
892849734
75744050
184818983
513126888
426546966
108376818
624364766
107879956
901865724
928259578
259495785
937412981
584040552
827694265
7284015
543393654
887224239
810389859
861577686
246338931
295174044
242247960
786935379
564419981
666108002
471563136
678946106
192964011
423755320
477541809
531688956
867253885
997574960
463885558
887381112
272874891
97839657
876877581
501092995
440336145
962857751
24051915
353814135
802163846
716447606
665944207
877874610
42653490
2633467
299027188
992716483
458302726
978376221
395182346
539232421
315497069
500633808
606116658
312768943
945586589
991031054
96518288
896550115
71441263
549564355
625495997
339891839
210639380
720839030
638691199
326183420
404982798
66000050
46836597
564833649
201029652
46568
201910089
768042055
23541826
616147537
145382956
581356893
989204967
592829165
588509429
981520333
605149433
246474216
416448043
92698300
193755246
306093718
271439444
560895956
28238215
807061578
138522425
738257060
927005695
286685901
79798570
891574433
760246590
275148653
57056194
94824861
394038903
68982299
743108133
373987143
722724473
836051204
966971020
859401263
186922320
719273257
781192714
344565609
959632227
340609261
442445205
632424049
287983336
177735865
721336767
496718854
560351867
736942264
267725985
34251950
626438300
511931765
22186219
223049509
791878471
255133053
879722960
213394101
989918394
726865303
651198616
234161706
994835617
881376836
10185047
148994065
933716490
665020073
509878929
615457188
726792611
758675406
515774799
689712048
125244574
936770600
555791747
655765661
255091468
34212928
976974702
388926043
806435891
893183693
266208164
959171287
211306402
187510511
765786727
606613118
261452456
386695107
830596312
778742098
120896909
177749373
611059147
44051138
102683261
931121596
533503556
313478347
26793510
401076078
104475195
723689408
530457371
455054205
586308966
844620414
886529758
691965916
525656025
142901904
140300147
216577073
403438824
795851198
635121600
193098341
937516178
124166779
600636903
721341039
591435932
146457741
30003094
250448977
313596072
924877834
339866993
176876407
775730528
965599064
171694041
63063753
833735207
647548966
861775433
386228057
351477009
850330176
842428014
879125213
404929360
269400917
850954165
523866133
811815323
927799697
979950560
175659389
739745750
40582102
847134981
321847732
142947152
417881769
504216736
200707356
499859146
713975817
851541828
854176074
669053840
496562160
299127027
694190834
955663174
915275413
813329568
983433432
820084402
70676722
603602504
674495103
581280222
114726673
700575424
319486723
694789424
298645754
595693425
101329747
467155464
633610938
32285693
465338106
24139517
699058565
222209875
646320542
593052272
386124514
203983412
279918321
121039655
835472139
484172001
122147295
299463477
196392397
444758285
623911420
29068131
500426080
9958890
262313863
832741003
328839217
687966892
799721650
743721402
396090764
368115572
525225914
176450588
17962636
161704238
703154548
306256690
396711127
572197365
278953383
705531202
498009559
72535462
478469241
25218794
301423580
593867595
887827159
68051009
923060973
578257978
829611797
755231996
174869925
419185485
278116268
747529707
473696980
555132435
21941412
617982743
953465405
869065800
881925068
79041889
751748137
550005321
333520373
313784985
167861522
745885942
110587552
366290318
678499037
636859618
306290448
270086522
538978528
498407244
82075723
485783159
786271378
340250612
499318904
3632170
746978199
301991146
893397941
275892508
469772743
199197267
419248775
104961231
632042875
940081250
326310764
338835493
295983957
418393682
173123885
337915422
129755125
449576236
461903149
277972498
840592238
406589759
482485027
831369021
203710688
659079804
448561579
751493992
396065380
647218081
632925689
793600012
992024707
738283439
214494850
927486217
274370881
643838088
525493230
50047844
30380303
935434741
651662781
826175078
905093659
559553945
517072213
253262464
633480309
643277009
899371921
212479864
71466217
463530717
11014593
624686362
169080951
924151252
389205398
490616140
258131827
592316081
611538970
667976605
357157995
732250323
38411366
864409475
179808959
376438665
838873291
31078862
595460494
309160733
958821331
57784663
801958421
962062478
947911877
269270292
447825806
27141650
722384737
849926982
448600284
1313533
365161819
115459527
586729269
573824532
832937112
585995862
944686889
170491021
237895811
84999987
911819442
644465301
660034739
978624687
5604246
145434938
931736546
669468690
252667700
965050083
117528902
818632257
92081473
426082280
783903510
240961570
989496686
836237144
834841980
728203174
649248304
714242158
202949641
222333963
76793116
277225732
501959356
9999824
174989180
450272750
116375663
335358045
250074182
86102711
802010261
852891158
661080164
31883029
430225517
893659758
624401506
223743128
304468275
800468981
369290486
849879744
138926531
486404793
238422609
635515008
933071421
673658749
85561459
344579917
471585543
455576009
275006186
958712740
70099383
562746139
382104541
541466815
853408834
981342209
301638885
538058542
537914234
669194123
513912877
119889101
661674295
994854915
185800569
353036401
747975869
133848069
339914
388245723
902937391
556666861
241185458
263637590
153824492
970809856
20657844
885395195
994929055
471142704
542658526
250699174
891469499
844864778
838180473
774698317
930425653
640978449
965436983
755203091
10737459
344085670
120328915
714777710
603512360
272846936
70078958
402556565
71815034
819413377
924003998
441601423
841741198
732220003
213175943
206662226
353105432
459471074
747138420
113653888
975216791
22763331
971687980
946385676
418323006
526786268
826234697
265363803
199289483
332370115
59648851
533523286
594705070
74592782
193901816
974455512
843126746
467019451
13730193
575240973
235678858
160938894
540235001
500538320
550665961
940956421
422114803
917877758
565333951
344117916
791360349
88684406
555888155
448999361
893895364
427971955
139172234
910073074
883704299
6380502
194196379
180681171
222291070
874957247
789906556
66998563
334581538
341836183
748497450
684361320
209983816
170973213
138829424
272861483
144241982
490988799
75731013
114922792
482301165
572663033
546443206
585067213
644674907
741497732
737489750
965080491
682511764
331043499
773615932
910812773
898746087
938409656
921545679
895931297
279738965
288209933
179883482
660925550
960103735
297156747
161637543
48618850
337458836
587588369
739226782
917131363
594284588
170898368
290220613
709390594
950348296
784113543
459606583
398964516
36392800
404198715
67253618
152201210
896028204
238874718
168219043
941264903
624112958
394109710
623207042
65652172
637819658
887770968
103064432
991076987
883843229
598614205
711054391
904666370
990593532
694682344
263864145
478491988
441706071
694111886
447809657
846645863
981566685
87445283
437531392
411517578
232206532
484672153
152749773
731181903
694391020
472055551
742377272
274691417
452526705
558971976
699849925
368893825
36502743
364777710
560677128
803066470
232675963
996486402
432696421
66497649
573613992
275956043
720935400
62976566
776867944
926623498
299963745
236386675
166683961
337187471
984933832
341969568
832096251
332066634
313869939
763359854
100575141
580686549
125438428
529894287
696512366
538892589
429514274
628988588
508329961
923089996
100845185
998281928
829973646
861508879
157117177
76577421
176356556
294070682
564059203
547172104
816430612
214784367
559771900
623186426
651960867
489522850
373287249
298368281
501679000
683218518
24259459
821915253
589945718
682982939
677162360
302296689
528004940
228397375
80361599
721910299
525548142
490690698
335520889
299633909
987813144
729515825
235632637
696888231
590166251
583808110
965354729
4085766
587969056
143850274
826506001
819847997
755384069
451369407
600622131
269005631
119564037
613797777
546978967
108234428
263495511
695869570
708517566
332395975
315454433
669927825
306922062
453593019
300207912
452110949
338146764
372858854
263472377
819386813
513415205
671055377
438488479
53157861
488594732
463875476
227534662
570853446
573435229
69766794
492093903
957700421
704501193
577767749
493800301
206324516
111898909
120183220
381858226
40555415
634174253
511167964
787933292
297866378
787808433
846248160
182498093
103359703
127867773
472040560
339026821
428011954
822043488
950509995
702200179
653865342
745749444
622622523
835688181
340691920
229557418
104500228
51495738
416253103
311355393
769507318
219494061
352931920
603829567
235394441
251645067
743821630
715278191
544863230
785777593
584566635
857105478
625626611
680675948
201088873
786642706
454778791
706909319
795418313
412503456
401622158
256434670
458410825
542183223
23112374
549043313
171791575
385005586
95567877
429868643
659242897
416658086
60978895
803636684
637642502
296609042
357659135
163440732
644661539
324914413
426453460
675955938
808051153
295946443
316381867
803430665
252093596
775300474
197040595
27315041
856664708
967646365
27289082
962832428
771754696
720623898
810345392
681204978
404943808
473315985
157426594
927465379
227855567
66184012
348065305
873415519
241754899
348537164
320107420
474204337
410916289
883980966
703522856
495174466
802578015
652609015
180732772
209999814
178116974
238531984
800045407
79744764
610851291
794142987
515957155
808572551
266465968
800647247
602957522
525123352
103845281
956477274
12949118
28880085
691478731
257430868
675924968
722447270
58716221
276515103
70592715
317423808
522154878
659900412
580068406
573834181
624376778
106531169
510033449
80690319
759815368
572517737
239309163
753250735
431396736
756153193
493557185
333780792
569540720
278702881
348014223
713813639
507475226
777144234
890935572
236662848
280423743
309599214
358249900
838951417
989132101
177343156
553652738
376387464
50546514
393024639
680933044
751522336
949410998
54889597
486443434
583401894
52064370
664999573
767715371
449872005
794809211
325011536
830882395
79404953
617308732
777575245
389861794
121515168
386222689
833847264
508227726
667457715
52463166
277879079
244020739
899628799
103409535
760844364
378899694
988742633
425453776
672151201
944330885
481214983
64447480
967846035
875436829
946450670
787144413
39034689
882535812
659550072
220809077
725564695
413854032
694216169
301448166
214315374
849391374
337952641
869444764
277193116
986541124
467194485
235024384
788304055
375681320
656944661
847562342
726348442
293184038
988066049
718681812
952165182
900736516
242618876
84556216
973308065
788434988
101990938
926283202
607997970
936300528
705366669
293582727
639139470
941299041
156283660
127543513
781186067
307612556
473956432
365410891
738939327
468322192
76804065
380480682
860702705
963821484
852322370
410078928
763242987
529030727
887889202
416128396
340313890
523581636
260942122
470949139
577086283
813302255
524732768
56773350
507937355
591095422
793286887
855686486
529537431
842033176
599478497
25126987
565520744
462053018
636607855
318824450
84502495
760018870
288225108
803958817
633252213
514989106
774415916
726058515
782519189
459797822
15414461
397199858
836141457
301161603
577265679
69367200
469278009
343353008
808836496
755034485
635990788
653002361
798079982
411336556
777486448
237443759
892739119
769869154
675843092
280328210
421985170
916516608
459699672
533592618
349596328
68453021
950493081
583266475
508114428
773109263
111150372
245674816
931453486
99782815
738068321
438369520
172415084
512617645
540324058
97418817
86234776
599749013
530400795
26119716
739818861
890119804
645013578
848144679
853003996
759835511
672710281
865992091
732981953
36213093
755144262
578104576
59098384
995465464
225903776
341016219
944176029
570255127
261471211
523289427
347159541
431501491
665833445
92884406
685564763
627601920
378788871
987580929
549852215
312497107
776590164
671184578
8308642
991506051
489712540
888929059
386643594
230761427
723053309
347513710
479047581
933518780
903929933
527446097
836100699
573677403
264114894
570508977
361253545
206159337
388542961
378891396
97395351
622549970
569748218
511506581
994288314
817573255
570844837
103228219
135836322
717217993
87139599
178122369
441273679
199618003
133833827
117687238
82800688
636412059
851744410
448817254
260513537
624630960
930234162
39405
491784487
220059635
977175257
933938859
15607374
916539907
148604240
546232667
993338531
898677167
484087345
269382954
128461022
248005049
308289567
621490448
554806978
947416740
483359873
826116402
979919100
809544426
151308467
960586408
594330833
707462898
855240669
424386313
137006173
440674363
91420023
180916608
49422864
767214835
836196744
915918433
518039110
473943143
699307145
471109756
771551189
750517512
116226042
122612919
102492613
48223933
104147041
84969665
131255403
18027003
721899072
654190853
362191593
786377063
587414579
264241547
86426824
171698296
173100954
214171983
325188445
42177510
194972722
89664686
950010083
690031310
554014757
688719153
179722916
72262995
413816808
214555487
59821219
103691848
52958705
394504574
978473697
600288129
614086681
729055696
472155729
518170317
385890678
490852779
221117483
808366654
171410711
968312152
780756754
909199803
874521453
143624476
610581804
322827604
534146661
823216708
2090964
120333466
760864023
584965979
590451592
644082325
697496448
817217837
195917942
76452788
583259702
977226335
577707458
316735648
891783505
457850501
205816813
717666868
117104127
561748520
489668962
676664849
712361457
457794642
133296398
270059835
995737448
508564546
870967934
652932715
450631529
610540466
129414425
213757389
788069243
496813519
383302825
145479825
800142933
858567727
34684484
196302013
90389030
886242981
391841299
902273026
149237140
634301770
49790142
730831898
204695773
789143570
150259212
346839767
469525234
802122621
594094234
888994541
773130320
936020458
481968067
516437502
436493113
874285242
579152949
319256253
671555697
175007385
449620524
682910655
534130645
787026756
685291216
36697178
312904598
45225624
343835103
549057387
19917166
294551434
574513486
521063399
38877225
856547253
558759558
181113023
889959843
298533044
855870751
472622255
747541028
153745560
819529785
813065139
141855965
496776992
596905277
536712407
225167856
96911457
214166591
464634583
989393341
412026685
751669140
100738764
839201282
943552767
340844722
966772571
397528696
652051036
111479914
792913938
969726876
550859523
124292997
716290582
519751975
898454635
619875193
244286367
406281929
562107213
566628068
266268946
975985396
874768995
943343968
153171434
865474278
862442428
608751028
448490741
20570094
22286962
472083312
829339664
287884795
435742252
534282346
67155994
314743161
146120215
977774
467067918
401296913
83360764
116976013
533101506
89816750
297488147
230413868
353600451
115651176
39612584
58220900
216339102
364607337
816134858
797855666
766265561
605188390
208864817
859844860
38419437
800020286
17374160
150510842
674881245
673478940
166249557
400989988
635131909
975424844
546901585
273907769
819818763
470165150
255715599
453785824
625794975
105801628
280783442
778639390
422313146
615473624
294780158
295769219
642640201
637673016
943533246
449415421
659369937
97107870
909780442
296503795
732970711
646576085
743611322
901208465
301112708
525050792
918013270
453435953
849982569
605767466
411062123
458860795
278045331
702627696
85943621
435164569
206712378
86804746
525809402
950112746
94682881
942840371
785800771
266365739
108287639
882589006
542667045
262348889
569451925
989066562
712174163
236859607
673258426
220189593
979757492
973645868
438573310
907055988
560763627
168925852
295259596
213005338
447708428
732947563
531085431
533033445
186734420
713192274
586827214
134779174
648921667
343830129
208616735
667801609
13402802
466841883
224100474
324813530
994109537
315811763
395296049
45695827
840031596
596860979
432205954
532474404
477368814
472653578
147743368
240210485
992259154
222506820
465172276
916541663
550526716
415370694
99730195
878197703
645532186
38380484
726556378
507018120
748178713
357263093
21125119
479238648
91830058
45227079
565450916
93128079
481654219
93860686
50753362
667617062
233583926
77110965
414857337
361568487
672761103
369248316
90646578
102618063
855078720
729534159
972870217
218530013
440491219
972932845
324995736
296822687
503423330
895719398
491980650
67332953
308851293
248918515
114936694
923958809
950129229
698637376
964240862
802742158
766222798
251316275
691359572
738707365
924771746
69489593
20018395
232736630
959205325
5505212
620402872
229538177
784134196
624273513
853759886
144900408
570307525
148379006
642142272
422159449
222053582
514334064
292880299
342194254
323064653
13078392
331633516
280788087
812994693
775615941
77119704
636956604
270142616
290480841
964063204
428464838
78714390
531924414
478297913
865033841
128781267
208234277
174041091
507947191
91024249
587011249
114548542
465718523
477719474
856004952
481490977
584748257
223597450
315317907
616694506
469178549
902261189
321852751
985778966
618415853
422126700
532634261
754960801
779720078
683817638
391203855
417598067
470374239
940681584
782501293
242061618
342570345
448811557
99755222
692478706
571252466
23624996
832830673
8735431
367614968
109941990
145785710
449781020
696173080
803503394
741507057
336182517
2947089
36513386
73601049
628969549
653685178
900425590
725077856
873471350
74427764
769043115
507135790
258251796
239924934
24085639
39732655
18732682
637045105
646116899
774302886
517495658
411332830
500037600
421415187
432850292
771208994
923418481
176455545
623333288
206108196
587835730
441950314
791449739
125294311
343429901
34994337
658560324
477328021
380655322
477518408
774301777
149584441
44219581
160718692
509217266
592210465
280320098
865197519
743195807
461204948
589243318
200696961
864348398
197254549
523113496
792900377
189331841
992596469
671925968
406357089
368213651
644835268
152115882
917893754
70902870
445427497
735683181
230287565
632997035
615744827
618852534
380359120
159841232
249029302
480239327
268301147
705786494
585334374
900333186
570870744
842458247
876531655
757710453
94200309
417023563
587146938
677070704
360440094
15236836
684773792
140585479
589469232
387437114
269182540
862068669
845613260
239821830
894272782
845998544
93538225
654146969
473235266
225596451
876583528
970812025
677538379
384672899
323221664
580165033
818817574
12187058
776389831
381843380
112596495
529671439
743245893
766322700
202918421
83154148
469992557
584766376
286758673
554673373
478347862
856864387
592995301
253786930
778360861
992588196
34729253
167481426
666272952
355131960
633853873
568023412
731839844
605724236
254185076
235404231
829932552
833168176
432676112
426343924
385928037
686394720
193994545
90477622
499659749
986436162
781482438
661803441
600220082
674276780
461809054
610885457
377413251
464022929
434531850
605313011
281028076
591914158
663526632
875761612
778947114
40567217
965576289
456756460
682209173
738186182
944105336
159678494
653519634
29385025
449838613
986420564
598329656
209734397
11328508
587346182
770474743
462010568
279059313
155924207
400624360
159644465
592005948
542503891
854601233
82630431
178515836
718461188
579899555
766078150
7678006
134616191
572894099
21171296
195291768
732484702
380815024
380815024
778236722
893746136
797596818
139789024
875051935
873523226
348652687
103402035
377242703
307816052
547716385
107433176
511804814
430574420
230716310
123012988
841040456
470642196
129478651
935778652
393215050
227394320
231250333
913929994
373635995
590370764
809329024
189816396
920307169
821911345
341655150
557615603
241444132
539934095
486390936
128439971
280916667
409873680
742157466
945204404
829139349
125085683
317384288
393519417
902860232
525304062
767302037
148729001
367585323
385700341
224550295
97682751
447113785
108073024
696583042
615588435
782337794
625119169
406566944
817160601
172384476
365883639
964156409
727303625
533338420
628020126
794657690
215589607
638590027
836451848
329717253
809139986
506640368
648691768
877294834
376002805
220596534
562896106
947389740
462802145
216345111
679774375
88507135
538034651
500751499
815261318
791963922
370125787
931825149
425167585
419371273
750422816
325764666
80012646
797268875
115148809
417577862
329444566
168624647
207614347
913712912
413580370
958391675
980819474
616928234
452077469
648971178
277033687
378415779
812991628
301991058
635837953
982905199
231803132
664903183
881025720
455745416
779364052
233555821
299398160
26405286
573447093
972720751
772428517
365453917
315566284
339761918
971202998
22654831
231738276
89056942
763001881
716711580
98486349
23050146
504804043
410574431
402055632
412434802
868842760
328263031
878359096
245295861
550227356
796879797
89067337
333343558
450821740
86399064
661042576
44796032
711945163
977727788
167145693
13370293
33289246
369183915
908236017
43642928
421082786
375029321
432346003
612327317
613193514
399223917
654312373
887025501
910961707
309509118
149795106
357053684
605207912
341555653
425925785
796997166
114588495
578938336
784325658
607871298
754535442
781102352
454849336
979450823
825132438
914511648
579615326
45532125
234575358
702895478
476760311
170403645
548106408
618742191
562440326
195530883
529316557
98284186
217323412
716564118
302136400
282807969
475134674
197841148
668154225
910017274
217806576
315682768
212094469
349889739
843616516
987680231
976686653
792641602
98634812
385434717
809797613
659329935
96746623
858533882
393344801
224580633
198518120
32755659
789300151
486581883
682755283
698233190
226739128
625154465
491681341
772413103
41906535
279685293
116534949
679403787
307706056
213881565
113085554
562009769
340450071
434539974
556125092
924326938
406125
165629937
830494793
373479485
360746541
511481201
563902484
800240361
532882898
66492326
612491192
918575916
724406581
489843815
226033100
622574511
80724166
995658943
842448610
675982169
605281382
981160792
755668469
377432530
166051141
200444824
405438613
204344883
366309777
746745757
720230145
544744225
159658747
997658957
576904227
935499572
525892207
423521626
419637820
28125117
950714882
929094020
614412938
43923352
307124850
269030021
133557118
932652007
428751989
973697318
311175923
284602888
34092131
409845765
127494217
990198106
116410351
878514312
134151604
247787799
301555321
768967999
597578443
254968850
982243696
29642129
519434027
969989442
556240086
382134324
905653122
916723189
709377140
109920399
256286127
410603126
349316084
111623015
733438916
417388597
932943917
472775138
712192592
883730157
217190291
814462989
875683922
921566194
695904858
600700426
265425661
893835994
807074583
483782173
208586358
408877577
680483891
392911374
620878930
876841350
860133282
411213566
499115106
885766729
592198150
811070260
485300172
512134615
652444989
882454167
784955329
582496701
378865027
193158235
227161782
564414405
922280563
215171250
264130893
589477967
344720149
583610207
29947285
934240086
539676780
852128617
592344099
247191409
822801217
431713108
874458729
400381984
264674415
954700755
759238767
985252053
456340909
960406588
465989383
250438205
126187870
969472641
778837535
410385932
741726530
695607067
890979368
554699087
99267108
355193929
217434172
881960260
534379938
496903392
24190562
114899970
580920468
467206628
865655869
411935451
535665862
658447110
850697198
778597348
140709650
172942219
850840424
116485894
104081625
825626675
973094390
738695783
31950911
109949512
566675501
585627155
304951431
53566835
369456868
298433366
642343329
993847158
303321287
242807795
655663056
44015427
380240751
318817700
942224010
626003825
888449633
767027821
730208788
752467358
521766819
641386510
698078940
124160582
843285504
65775620
40218413
95002157
107372868
900508620
872054552
551695843
240330294
90579090
632133728
955767965
958466645
280917667
665684391
933029067
904921166
131859186
18221504
820434896
256798549
98125859
106200909
232078795
429862979
344089562
856714970
776914645
316589539
70269801
813001409
281315202
909548381
878991545
825999369
162615771
34559503
756089708
615621112
581542072
615442946
969201696
1476047
17523084
192695327
735118677
484980802
441661024
832232088
238214513
632442125
808574572
571803046
34056556
549738510
892339781
886972874
254937289
334424134
634699026
719785882
2568599
542729303
452419395
776830075
823424664
669896369
738812400
335931774
666823796
441703010
842768454
446352603
170991693
561692839
588226497
288539211
514199006
64967652
86270771
140137561
301631358
567977666
984726202
205075884
224209273
475918163
624609844
95325140
655767002
782223664
722766775
248192839
4516075
144053639
46114545
226063158
153392671
529308175
904798123
97731524
509449300
524702048
672704114
95671106
63463011
948182389
600791629
11641565
824846040
744428061
726107743
278855961
838553820
169120213
416251729
551371273
973938645
491170369
689158888
684369507
380484712
64616653
994074480
946024009
612905394
397241839
220703615
502094717
556002440
945706229
167827493
700003605
11532809
450192043
693596201
995373630
954720627
991818344
778284467
91971222
673352768
598373491
779819838
843208341
180515470
806995534
720767862
426577289
560513424
213643958
692549335
553981355
739046795
610505719
844745815
56523714
226382338
532622234
388084202
709506849
91479991
146374088
430639732
3964854
840708142
207188914
677644958
723979134
222300275
403251401
25917571
346803899
213511864
584643009
623961140
115576961
405434986
142733030
659378648
270438487
872367441
658675587
363739374
837971369
749661912
25124384
196937948
883321731
30861609
989592062
812929497
350768696
813951318
265549883
662826903
257497509
758631934
190605194
219543552
701397231
405710247
852743279
12825873
88895442
715573622
118182645
439459084
919986681
685043830
268935843
403971056
447479033
933898341
154879372
112995598
614594476
692353840
877699299
81633541
851496348
271710806
387036994
469696429
626290909
949718349
711174930
241417950
698051058
129837894
487089576
947429468
198431596
132079545
672933063
656271796
796293634
885097287
996917038
141391865
529052302
470637222
2785496
820584500
409693729
326070698
754478000
888698822
615128159
914807048
776472514
796651899
84783251
103558405
402553349
161359976
421614905
778313401
659016663
309375907
422127012
106089472
520609440
404135560
850747919
578070140
669409875
718396804
678819820
820602300
969078867
113423934
488871265
291852550
5710506
251396535
824491655
497719071
341471791
118736302
462513011
281959456
592061398
898759398
374955357
97684982
654217132
837087742
205617376
274424979
460806558
241418321
873304504
688772400
956512219
305782955
275934853
656555880
48436949
271296124
86618581
270140798
233865950
29328250
762287672
719853616
190553157
493435432
787729415
35330986
821443066
631999209
665524977
296880507
948582852
308738831
762383318
580188941
763529953
755879711
492307794
371568551
289687297
327699600
382267622
14548
143394293
233774431
173368385
629433889
888084280
358882722
209430811
698901212
34264696
323517488
136110656
338009695
379348467
818290359
909361473
982594337
172740754
918316809
40708897
531450925
543755423
563509643
53978675
709521052
707768737
297065533
897143465
590898532
974235751
750580149
174285738
965518438
89575925
260669555
505760152
183290449
999282368
925976737
969957140
727196541
344257330
842989846
19930090
693485268
367089778
570299914
428678178
872945157
161815
492092487
78838227
408906943
597626476
87542204
71234198
836842249
523354516
814506326
534192535
891140736
138366163
443612733
212019826
910488292
158508955
273528400
117375106
978196462
43795639
769575851
498434692
856559650
755080665
871321217
82814767
943835620
433600422
210209378
310777045
709696001
281549130
344597295
371264724
408913869
767489525
295153509
54278529
541906544
837401255
564391272
541798591
199104309
591676887
436276688
807298600
768620052
717350494
192351369
149276163
45289499
660617893
269508646
654541291
875973279
887186157
932990807
40560733
569930415
57815749
367768395
572903304
461056522
668129179
209969127
918258026
477444313
889706762
494647938
876231495
330340913
717176644
943521696
690895878
334950778
12070878
906014145
609475653
960590254
92543258
551212635
795047778
368590888
991076155
942442259
517116680
167160539
171822804
843145817
246063288
533956571
739433546
297958128
774519258
657759460
868978572
440191221
905545407
231856048
2366156
337260783
29321792
160279613
88165418
556760960
531421016
817412209
438991575
422315078
9332434
340467661
788039254
292856823
767767556
18227957
172096619
68088048
848470235
514731330
207223181
12014330
665530552
984506228
934647944
690838133
837899786
704981856
562060
148984809
265077414
826386402
30966328
224983864
487193385
824702246
449285053
375641090
442861697
986008482
443048931
408549560
330361326
469345885
983940525
133805456
111741573
25126924
480390589
227251207
547195384
440044948
945856307
481339026
231705420
348948077
276650716
974355905
426044402
79732688
318260226
688028562
924752385
932802342
779551062
566893220
938059470
947313141
854023284
160599173
367218952
454776155
58286962
719492863
710431585
657386140
755459574
708623484
86997710
818441356
975885425
215460484
353466755
752843721
492786999
27700761
196055062
131216633
135537198
982607524
721112587
513161256
194866879
467678358
910366181
417270429
651482634
607975103
760596890
220000661
459907307
422698335
596107279
553557400
437476430
426930434
934654780
752948651
212643535
822900648
76007145
718268587
169914477
809514763
801434351
328341865
992409797
934910738
634793991
298850072
530176064
508028059
791676085
318424650
935839321
938524532
50185312
224738710
348807995
925108046
536475325
412413882
322933501
793546468
538764373
149713748
548155675
997604183
212926251
842158057
915838682
180247595
747443717
941190873
936661442
620376433
17812935
262195694
33675517
224589185
455155029
263346469
802713162
584358187
105422016
756558384
867972660
139291972
862482016
721252541
523737379
622575743
153290517
789551594
465270785
358982942
41270379
304345467
42156756
913602527
386030903
776778889
722303318
898012066
499569212
523684380
476898271
965127879
307287177
960404262
394523372
469569436
274827058
96334074
389800605
318834545
397092747
997984000
383294807
387294457
515813631
726791059
793951842
998608234
887815453
950937804
69280991
794398322
411890447
540350872
895856877
115379324
778717784
80145763
162496926
451656578
451656578
542055717
282774823
744340539
670660635
559149503
540196793
460743046
896566306
926744518
7849769
893244285
291866242
132592756
532962612
733926321
385186450
566868808
252872057
750540759
477102930
594770353
707659798
976618436
812027023
562933603
353167101
924673482
349885387
655178429
329806580
855989562
923586789
989705387
391713786
859882324
292192899
939559086
587631749
52363944
990447200
282506495
876791659
592386355
78216611
193636499
566355872
923974323
506481161
435374654
211884269
579244772
551859132
524512378
40333558
744534555
670926243
433848127
394261494
175790752
342825029
731687475
699641295
853535218
921943038
199379951
240838985
482004471
499736603
378817822
626538870
487194760
483181207
133997120
862985665
494779047
93491141
925960555
369481058
156155006
267137967
175173636
951491525
888952853
981664651
284353790
404297366
983116654
796288019
696331325
185286192
322565334
773174503
558921812
10209728
31234209
73098456
417992766
605933615
413918275
928967638
832718557
9785389
731959692
744513380
181728182
130453182
289192865
597459674
514635762
21772340
994375518
177592158
182755888
270427585
265401844
619475689
544956979
624157303
607536508
485028929
286782648
20084335
155074533
767381426
901934865
465775150
461271206
887425387
870101178
274696123
745169729
102047197
762364079
989499972
27260218
915998161
988927645
764991629
217989951
965041491
320215707
138245178
331985299
432102425
680665837
327935637
41737643
602583917
312468941
975896134
406222540
219326095
567618821
121006462
321096358
909093432
843919121
943553126
687305151
882364373
892633773
83682000
487528209
67358142
667366292
277391506
28943094
759605780
519462159
289925563
404499199
639364779
851567296
209049162
873762754
315854246
6364533
826499164
908232124
350540977
236523705
620863051
623965572
462787398
626309798
328426750
635245908
58949938
440573659
607177542
441900243
516689960
940879240
565368165
953204354
186448529
617201003
408236126
560714723
798758056
841454283
131871685
939678382
695496953
879377920
264980704
746673325
640270089
241521192
89056490
345400919
121939183
711033768
108990544
413895995
191961587
199887105
612284675
909421821
548627800
574962048
40660381
695164969
341526837
823086968
915844794
151939681
119522350
527450851
449028508
859358618
151464540
329492183
67411361
580484214
541649660
8033850
725776797
759666922
38557688
946975073
57051732
603395618
969391349
641314631
662398842
821165024
454662039
36760191
796315673
783765447
943127414
8140278
290809435
763274268
788421061
827121748
603383111
225942071
701276230
821614431
961873429
659072312
44979907
79755961
699234937
805436872
318340202
441143220
630910790
970941304
465937212
789185437
899621993
568169391
32430828
276346136
483501023
436357515
358746025
894872669
624367819
785056832
499419507
211313627
278192760
527305600
204576135
819897368
611384070
611384070
240417524
904703045
943836312
670905601
672362099
214398908
626631562
379422339
498606392
56174738
880980741
950467075
899756716
996916646
135707095
389763491
514392498
988421950
528288763
20956451
734556371
44581552
833669653
923221681
40023677
90053904
300737508
758011370
888687325
21410612
962174749
63575470
258489101
203911193
592560546
703607731
231976141
200731413
308755159
829338125
476895897
523163803
212871270
155998190
152445699
779393735
227986406
31325407
199652787
585148664
997761314
463564125
453232941
634930191
501481753
378553498
966252293
37180129
28560569
855044681
738813535
784661169
796481214
532017115
265328693
662683610
408869218
796907492
281478887
22591376
237514611
121476973
895723557
66233032
20069192
203427008
940455276
759379272
858842350
754131303
193954193
110532701
897098796
891662521
611961271
706288639
549784410
435981847
527696447
969933286
88204080
38541865
241983497
325869673
688998473
382127369
74867594
308312435
599373530
321784259
727609867
642858820
520285463
229718127
90825322
623912832
431158354
692403582
427367718
491300178
672284486
987073989
111902935
194009488
159257382
159178905
922571167
523139741
398747383
394516447
391996027
900821308
293707326
732980832
572037065
483804400
322178096
430726137
492553267
203815446
418840437
992864997
514946610
363062048
919187976
446982775
978303185
397950470
284642763
456606569
11921574
644674735
69019189
980521712
743261325
792881651
426863635
592252517
320967202
639088223
125333355
375510878
997114172
572356141
726649768
645456778
920176091
110409109
933661667
345225467
194456779
847110231
829147026
215133597
476798307
704879194
971249742
534494185
743961557
990793555
853565708
149178557
823606625
782353321
185925097
851598532
873117546
79299721
830843388
482350700
274644029
572828067
546022135
502238423
156032649
973946487
240529309
225120409
839225994
109793394
933731608
339927724
891531038
707127767
875222406
902724846
594768613
909553801
990362832
612366203
272429134
612358064
533586409
419892781
874422107
450399832
811049893
430435877
48854211
762625223
578235463
170875115
105703183
256352826
149658377
382970543
157320431
698048361
924946920
438344400
348765957
366067518
616305748
818957958
942736940
283274437
152114153
311091312
332800982
553966341
188868711
927247254
977852423
756517159
88173740
592958475
82889840
491145657
750274741
214729141
911315235
817472922
870498685
958434324
975584903
140127161
108934260
463636870
654191912
413050176
556804909
429909488
552400444
639605846
939557839
190707445
246581022
733488664
225323736
407226720
917843680
776363375
785907336
652191062
622877478
144757438
425611875
281847254
399794775
287098887
944331967
365684041
376850840
827390669
479718433
215875027
32224216
148369047
915697631
995220187
585528116
900392640
266194654
162195233
140813175
264343910
900929973
355148562
721835085
660384406
419207070
962742143
504113361
954915037
854606340
360276359
952495729
664426836
883554379
14474434
940756066
979310717
809135428
851655167
112774818
896318220
532319264
685128196
330068269
932182855
738952661
972352981
579772844
626516018
848449059
166794300
893903140
444545635
612331794
435558928
982639316
676925200
852200948
554595068
456704619
564120688
131414740
855092488
569698968
578316146
225881367
636741205
807394523
903423441
74709882
9005281
196793955
196793955
840669532
387889244
936988483
260275260
248129358
513094100
682268618
615294176
890896139
687356678
515884672
829389235
972757398
825054949
265880773
511397979
360736413
217642352
587275218
662784877
680078755
177108250
825528382
358048807
234578046
919899524
988848419
940904550
526144310
708770041
931351632
574764450
262213337
758071647
250940528
949860012
932409926
798106369
857235920
85249876
679053148
637941919
52828399
166668805
285006633
45623821
142146861
402557142
327049160
600752348
388577123
130812300
341415126
777016370
914826552
23797707
730439164
612114718
539069081
69834760
519630348
201928021
642828529
517029530
658007641
548773685
589066761
75712548
480172135
93823489
607249223
169937899
45997552
623776691
52757205
583178886
332236277
786377383
158678405
677145705
338341482
405673193
841796335
827144912
661978687
815858680
484954733
424187113
963595103
655380902
58109044
406095146
214085582
964365405
37801954
712312753
700015331
264783062
89497892
801226114
498344586
369626498
922608467
498399024
972293903
280091779
256576037
454910512
372672090
315104199
486632500
942400020
741498840
824214136
297047847
219695532
913052184
764911514
299112361
401210226
263434269
1224904
821357255
172953227
524091717
42032980
341166235
269589029
862981420
185356739
277506211
555164645
811122214
710610120
631412144
257503375
809217308
577663787
916148566
546263850
482549823
686978959
177788666
593965837
535566406
918281921
751542654
219112564
697828320
622126724
765672374
611639499
368168603
282467082
144041888
546363552
980024830
362959705
727757464
194035642
961744621
851791096
429501249
404642666
637103128
871341017
132528870
191091796
90671675
84856273
556034893
736610986
804479491
568597956
283754044
267011698
330364610
434486339
864853956
680751804
579945576
791824885
679862800
99229693
558196837
790792631
657779541
519709796
710961441
859201748
708511908
111735678
808728972
935752755
406031138
748702752
110216718
597011187
453133263
611133017
857218028
353356052
89006267
78308805
240112108
463436161
625079542
404971038
667340074
348765919
977538695
58788704
541618830
594923256
387848511
960377642
546495300
400910712
483872651
534195577
886342537
960414892
399750994
63267784
453001275
812050662
205006089
536742759
624528225
59690261
888878658
842518224
930701018
146345678
117603778
322383372
288684922
579770059
587563891
661765531
274171252
872568055
85622148
944653104
944653104
997563027
491727538
763640670
795889844
739696364
34127321
332205641
772913249
776546973
16406860
858896713
607259100
618703299
286427798
339541693
432603533
92097919
285341702
426655051
60406604
240468399
8907939
71129007
88447011
488966883
707955222
916857324
865187004
361923596
908701553
577960941
648247158
668531732
171368134
76079442
442290739
634749868
589935022
9157599
169370159
924593255
701583859
340351815
937937924
380746757
725393572
92287879
962131621
150128417
197920341
213990770
597761940
525127647
134070282
971884503
30234417
390191279
691677815
954411821
629101154
322802736
121561214
417614987
657119538
701283350
479978674
464452156
98107601
226566618
662574217
824281714
606029068
227465286
31785143
769931814
631436405
892245578
392083354
901146550
957429622
631282828
668131758
889542844
40377338
588371469
233691320
539782636
124362347
737655968
125665711
555085055
228699033
378436086
499774093
886794574
175690411
877180245
868009231
608091043
944764492
578681253
575958832
793919238
90480951
330185884
875881095
345869759
880881146
486857258
275911363
653548630
460422239
831881321
880260349
295671197
144465618
485793616
759190837
958957956
575866333
342822097
502540405
462408957
578864167
561181816
45888952
308597633
737362030
445098618
585957781
382266974
136067652
167209393
602028251
396053066
71224389
713676566
164817921
203619947
154635638
759620010
28780426
356839204
623921545
529351350
661299178
375306093
618946597
795998681
154517009
986939966
712940823
286571853
701587665
837024851
530970402
776972580
833929502
219623556
334837178
333615824
189419238
943944494
954383209
32742639
485208962
905080408
802511445
128421404
153042082
242204785
289108263
723001955
979468231
235290605
742905700
567843535
619118870
289077126
557141706
444207867
705847634
902970425
165557100
780615508
693533269
608937328
968711456
778921875
964670400
739946718
491909506
222312089
380746831
302848009
137494072
796439434
76747525
55375393
89273098
523966091
991734903
389613332
932782220
711685801
882815864
426729015
964227233
627861232
697878003
833877076
694305366
301931845
177187601
794944545
838226061
606643844
622446300
657597168
912247389
165042502
954515530
569769572
396083573
720372097
798493960
40563908
355963284
875218996
680111712
257249464
953522962
555164563
935647706
873621219
381842291
547001539
77562720
386701237
681169044
725548347
802129434
334691938
899237185
205475075
147498138
367736376
233357865
673096249
458889302
36248259
900897063
838315687
935210473
475550603
907334281
214567242
123050068
870022309
104584934
779229890
100638962
338276080
770851365
607426683
434685516
408359889
50490279
669567458
278262729
408115794
60735864
753814754
50081283
317193003
771748324
809676167
186571926
731521576
254389007
110342479
701880146
500011509
196661810
967785402
932787929
670750974
117312567
660103635
707414077
56021746
844240394
510057208
710191005
743398713
29033589
591530516
423054085
31453328
76443063
238303448
296861535
573677716
898327320
9749387
946717246
446525798
899265848
506239048
494845912
819340235
267182307
456798894
934195004
959668116
374002324
80479986
311053743
547117815
774746431
248610785
400596442
154949940
509109051
328795906
557030887
738143461
646887589
243506791
637141750
364607539
51708318
271867714
923828710
393137300
459135164
655478398
941844086
923863827
592067544
469519802
698864774
333305434
333305434
663968795
213606835
977108977
429510281
768855476
584778264
718346612
326062238
562213374
104573247
932510380
873781671
501846659
139207507
327480335
793100890
292014901
522143493
697936472
75567261
402961013
751329860
911220619
921336031
495489325
170401127
472638613
784800716
845326365
783718599
252993766
650698525
84790267
470579177
393634286
687828895
970008961
532303489
227322450
781889584
269484428
889928353
488838337
632686778
47926287
429846144
158052239
42473419
489628372
698090410
296335273
863240058
387647733
905275748
373970927
984189977
387101945
666756776
563738517
440211474
884821685
376247612
932613262
558575178
986228160
455809404
115711263
259003224
45193594
412243242
805912692
927337156
222437244
384459800
369036909
951763361
802647697
93748998
101774105
746362095
694178921
985162561
649976725
743975139
913675158
982381929
554981161
265567745
432166821
393057599
679753772
671256169
355128052
129124736
855870786
382481378
610659815
448389958
126657809
63301877
591965764
217909227
937979671
407615922
251688242
537982091
186589832
919494296
904092549
934728661
740470244
249611101
421825698
359595611
292777822
443439877
161843497
802860394
424933856
540452142
625653513
114561816
904325484
228902549
823152698
787551419
170679118
375441873
998210704
661364994
836969369
495712143
932905354
491334607
815415559
117605775
367310879
911755979
966955462
975112761
819877617
511877958
174775846
643140318
662186821
56369954
737165247
922400485
761764468
516826844
569462217
350551194
69025625
841271204
57547148
56497792
360079136
763031892
154685514
690746203
410373509
821977112
362472513
857897921
113333596
754073857
444056418
911727770
903458915
123297290
585261780
923910503
689138044
278510106
603990468
799242348
174337720
374984980
462155050
479876188
944841110
98264070
343972234
299609678
782271606
745202894
554628636
181205288
822360780
55204964
736555879
846549267
710731439
893724956
470112343
263106561
185980994
664519643
246953596
877799238
848626979
312382186
442266785
812385554
130203010
188954241
580913251
740426318
34995553
550217619
395795908
359257418
911843120
881998428
92335645
422239215
379251662
533139437
633058508
903229431
974511159
941159056
599743759
191288654
356761756
98961099
509798
98523046
580122366
325198386
402401964
59206819
496758910
977685218
507522431
93523449
266906709
258845295
949540091
15546267
866029357
602995966
776751576
720610907
796878812
870261852
656810982
615852832
634489963
270928478
755904825
970286015
656334197
350311621
34534870
987595641
8168480
979873249
887655490
179765205
437905176
972476750
169302069
456117617
310887734
759611271
907407658
264530954
807704625
35368884
660650082
469800251
166466846
102529337
794776504
303928915
456968697
721201201
203690489
474496022
89377918
240892629
919876733
308788399
221364914
972135197
513891986
451809952
399289444
693874608
519220632
612344958
632812890
623848233
54502555
95029509
672872171
865644155
148774903
249616580
576309865
321282189
640162010
816782005
560258970
585063879
872731632
51534946
98731601
98731601
727519743
162940597
955925836
983283762
193927609
743999953
882187717
649845457
405946057
173920529
142920839
307777734
680051205
475388832
126483142
297027589
8152272
988469240
199170108
894924311
950179032
849469608
116000366
680079411
252577151
789871924
692087917
547389193
271265705
86062655
684874998
972956421
71133132
442758681
55378523
92385827
694673615
500526982
479149637
124928560
454911653
266224239
311082012
336871927
458541364
440699723
79532359
547248219
656261601
955634584
863070535
488207861
561895298
429577314
707666400
681366705
821520713
618010515
296865594
266319539
982277895
286311376
132997074
863545878
356121909
351485808
993059139
143474262
608361733
48790834
625444359
890235458
633434927
179003048
621235151
72421549
232133835
545575328
73376591
664819866
436515129
939230921
194746769
463761523
863428136
977058229
470691112
477444843
589629115
271246138
261005203
385834970
960355418
18590213
713091947
957958582
37858404
177428248
870435337
745708528
205376016
261824133
356588137
591943224
187363101
644746281
778160550
719654810
216964290
583421911
273363770
605830529
778819344
619438517
417739715
840301473
105388726
340282511
858845153
188798037
789774460
317720073
352156166
271514579
600722708
465907244
861297649
773346136
892895310
697657461
422399422
931172581
519021090
657799397
455904012
508297416
528769517
267181293
747249444
943377814
858028180
780451075
565429377
234311389
287594415
631964876
521452822
660977665
839827061
842141663
682411816
422142891
202221633
99008245
476991151
30978743
773018221
796523614
844587952
438716948
24718080
445057842
638939353
318363350
883830126
916081916
163096929
545029587
153192690
41969767
845450567
442641615
649833610
466916722
182593842
290676596
990249679
882094133
461635236
833447311
623303631
886273597
880652609
690916563
872722460
743245943
500682594
15789872
846274326
464220431
925966944
369731286
769837477
629770378
312820151
11676469
157172352
5533027
775061753
916732820
241812494
468042659
452542730
712912081
13937387
184343304
6611055
429099925
222256004
991489181
449414459
554032186
867101547
512068517
36048616
969124899
9905552
93731423
749215579
825226423
556613075
37514631
590150379
146400963
651886064
109968636
494669359
564081372
158352692
442468406
168771161
687807098
114037866
159246927
272892678
514763483
458446937
776482395
455220461
220225668
201335009
76650543
982597012
588205211
100551028
922454854
349370565
659782272
273817437
531007324
407115128
891175433
561672667
920835345
581065349
557378456
560096332
215252239
544495073
666641207
243938629
730136768
616499492
700756174
560747172
39253581
958701299
197319314
128129152
720032774
815102232
49193301
996625831
62056261
822854816
830650973
143620615
34729924
42155584
36970706
786087388
321876828
238383354
509067388
298020836
480382147
358065277
918923904
320970976
162343790
880265120
372341819
11608414
684856369
400772932
448225259
2561370
386811305
134850184
628703435
657596695
530889962
678265169
678265169
661464629
612305268
400035508
167641614
508482363
583456484
83968613
567370242
29958363
619132046
159190233
104973444
463523947
126849223
790451980
441870779
863222116
824722996
350197701
498797777
322108072
845197568
558808351
44257114
639938455
189821565
763992285
466993451
118694993
556494163
911858559
292719760
950213215
305934574
992018374
899073194
410441767
900232056
680821605
170179864
519328385
514259299
874342288
476353364
139541285
194155872
849350227
693657497
588968566
246412093
826502609
648759197
109371434
499011154
882836874
590401965
467981905
307579463
719498437
280009064
657483430
434294650
609279192
70540330
307477197
693780077
519279332
613316260
529259838
99439280
285656850
757440431
730247134
474179359
258449737
337409752
153241493
513205893
227352022
545866371
350231118
900511337
514220263
400824464
444977039
993917164
907111439
37185534
868388269
118009308
549713854
941089265
474894030
178717190
302608595
693729024
738517232
458558999
796736020
637596545
847460838
422029470
669124983
394665978
807762957
275660772
882144135
676300743
689137566
298169028
789370852
677352345
367096150
568156382
253146738
415655934
562489718
236970661
436288035
166218163
933354225
878280281
384849391
343774739
317972060
597127081
257502062
935668670
733578654
856288010
882278924
517723209
105085687
518100823
536873754
567328965
572399564
487287975
333341571
927878168
930790486
73461313
487551090
539881664
355425728
181321823
639442711
927389371
366453716
466132323
16347605
450282028
315457510
688285629
674781087
668750045
526306272
273029822
265980264
102851330
170587452
619221441
197285815
909660729
432025321
676179950
907370546
676433576
260322780
153813372
662456822
162497163
971191323
629539955
70790289
244148113
919716548
709374381
827423234
68951333
422989136
401562102
603595140
928266054
997271034
325841436
515264774
473757725
778698024
587765291
164223051
778475145
651446371
926598208
674293098
263813072
715134317
55813437
269718909
176729974
692279258
863135893
478571110
23396339
685155602
916874788
729007561
309799662
35665312
556930069
775600623
132522241
833059729
354832133
532257157
444318920
434741469
470404056
583212974
247699265
194020016
962504715
337207692
725322153
68414730
152658021
517339990
647348103
725980315
242952314
800524983
418795891
279911828
275724855
999864329
365172752
362736016
450752384
613116743
28225788
60052673
529480152
566289045
65835765
751857187
297646968
302281203
575111697
105631607
172110319
757651501
736056355
278551392
879309179
917163720
913785114
213314887
381394435
558418450
752491587
517851176
373683223
475504295
42736414
202043255
975528097
196136978
673098646
963516450
786142720
12305521
726269957
840806817
863567895
682677747
21844800
693686590
511633321
500566998
606512228
724850350
694944152
580648880
496514593
402191858
617399536
645319359
965944335
837979487
890715821
585197828
824733336
6838057
67384702
67384702
939536392
105338738
299759495
74348316
606261308
891155083
994904847
161337966
592947704
744177198
44645704
711119723
329646338
586129674
192687786
239093146
972731546
697488544
62443166
770198894
420855166
157318451
971385159
881679903
649147208
614149042
977914230
77082932
752528511
588722706
387693769
29587617
965646626
403131961
922662194
640188552
476245374
113707007
258059686
269221459
717581561
923588824
764199318
48693724
141278589
380200727
528575775
243227699
445901946
900137361
265409902
844243489
782429864
739798993
926471602
96774995
111040401
258450727
365019230
857093791
245762059
5823767
540013416
218361445
374642666
557362552
846951948
274471665
736016946
492508263
344248502
279319168
417598240
418577710
552023386
929703315
292420369
794801820
467367267
635985743
864647122
611567304
298207632
644367374
313149803
73767782
662692375
964776307
491295341
548417288
295694251
522124449
215406513
785343130
102027855
967283373
783107436
984475181
551849346
341852162
498257425
606273909
852223546
548691804
416283052
236729268
820371332
656220593
387423782
137465386
511479243
294875929
551586415
521073664
449437572
887824105
496042441
742990798
308319313
594897505
308149990
114303268
828195058
891597721
218357029
911729166
52211585
772063668
153177459
510970893
488010914
165364345
875787784
424277925
400404652
233206840
578409214
380908399
863647933
632737339
66381090
841870321
148968525
851679288
957050490
414168960
14472005
441476806
809492345
578723768
677286131
28604181
272535044
995933182
728676536
452007927
433810046
869248922
269841028
999973290
581718893
883038328
947544148
278327082
980490330
425228553
968443298
949424089
559434266
442691557
883214964
514929401
910432031
578702212
5005256
191462306
565041138
788165398
412655041
267145570
811067403
462468539
63314034
391249171
726829386
782861905
835818949
310956483
426116037
630143521
328312332
511011885
92798199
896565293
26291453
462004984
191790866
283116406
845829618
711169249
900578102
411350171
336547618
731778483
794163433
822368259
664399235
947469024
847727213
744968947
848396466
801082568
667800698
378910153
908089485
255695790
326891891
530554070
610232184
414133415
74123392
408822053
194997605
250971005
775912336
550353877
653844719
976583034
371492681
830134190
862597494
918716618
545245264
323036138
989683819
491412509
931721913
246735050
59294541
730924347
845218224
958834101
555669667
535493372
437873840
170330346
982375063
59492949
134515411
8223250
744496246
262987290
252676384
458795492
475417585
934038881
757126885
323732483
94545766
363375917
421762347
746869710
572001140
912283166
275209914
897603298
766482053
62964025
116535117
78083870
195985306
931812582
949779931
134607506
821375926
174266626
407943710
834976893
102256437
817803878
381321613
2216458
152860198
834526999
374194429
163556779
625751163
724611593
143570424
505181943
237590846
4163340
780055988
792979405
154118429
468867332
348237659
362703987
674999021
883646037
354554133
246701342
329996472
118939971
699062348
185496220
310995654
191884284
738576683
807567042
78041744
786877900
330264266
595150608
705145308
566983103
96591720
837813654
175549134
613136826
506001670
297958022
434056398
426318562
583134173
699966731
985310646
822639709
683950185
705800292
951067413
7110029
793728811
840689756
288251237
811993030
159986923
497556353
331520603
695541549
554957491
649013126
144456760
456895200
14306371
370360552
455747317
540666476
445630317
40152110
119904029
492188762
970631196
585181866
646192372
830996472
611432098
247948604
102432876
850465425
729950008
163883903
974946096
817876999
35878446
143897311
31578521
765792804
693969770
763236498
673377823
712835831
597746364
724959401
120754254
923608228
130580509
948144219
93505477
606148365
603253600
124683178
950152559
53618160
598885584
380187420
619266587
507271098
611983526
919165821
445815546
614390032
448504131
772357132
292977422
610130647
440833208
74098878
379772747
253952340
644953044
831292636
541056934
132970455
898448514
541557326
912762214
714175143
726035604
834997218
328603764
984910425
640979394
167263257
528068229
769860817
783854438
985983971
985983971
691911633
635171551
709492761
556211697
763830890
821283416
805502176
198333597
764960427
744266179
287140795
151533893
650662883
550416904
43670861
503387440
957297563
455569148
714005761
199527284
327577914
776698376
220474220
689458713
750034001
680246621
394974324
110313369
492398170
199612985
34317097
534908261
453093423
632765769
364833800
206172731
771892915
658952107
144593868
611602215
1506803
633185431
529651496
202675937
542134555
281614858
780332022
968106613
451360398
226944122
514583327
58753628
592039769
484547390
618006898
755022446
515724893
201928579
304573432
815778274
120065880
136235319
914525811
73053896
86122645
530788914
807556191
24018540
447164962
952799995
167260874
384824506
422349283
498900794
265022404
691124687
554361272
433842449
81973333
264090794
340878734
974613873
945361478
952226486
969921437
119532409
924836663
6966915
581935910
846786418
265466267
278206816
36913275
398807117
974841565
901946353
383146152
67444574
503923805
44774719
584315866
816597690
65164513
567210105
823254546
774879329
43398120
903070496
650051311
154149210
948166973
276167797
67181291
760325644
962109440
44281057
136582746
574489904
94922444
956146570
769866603
906866390
130064667
474963271
424987735
824365253
63774890
270681829
770365578
22144839
825809726
893765090
664482936
197090301
530447848
238695736
208281303
825101617
467914883
884084288
324132641
833945237
493437667
332952472
978639531
578490314
45754706
52979020
191880859
669204219
191696884
606566144
410873551
410189584
304203413
750656635
323259019
527388992
678395437
283317828
834247333
712358614
755387296
477975053
304434557
108837025
65326885
3122809
86582825
913518463
485100439
447118707
425511985
799831356
264928671
937561447
454441491
178262995
793741203
146796153
902578720
629207361
232849063
671331241
246933713
90564377
607708645
529606744
146462958
366542040
40715092
96408167
198516925
920366923
860986057
687900677
550711990
856004475
276221587
824132109
835012208
551532851
107205413
73846891
355652316
755430728
678947782
956739757
447968785
31803144
969900029
652168026
706244333
845495016
596992821
659424457
660211518
548725686
353896632
73602424
776333885
441467310
389346806
190386924
244012728
425328056
822144859
153590977
814615102
994765876
764467514
698640985
984815663
515221105
936162850
899088503
259741538
957701318
194333168
305014415
725191526
733228354
157575619
363006257
20102651
64738973
64738973
824333802
706347624
663147117
188153247
244284198
796353950
235184813
285605045
112098862
925301358
689996941
437716099
988323361
879261263
997307359
808572663
995721509
159930826
444869500
564263965
664997092
921502873
962260853
242317884
48960348
277788532
706015865
388873415
948476563
581049420
107032883
32963067
674743570
489452312
888563449
135948175
944080749
786295731
10260063
461132427
941249
791694694
653093568
660666852
707803878
959449307
776232768
319156257
902054788
556236815
445193968
177780356
683767454
842890320
427670145
415831271
296377517
240026748
906527790
268509409
13385776
785337410
620878765
868578137
28896815
736590262
206922379
926245283
17658485
355967571
811931727
488136189
652986493
235497898
662377759
299719657
349708376
954084402
88078172
962788937
6722311
252589708
549186879
46300194
136574670
656514503
94743015
462952878
226248103
400375190
541793952
343856893
952136498
710440059
942079800
668284243
893804024
72183599
959892020
623366202
686847313
139753449
568022843
132790571
145017233
943267938
779779832
441334350
704216026
705273684
308236618
471173623
569605796
922078178
555032165
218905044
667700191
605048610
970713024
99963598
364742494
574189328
471385925
174405546
151298455
560785449
511367214
904386794
339295883
305584611
625930236
314894363
675311798
840197060
20087185
194602319
98386644
535699880
960500825
549173772
442181856
38005119
377392476
59474013
360866587
124980834
260786423
796788237
997378085
692588327
604397015
613700716
599312565
32207928
439721892
822730949
310925985
336843762
95287910
111269472
853765294
984447253
315315370
898879764
614889137
414139842
207066341
617719083
67872228
631098607
807226396
330575201
699746482
821505019
75207306
833990421
70826476
235259791
132566497
167069565
279001269
472526972
762010542
827238030
396931607
80713399
464536442
925138472
89098363
110904816
66481462
720060688
292573040
335025114
388729362
32125034
52406268
884502512
201595869
548250576
885843672
7848110
498554561
982535429
313115654
620501219
835240915
523891887
510980704
206275741
117086194
76291430
159229390
962665921
42400786
310879454
581266639
305704187
48010776
754098012
25707392
452066199
956407355
287793645
154976643
972861255
249693828
645794399
923552801
955184427
92619427
776154666
250744740
941789692
752168214
86575015
929871699
401858283
362612650
839914834
850263990
396827588
337874383
561179820
502793553
269645285
77738857
418028015
287151505
508290248
865143694
497239766
801033924
458959486
270833392
254697562
430489666
74807356
153775970
171573362
938358146
920357266
665508693
71309986
816946387
545164684
824101832
765304737
178947113
358894491
846585570
601661128
932472226
408632830
912765421
275776842
593456842
819089934
397826584
935958857
616681965
858856128
214099323
488868675
103314285
373453655
680276362
668338585
105418189
937664946
176465959
344960835
344845612
299275699
377224135
28606356
147414765
70789913
206374998
818026219
212630127
623224509
171013958
274747920
939322239
109282738
165345926
509064528
661285285
35811529
259340369
830970095
8693817
922905235
888030157
544211009
298141330
403543309
185803897
443002051
190566200
676582933
623210861
113843510
40807347
196501051
682640297
18593210
970939812
899096014
785709982
407078879
197923147
40983410
79750196
233317007
772623269
994065705
886928753
465319299
851668487
738203929
88963584
509925950
308671562
604520102
313852122
160647766
269810599
933141301
910559827
428159771
145786319
837435875
978996714
80195671
598452134
421364132
601102648
603230116
386038099
464514360
221372576
213227478
386485237
827305576
909020168
457779846
847998263
8439865
540533028
445831107
799106749
495782112
837401092
640958398
432173377
742675076
810233859
715197948
681882777
848588743
444479919
315967394
824008191
232344360
485360187
79093532
992217482
719390596
403066471
59977871
155194487
994645930
351637794
27192826
520339131
598288778
401829229
702415708
678052238
746976403
730506935
44172936
826821277
428779133
185711152
552339031
23531036
197264765
96740910
342942433
797056878
821329074
331079756
227204084
280566854
787735540
807197138
982568455
922047223
888986751
337210398
868825930
941046065
808242288
430876352
307910388
759646843
250791048
381920377
580951663
716619670
808026705
549318443
796144941
669835201
802942686
267274063
851755158
452613408
347062586
710549635
982828189
936734907
229184369
79815662
305988175
539143187
154652776
66054684
784246562
347647519
571981479
237299381
478735653
926306712
578133941
478828254
154305963
885629256
374426205
416918323
600366227
7504779
667284019
354171174
979373420
545452484
372313859
925743254
107404856
791271421
246580438
81334526
893362199
292617210
947043601
226741060
255785973
348387357
276740937
257778733
113027657
174521165
26701712
950249431
466603397
634401437
243212663
931066407
707348736
735113558
444549622
289051383
924881542
302220374
521880283
741456559
987032595
178553608
651860611
355533207
852392261
363521506
186992099
636838029
843586212
197856964
864371753
737606279
324276560
597937973
436210638
50027860
274411097
882331768
630307502
282215827
323103401
205505725
158248990
535198419
917968312
679489356
106890197
166088411
954774435
929927624
501012216
221086854
163713480
823958660
372337771
650066178
398888944
522956812
813223624
185956314
267471108
413072588
501602706
493336098
420673543
793820914
505297274
177572430
570676669
694522451
609215617
801566568
446231298
168865253
496146324
643321231
268245900
409992194
336736724
35951272
590292205
550721341
602496154
426564863
548302593
523336126
331954215
308835970
495436695
194069333
17071249
121809749
479926094
401140086
861233808
103332205
971227680
69594521
918179584
954751424
841214599
179857774
281377783
670300548
428835756
585341860
473983941
509885272
122999517
419388566
528590333
823455573
751939821
751790809
253952373
214734066
861719432
954144828
628370015
691974737
46176484
781030333
833139887
401457220
832605875
328146394
883213666
656398499
303297870
255458725
545020427
955656591
947689450
850134461
593583351
733824680
532291049
633780371
889304550
85747803
464825806
717086062
88649508
729455999
786377113
398786376
190428322
429735959
618558370
573221699
860343486
839433649
153989224
597420623
743471533
479270637
816975306
9452778
818185191
60805283
155600582
412520246
753765901
944244818
128289431
925343599
866998883
185620988
928091946
896753116
367271118
465926798
323255993
711707368
175056736
835886566
192961256
302395853
787197677
32241337
64525833
955410434
180751189
876059211
153448733
734400387
539868810
903990600
805647728
17249776
965713497
71352368
659456240
823357843
840776148
723924221
228500043
304541857
788892335
493098049
968331461
542881573
320926534
66746374
930356317
835564446
60545597
91425966
923522093
65180828
642369827
301050370
700581208
201153909
14388283
197871953
842361265
413226733
526274707
614861003
990657037
436091794
786043997
304327678
833906865
29153737
51628606
682858014
594968321
753144904
483428467
159458820
592397210
102130992
327378659
572720934
265574498
695459708
45745395
271253018
41427784
584632058
747657312
341850754
906221279
99514855
583441777
560339604
569647624
10638147
177309293
674101344
40141792
134806108
504184468
19194858
217988355
21216320
922102031
999708362
278463881
821826859
102024368
773333218
934109724
493321687
338623105
410798928
242450879
727848628
720661176
177637791
184444241
551656134
734211030
785974252
360459399
487096492
811316861
901122338
289978010
438707276
323103660
490215516
726842936
236033091
517820297
492581832
102818132
442144946
405954289
239442313
57524957
6259269
6850632
998494732
271852385
680098321
2175929
152725026
167192801
601050905
608320971
470479891
717713467
613974211
407167420
483388357
868751350
722104374
4403494
899711357
450840634
308779179
49657018
444966738
225366993
461596220
742876232
444778151
584818768
853189178
287012373
494489262
347533204
223886297
727972969
623042122
430375646
979206025
925976356
170060101
927383495
776066116
87618945
477763588
680053349
5429708
136732168
989628602
708394978
133475154
889424618
654236259
181319275
670999260
95920783
104741341
47294236
203293790
160810014
380170588
938850210
514140277
604995028
430170697
443071513
822751808
620113540
208556794
401588091
963881656
483316872
848144078
64837070
874143367
631179398
186128167
702620775
119926846
651616814
453073075
314430066
924298513
418757071
198455494
436837187
997666063
494701870
385701327
396140458
688580681
170722765
869896842
674726100
854600999
591969777
964310632
812834220
469749863
730990637
38060693
172335857
602174397
370063859
345474306
294459423
814811707
31826528
476709101
811416127
808921068
894126161
152975591
468712873
949342782
406778448
731223728
796241248
1341070
255326959
210405496
242564767
654248654
819272817
123620552
789451997
947808113
237553941
655749296
549149302
300785124
102200057
40676976
556085997
628728831
982855501
327305581
726400322
975010280
173019220
593322925
934804389
66764829
281697921
384921455
798332556
325787587
829952260
529242621
990614317
839088068
210120490
826568111
22404127
896525922
638477614
156574508
527040644
346379774
871866195
964374032
318205104
929204155
143961513
457183346
860728060
782698290
940077868
634899686
13691399
653024824
494876444
709032881
638628127
954852766
74964527
106565929
276438555
764961455
577967459
135348237
313888212
418033307
244325229
465332906
172003264
616724098
608833507
136531197
649853807
314996865
694625091
650160849
370694491
150524509
819551437
928944032
164272462
671019272
441715628
91851604
893034418
958465186
293659308
37606463
314422082
557883217
585686903
506086895
873427522
802808944
631219078
339519722
532241959
35460210
810484793
4899445
567361005
686333167
747765892
739569363
110501027
190223336
74612040
31359399
282882529
362908859
152870608
825678861
988372230
430833726
722109795
121015928
942430938
60764430
448404268
687979688
114280827
924024558
212042100
83666850
220185433
827949240
438043329
27223622
472267581
506629635
990125630
602613114
530900285
68141777
663017509
546258590
388054551
116901021
428918087
85424124
382768813
672079257
456650848
903098285
176236905
353525564
512017266
823091260
911058978
723725773
459643503
410918632
523325950
394901617
635629031
865379882
267462252
744805531
708690476
232861741
453526783
922029391
197435626
369442246
814429319
431600664
27500224
211372651
202312984
974595370
255095618
118381393
721616389
261480387
419860552
130403813
454753233
21970284
38787886
249728345
683931753
440036950
229671361
288710691
641315707
497544764
325319004
15399934
199141109
522521092
580370513
668389023
536082168
625577200
288317775
442236292
706130040
168432245
263557027
497485851
432617442
739885989
97509776
428052840
581209649
111460613
492175561
730131173
65361078
348519439
43701224
597893371
907974535
270294839
97113958
444822822
52278318
329174076
657660535
39349984
368706279
575628429
615802967
672321670
678920093
499424423
18784928
315913138
509713883
681468800
43428076
57679344
393269371
48551287
232407419
720851737
271642824
94586517
179838512
93451751
238373285
866056451
587454606
186161844
976118089
140275930
974992392
828863254
584289418
454907309
628327745
138287979
655789356
285476
563187004
877916584
529220620
63408080
658692666
787927323
597838674
121140384
438551186
345579818
109465570
208143123
893928728
593862787
950775879
333624796
756992679
305209293
642117121
51751500
544403245
403634659
782091348
968261752
551929361
527050085
952022383
283639756
338755652
108753303
680161858
244968795
267534971
642232553
208129191
135613406
731211734
187737012
93418397
767530779
582082951
478992949
967556721
437356559
361460608
326702018
566960892
800084221
700200998
877506474
725841765
543422965
692769668
227989184
774225481
841543496
778192116
619495019
319857994
301474089
923155008
979357298
425415688
557083673
760932693
392627904
173097426
469417750
717979313
985945229
307536552
835841003
179927171
211958348
973891558
740102568
592497746
176185149
409286459
248748711
423283631
923398547
185889975
958439212
930872509
158939176
904817066
671079704
787449936
391937441
924979546
332542215
74937840
871881740
35388022
891856942
251255197
75445235
833051160
760578473
819658432
298251393
173448836
821869560
551815569
399320979
60923912
341319429
159515634
525271635
887787713
584499914
849210362
869297527
437676864
330360549
923932116
923504356
667166967
861717354
461796873
682190974
563800873
398342561
691210771
940111422
272914758
585449897
505706298
824790785
68633778
123424475
334739420
129403992
75538180
840231330
996962377
449484649
482563206
513891687
346202406
915045896
468439850
652463229
753158481
603298269
176158976
282692878
872492697
51438322
472450346
230086301
117836609
684288673
784054613
759595745
765488796
416545500
888517408
938815613
569254758
419863180
351473387
343634251
145986257
109026152
831568517
713891296
57339876
578720377
263373336
108853847
692386261
986790471
461970994
324463800
268522761
371689684
933952546
430003865
214476786
83637282
516615880
187153540
326549830
909636342
715274173
35800230
847132268
606343000
310475385
927877935
575497091
901007307
751827455
493915495
318565319
53220506
777036567
790478900
80776831
466890112
270214204
845656560
879200828
687012165
256125395
789888149
510942293
609611865
408028122
385381763
10456125
825588337
806108804
389083860
999318013
836954507
364072657
218605555
468649470
900101505
762507869
116741800
841089561
728249015
507781906
720318330
149056363
375159542
949438738
540124975
959914364
949838980
628357479
267629325
176195319
955857335
839799686
348322523
788210147
854700572
829902964
626586903
711542271
779585436
265325870
90191570
127161992
267570090
186848080
502652483
304436161
521985668
30416461
12619063
465811789
740784185
781220907
101361564
732164056
642462721
27002663
861076590
830520049
140051944
37502161
840174637
182615470
280843801
215350392
10039830
240708210
85363399
711779434
789535867
552084866
541026652
301140313
253125762
115301554
152077613
525828592
236323681
125643321
104538451
88799233
904872464
707981090
306399744
469850695
911530758
496800809
249120097
2640108
490943434
577283082
393187022
701906778
784795275
449817791
416240445
645782201
30269502
677236306
99864819
226741379
220016942
848453586
878912997
756541960
766497014
717450541
979577292
209240989
313525907
594630119
547430627
421584297
775957348
204303820
698332426
919496290
437209242
787032571
572175043
313972139
137639967
761813904
788535459
339060315
385954639
494435173
951050191
181483474
491007604
353203093
916283403
959603281
541687282
293395961
90624842
575844577
692236521
905116197
91879398
716478889
655447191
569816307
794007193
488444684
818535054
401363615
498590507
680287190
641344299
978433393
143981260
430086424
908102469
580296021
374835149
287599684
778186924
991236290
730000031
595966937
644925114
434439705
421166342
312786049
47141770
998153503
25567055
978488487
128009852
118250170
345400513
878217382
159126961
727826756
687251463
660989444
271096694
985509316
940929967
582825769
611073946
621625979
410705176
362347318
584573720
191781196
81211933
583749438
644977335
597480655
814249077
118068024
406654227
64886296
897465162
683570781
494923672
379637542
924903070
962781959
620181205
852447870
313477374
90870195
155541140
910888589
270124871
825356619
939163870
181515758
609898645
262410564
262143384
793233311
654780599
10028493
461245499
835070855
229209667
638869745
818488564
890654425
27126157
518542731
342394732
86603538
754615066
649300720
894418797
500636053
645864739
545729588
440863668
988951695
425656287
626637077
517790806
198957802
794845687
952448303
952448303
204220480
41688738
148557369
180395721
563600815
794759592
164870821
456171560
872895134
800555834
438008406
382380227
655729385
971938983
441173833
941172579
176303828
398401097
453930796
380196706
375359777
425578312
737386480
670065919
989114749
589401215
172970591
290511583
496246021
306322714
388341764
471292513
99702206
267304619
80840955
682473141
119204493
295525720
163437736
921145115
636331994
926707581
952511836
116746242
398987431
618035204
538343220
160614742
506392832
644523216
523193422
721476756
350162587
63887521
197047339
434076649
196161107
87165827
704976978
719077123
106826186
375267936
747195294
288575172
783236093
511400033
463177068
717931943
55535213
918096002
997417533
59965486
291869490
82523312
673926812
103885864
712883577
945821406
28165388
482255950
799039854
60584235
64656519
739952643
241292684
536129039
563310748
665071608
34089852
186796074
161379407
414043399
226628504
897597842
887849362
495610631
118077465
560109735
466895713
850382404
970760850
543315104
978671313
171794519
675514509
309213428
840932488
163226693
753699867
638113954
488100516
782618759
35814551
213996624
881886124
55689494
132046758
935685820
952935716
576375800
354220170
801570061
34874551
985234175
432270378
31995712
856317279
230215570
324124846
596531142
176206791
887771414
936908874
359909242
193143197
654349675
27243872
473286751
946958480
340416010
711879047
12474770
714783621
933190990
839532669
275117982
204885360
982968123
487927824
770752591
718940037
819311986
525854499
749103775
670367638
152837870
750880031
924571130
164269273
518900535
881431380
395202195
687272681
603644539
875214017
92682290
747194852
203855421
92937251
805278290
295491085
246173394
62673717
781944975
621735971
242572211
464029376
849725816
778809398
45289037
916114368
608141946
838133166
31256260
922442320
574027535
487134126
998191439
225153186
416000474
740762212
153154462
38333680
11038403
616979860
658964701
109026078
270324079
129472072
869248736
446710096
912397764
397825869
46084021
341910444
634156434
894463121
807515868
746466399
395057562
825559432
409425487
128758276
697897031
911056496
288002068
880536743
621887168
262252538
98305072
994802081
468046593
999685085
14856488
812814794
298863133
785548939
723251518
723664726
616721024
163992641
230932668
422709679
521416508
889664274
785303559
730337067
579438605
323750907
263107097
886632186
811695487
784236243
295313931
226094362
631344965
876031393
945793476
300954896
997908625
830896465
632335269
196847127
457557087
169969561
13981474
738880321
440243013
246973307
47197250
903439833
180391530
188217849
714185751
194283272
459992772
956965000
822673587
786742487
465702682
461134291
519107349
275540019
793019847
456968725
913742702
985436869
152576104
906859413
437204297
72238020
572946011
85104702
166662516
447800027
911899868
366715251
333513199
531996252
778022880
277563915
75684670
88771976
297949479
593662987
56205204
58001779
701196038
967014604
884538623
841538865
753211253
884536641
462850688
868677212
912383228
642588869
688404166
24106370
61952138
678344599
524461795
299484919
807871541
715030337
269639940
868818916
492135200
86497288
883015704
115949633
483629092
361524640
964695130
471626616
471423345
26189639
195969221
606830433
472261430
467117767
604415673
161792944
441269274
200605558
926892639
60526775
254566493
275348894
333209532
365136909
301646418
43789062
752758220
792712293
56919271
742855315
226246673
739618229
925771098
863237299
302490465
531997830
686132492
848415757
738482758
665194651
611294341
634562674
614158414
52600623
757416458
806473288
448173224
466318607
97170542
881283648
188150475
663773620
412621543
233579907
659456466
543979721
334839198
986034144
576717115
268107856
442958748
397278641
310304858
47547308
564156675
80778970
929155505
579960400
158552921
611952290
937385433
421503769
373549942
688650083
103076419
875580028
258107805
909267874
308268809
409201162
644875611
408878611
65737940
484832642
471320965
923302075
620716543
955902394
37258103
766511861
84523232
190235708
550555578
201474062
524875286
908036477
669251830
618047529
58896649
637515820
285000931
191652050
579063976
804699962
654537455
553517973
594107526
232558796
376214898
938673828
962983725
163366450
215000223
634267622
671819493
292265676
761057757
15388866
404270735
757659729
228736023
701201277
22786476
412277792
774795985
234493516
57811533
46204271
508810367
269767646
371479545
314607200
802593450
402712847
413819788
132002080
474855853
914930932
116757807
767680628
922143873
731985891
682666650
302036493
802203952
820965527
772234059
636316418
657612342
778692918
989936738
217938675
109918371
498213
330360659
783742078
68815652
378031093
205015713
675991289
109391471
555048449
941228906
858877306
303442256
368867583
385943861
213300212
151223285
410438775
41971509
458399982
325982799
393071341
953559446
393840235
857276248
803926005
964153646
161307487
998963152
371272857
500724803
349708937
477075545
262063221
281420054
829330734
276483413
465535074
906506243
183886464
797527962
257842581
275752359
794678332
580735696
995756097
240559119
589436138
453628632
819748673
741348972
980103992
467304937
752648689
493815650
662053931
562250687
202447260
332890267
456991014
493329554
893048601
972819224
925748632
970521082
549216432
50121421
841168961
253995330
247537146
755172719
745946383
456099060
340581151
377059548
916228334
306704339
666524473
431147228
93737606
464714523
531758954
138816300
387752895
856064222
442592660
389149925
318968802
277817234
387554828
971765421
865356971
900109997
33059339
999057182
594367216
121001031
883305926
453180199
140762760
185187369
90152966
778764274
607071426
577067822
185882209
185882209
985587807
939545303
151956795
518961104
695140896
45327078
576292021
224872907
917125825
890402311
137727534
261712349
590270999
289387151
129515276
815628171
713824459
741892518
170175314
93328302
705864007
482226328
201203789
559609266
164211595
955050729
853788583
814871747
72908059
669536952
595127312
900624719
833624744
924625214
83505757
291433527
989862288
636216229
44194106
809591553
893845627
40537123
277761143
46252916
139438951
205269631
843536954
889834504
793105213
180114998
633053556
847456512
5803949
994440665
858683044
914417839
329660733
414280287
405346585
463328542
649355668
468362726
154737571
459823346
507542534
704736098
217586057
894356561
107446567
724087603
112538185
871279521
921478715
653996060
977531452
346137191
569541934
526706338
81765505
621420230
538994603
742998739
187599349
22031343
584151989
896278679
236854285
320101168
70391002
453183735
303333194
48700298
431538972
327630286
534190449
900310927
157811234
373125825
73389606
547367279
148696590
64268653
337457251
882335643
907258522
620348545
652228193
291904045
577798077
140615709
934906110
608217384
359868148
258948364
522141412
704872451
884846930
16070515
980754162
603539077
18886054
236955231
265944787
268769352
4249018
929517760
229297528
987935915
317595493
216231132
902605713
557256965
983217306
534260682
832665809
423806346
363688484
207501810
932043007
509878685
442337722
844499766
444859485
546831980
901651807
701306394
428020887
198823731
18136192
995589879
108021095
825724906
267186729
101303795
205730046
160031690
236354349
985688539
205227824
212855140
501199993
695492745
1223097
782406847
888200858
761196925
624979622
744040413
303573818
548097779
386492308
666064643
568595502
557673882
161856545
812406566
853721705
394853630
970336617
638572751
826477491
867829149
70209818
489354371
890476958
15651484
644249195
371078484
154833110
42718464
431214827
207219241
215409507
742672830
661566605
738663080
386649477
642311756
593815438
816476874
611884991
394807923
243607130
774842807
602609031
460824223
247619081
521519694
968908639
210952710
360690504
35832249
85909940
550728061
487719327
73222872
489588867
813429570
267269802
542535740
45955001
793146933
618467200
924139947
953915871
632763297
414244105
8099104
732464287
988665701
523731633
274485387
598577023
872435104
415355401
207781927
625502119
868417164
66333926
924745239
307877921
617087168
639415548
685406102
656431087
700181776
246751273
406511743
595987122
247590364
840076043
863736033
125524954
37154119
258898422
14224225
119953664
427937952
801972308
585908547
907420063
657764726
841735481
785004374
633418957
74095347
144716326
237759786
48808827
237324777
846621574
584168192
944311417
225777446
949740304
394677160
283071946
584328871
725290224
777208610
899403816
367773548
750612989
967856389
453319468
468048357
808359482
255826573
63189127
483665776
267602744
598194697
74342090
655547625
164056566
509619914
409306100
759576541
390309112
500692665
634615744
403873396
39931301
681017289
58854070
946383306
988941493
325460668
185346087
387270905
585046139
588003854
579470603
932685303
741102414
747028432
195900175
200153010
89608088
332544810
111048969
949273295
573154135
289407762
792640348
511605584
681460130
795824815
536345260
210781656
309456405
9634589
787220000
602716927
299411920
298665069
787647500
21488642
85639638
153066092
842754638
333917635
862601357
671396424
83265665
439968785
249370562
753361596
551368687
629092370
682952011
696574931
259339229
211006178
811573339
453896939
419692730
183152289
530332458
358807807
28070584
350041532
490941792
210472673
870936848
354408626
456280667
713780870
615293500
79007544
466780170
141616062
978130109
910758879
727520784
841609065
730124561
197835627
188305801
704535725
246983512
972139698
401116328
301344160
933824586
918797685
211626372
928687995
656715682
601858636
325860244
491810079
449088865
362403094
375869028
347978578
733781883
444565951
274285766
545057193
99222157
868319978
402521396
431279791
734679985
373048738
208404347
105715385
731883829
114128411
176817583
706107334
504171387
812172205
972623567
332044269
879502594
318145274
120012186
398629528
618226360
519374016
870226492
61031386
433567869
981812408
435918446
736426514
956291924
96670008
131803098
806010538
484579831
460427237
327402466
813868513
521376425
89550853
232771423
361681450
478320308
948255383
794122493
359805935
200083345
805695938
553487217
142501530
6723036
248942159
310688316
864951480
988946784
583685325
964151632
592185943
197874298
879165038
214248676
527033882
349021229
924877090
133935773
579466116
498984394
248774884
625939927
906031893
600556588
510017079
162506725
998400559
394540839
384102981
379362876
349182271
954490605
324906049
578684739
203778247
580906167
628791668
571074137
961004564
823710515
162052810
26717343
261014602
9313527
831567503
26154832
602940422
706580730
1505836
302920040
294000488
365492173
656460351
806178354
475133858
835097057
818442661
919723278
522235656
995211221
394332726
604417990
178584879
630526254
146219523
278460588
279661175
647614925
516392653
32371040
394040118
820506613
953236154
994971276
525989425
687021440
448615844
8439123
707229106
338785389
506248677
824976998
171732508
723510343
852045953
291782046
756507177
533527400
679465146
699069438
456114021
859084957
712720143
860950367
909703316
416902566
870469290
399747606
60004669
8543857
456215499
248350903
14375272
182264572
69501191
298000687
691265123
518914395
330780394
737154824
65308728
606224296
785782823
282741035
441340191
729873108
232800688
219613896
599100212
964238670
525571178
936978183
456341494
81138735
326782089
742992774
611165033
196990904
32899572
383700473
201788206
36814318
978502159
40072051
867293948
651401826
669085064
964971022
447749922
591961719
705438402
322424432
714403628
59605356
490311431
219638428
920534990
316189592
476010756
189260873
296268805
516288739
454501085
354878154
441016112
699293506
170382366
677493832
440872814
891394441
375593342
841535135
105245993
881862935
774836737
943914497
768333709
486557221
473365455
836884972
347589524
939810573
866406960
520421251
282681850
945712806
732916941
88073464
437494934
194792540
767105339
926603589
59878194
977042936
516920691
556844454
475356305
39909102
504603488
832687053
972251316
748828397
632615811
821299422
118012633
84385973
42261142
190608923
138721565
272805703
331119840
70020173
31680735
400486952
955885236
396207039
619043442
893306084
902310366
386468907
237579338
2497372
124816470
806286031
809376901
91319791
139718960
119428394
739677106
733679115
781944339
233494651
546723625
690820688
67700808
659678235
996681622
754666707
707468
373899342
748401515
421473537
70472760
585083697
681461897
971658192
722229020
979344195
34930529
165529181
121665594
647060155
859866717
281555728
648129431
44036443
954972550
528289325
504089090
105738485
695289018
529143863
486068669
725750888
340862291
401873940
56697035
192509835
930933454
20242725
123306595
551035190
973049508
551974116
269044334
408229380
565438676
315243679
7142451
379989372
885514043
100828303
517830992
120905348
819863400
572621567
843623070
490468500
968421918
675752918
499615615
390439917
99696863
969761803
119445849
68347772
966476915
376100337
2004567
391156891
756186645
101027445
55320322
396306794
21930608
702886370
609641232
259596714
419448506
957362875
552935512
525898077
118700702
792485645
634595301
47631081
829572048
212837715
317439350
226397398
88364655
862272809
461563622
454024555
125721712
486362150
776337653
602246290
844910204
933985439
131878427
453118478
722093012
217747982
258056754
411554612
819811410
807462039
669132900
666823752
699235097
738258450
550757825
266819841
220973012
259004271
889443297
499798777
353723758
955385383
64245546
262806976
993728688
243723641
625932213
195537203
738149312
445911282
498524978
761650421
893433739
234512571
973974148
203865
378059740
337229373
511562828
114502429
451361787
200471315
417226115
957572195
347630008
51740993
51740993
590234144
448518305
336781157
1370670
909974367
254763017
720578678
61759090
626917970
123223026
550776260
92012917
249378826
309407698
523063973
680852502
653745366
953875141
217519241
662992497
882787449
405935546
393535881
166977201
655610153
57121371
313228152
151584740
446811859
947840902
389811001
609315079
318100018
376398922
53806578
434849563
925619820
31453964
410228158
975695530
465114299
585898545
326860245
874886799
557604742
324106829
536172915
990615870
487883897
937996127
925012283
212653536
779979443
770095423
348328639
481406905
403977975
32910452
818853010
360921060
373995876
284141350
900992730
291950918
724978056
770394099
340374278
236588714
603813397
73645598
126465980
810575481
809105704
454602574
99055721
863996879
794656922
64684021
153648754
455756527
869908767
461034207
628487615
92524720
201528341
539607303
886356494
652003737
299443698
492849765
986954009
73891757
859467994
986816425
859673472
153041195
458457595
291029652
889034795
586848758
531756879
932840716
395873901
345540667
772431220
939982734
684296791
919283409
271203444
413556625
497126084
310323914
890407266
176849267
660610044
563494329
149557010
458223758
189554272
304005369
115744130
308402038
673570527
551493987
958252235
393392721
996334749
981966378
830300249
262617032
777849864
60962730
428139249
492821872
420741778
455798369
377988418
517586887
501801075
236881704
832482984
285530396
49757044
15902014
5351541
226138468
672746524
383932562
172940816
705835346
120976946
431505092
311015937
635843569
336419604
759363952
804221490
648713094
237308244
723702553
45576504
55387923
92561145
609255976
876438953
828217545
754347992
94002438
721105878
254938315
892638299
249490615
285360198
989599869
55839023
313050787
807228981
676783196
539699743
753046344
635276335
166688941
37979059
692518311
450569533
50267070
778082190
99297854
879721173
577039367
464584973
212413867
883696858
286369346
208954186
594788997
117427024
342667352
828185235
869252794
915266157
169298745
299824329
216683794
615509525
303038788
118989797
148923513
315924049
742138509
531763064
899408368
735513787
480289915
680228561
183823740
881519686
316662229
376110389
640347495
158626275
369020219
903824981
61089123
189322854
502157482
919700388
996723700
445986589
570545561
970935570
549429473
988042634
336265366
721318679
783405848
596251068
403496580
913720546
243539942
274800969
823808179
216586165
250984797
455452766
452826261
63991288
50561564
627748285
14137264
673185207
870100507
613586449
81512054
814751521
278470759
831310199
653842104
770569361
992897185
119176616
201331092
197394002
323494342
697308934
614402565
451742473
264230518
675655172
728467205
156172679
503235032
642132644
630486508
627884115
817718932
874210921
446100621
773791553
689527607
35701535
715077440
18052145
808277463
704974729
993441823
952633602
618096051
777296254
760134721
156109931
419148100
157816236
831544358
738997723
433176630
466240731
117516938
748249253
703406059
673914505
313548430
620094821
880600156
156726360
694674990
117451689
790625103
301579480
146167806
335246633
459862023
853123753
366375650
201049235
845428888
932093498
773402140
974155441
598472237
99944047
58027975
990109295
60668346
627304131
660616559
657152698
350757934
573868327
339400883
898200838
895704568
232503231
328195038
902198263
201011569
116292365
348259059
401289546
965453881
56704268
308276451
290861305
811021025
796701122
840604148
182777700
424726002
240928941
365554479
825748608
923252453
739752434
136918522
740341847
75044856
460685229
697765439
511425234
69968396
805965343
761713131
35551548
756976612
171520426
255196533
317038609
284548871
72573340
587096050
557824054
450166020
703500830
716813459
890704073
807678922
142736708
962674508
929947739
260998552
925028496
803005762
90559618
748116897
850507473
820608457
655807144
109106468
172773775
568973013
268118926
137363107
228845915
317119613
822267722
617449811
145418406
511789940
846522892
532489288
920022016
942683737
778675395
912519349
541545412
808429845
668987131
51430247
814524058
659202864
291445653
952749166
720368509
251174865
577373677
699617269
638381314
47075649
913265289
701569481
834124508
330550448
932339081
287482119
43228890
679094816
514433012
465587270
134886136
703769051
270228782
181733420
497712145
204137829
988040249
400482433
983287559
282409418
982670683
568453743
867531929
98265018
855844274
778165988
698768035
491294650
415845675
8655571
873958054
714590337
273241908
766057987
351733667
367385424
698394888
323848361
813619037
591100018
495926133
399049073
949522751
915187142
94571389
568685151
770282769
256085769
654124237
371404977
556160528
3123916
794422500
445734068
602593486
724869814
902816981
864852354
900817097
968734875
418287815
203293266
845871119
390493319
351067068
530455682
616750626
279705712
186442258
164851290
818532555
380828572
829042878
890144404
626174434
130697960
705582255
445936140
41414825
918113320
347981401
785910361
178734644
610503196
951969813
340365150
970868067
568810400
415525672
145959381
156646201
451686057
733571745
124243336
16005979
214838050
286026255
38327021
616726473
775051569
255741045
61772375
840022708
744399537
554965848
921957815
307598279
944107725
788145994
149707634
227207677
867088576
961090996
243007701
379266078
3744794
284379304
495089074
977180567
209060801
854063966
143964784
100130101
570676007
854372493
540908877
496196276
457766983
494274546
88317216
683154473
994310986
370828225
512701174
372999639
773510900
839168587
437488586
177763439
724242663
860824298
740823841
762373065
62043399
31278371
829021309
407167562
375384846
581307940
838333186
441774856
251483871
744512774
253412833
223851901
481654770
60678756
603266496
705166822
420156663
327479789
830571960
461851787
582283873
781937869
697040412
396447071
145804365
427758801
922665889
121811766
881398428
665518234
741410125
640244510
413040704
551922795
279537233
604502445
292970582
705779603
891282664
10544211
59069001
387051179
996137405
730954014
672417072
616413110
453277191
613681340
992714787
340245833
677033597
535095328
85786989
557312983
363327054
685755218
600177566
618322786
803319262
685353657
341437705
577060511
557116486
617105929
49099373
392670004
410167669
783172359
505911420
816119982
408882009
274204821
275184075
881494987
721225816
633150971
691046681
208753002
49309410
184272967
740653606
628171638
565400485
733872557
908055891
547527646
177845648
571878130
325317071
775996528
380454922
84727951
382889155
50518103
129538399
602425995
771446720
600630449
920899383
243595819
167698216
216725309
448344519
644510491
854099055
792528784
495150520
131358543
482186425
645380264
815771431
769096518
164853865
937448605
910566708
973150778
900096910
107978854
706830975
701689670
36617981
218004150
797396596
357424451
817358418
387659121
579206647
782522480
721480643
431550250
960218494
216598041
879436838
829534367
361395443
898610743
548089236
673832103
229249046
720788645
983608349
704941286
374758880
138547494
245949757
490377735
248982896
726674763
901595290
15083242
265737328
391141018
61461406
983366840
460305809
551479836
674988074
614481313
729749206
583902375
314892532
13414333
860025859
892857285
335594369
610639861
350992943
313706573
490550227
104189924
88929536
731072487
833717877
564555819
585341766
852920823
906595340
906595340
485303974
549174351
660104114
726026861
145337287
934694161
83267758
369873482
604559362
196644632
910585447
371691485
227873000
409840459
326224150
192852706
146843799
521289077
88276722
436823529
275809365
73039105
579741884
138320489
772826274
838946684
757455489
204972192
479263097
21936283
669588956
803318038
891010836
509843057
725916527
506127848
98790625
945929925
183091996
942471870
277692379
727416558
858993701
159213873
819886354
181320995
58302701
214665350
79877132
786731760
979364238
988538130
443697924
641282169
751646358
586403923
853933047
520781238
993299577
153419173
890145190
301108352
294138436
644051654
398332740
786855569
598451379
112013196
729778953
767513743
508278283
125373184
358015372
186326704
628639853
581128959
130838884
845327688
897132186
784002677
293886459
336628595
20787463
324967808
674541312
233283791
631380367
385840140
102263946
509836415
652681394
644927129
790381590
310912844
344622690
740838090
694631119
904525372
374880420
798493896
756575937
80359095
756703211
834404951
836465092
474033271
887844945
181003046
786313243
374509360
346834210
924336297
448399612
446818063
996976930
839412475
686655636
645675656
496259108
611663706
906785728
772928009
57987492
547656669
118901968
136482185
708333401
897112067
756717961
324114987
942888461
814451718
656776923
849437313
858483736
320646701
645289300
705760341
927664017
518529995
682329378
562526050
527475535
864128981
518920375
797699847
515922509
57011118
645987780
41222807
146886331
925508678
726434879
674034180
672012717
893533553
437903983
803415100
872652665
225714719
867533332
758708306
684118827
27759699
245439936
30396708
23644119
15608557
322383820
462410681
981162724
395154550
766495826
259666070
172024382
225014232
778686857
774495038
485832516
925658065
254666475
869713205
219122798
816801240
837926621
945983933
522334140
481832534
302097954
992429830
49807414
218912064
365151020
974583466
882253636
257669283
75193082
325518901
696093254
766535211
945537827
130115656
121343757
265178407
627061648
643666060
731881395
379566369
298554808
84926970
868887907
251612057
602363641
328790307
969350865
467506529
72100986
87469274
236866310
253373812
678452447
170327508
794401602
261785496
742523322
131859775
519206696
709272201
160345440
974593578
650316926
263931936
694451750
297902891
399533570
134519792
43037514
965942635
269901464
3415271
401918330
400709278
930679472
191163947
20763595
538682742
132583960
92451022
312233850
748513345
649023647
56720144
82063824
451566257
394879343
648152959
546479074
252817284
893951708
998072884
806158902
92702382
779945987
656740530
735042637
750625278
11934036
62203536
911306415
565782967
898042115
20890439
913560957
644089391
738896964
872357582
347320423
287823356
304869261
859300204
498725135
871411573
350509226
624836543
703765356
352604118
961376787
469844148
17536630
558980155
525718646
159360090
815817656
433887572
673578598
858947606
996606895
698234474
694071255
983899604
701199089
52141891
792379860
531894520
579191593
605354024
112724851
227270693
711312363
100001682
79800132
694482357
316668101
288448266
973104818
431301923
450957717
460454980
372136315
730087571
853314900
172305612
676609148
213086993
271858053
742676764
151974527
861136310
654012720
364764912
203296209
241125779
631101393
386901262
55883761
447768092
168211051
512782634
858701104
839711631
840213400
956826443
360399183
46767888
827004401
662649570
130714686
996263931
978461883
472851955
302136492
845446887
927295597
842171316
886024190
838148538
990296172
179107967
644547941
221633164
174535389
594194515
303313718
753364365
438036646
895742435
208654926
864639057
613163876
101479039
929503852
490344326
459434138
47362439
145394202
96746067
85636681
604758361
757019523
707692587
524272388
961779481
584212620
249350626
191693884
469462313
569544403
615898789
100561331
117808829
999328005
100642251
327917877
382032421
223328605
115997268
703205239
861495511
295965350
277553273
820744237
782793910
544215483
926156406
356783509
880389701
683106036
19160831
567286689
313678464
124146690
22194860
677081999
512003497
273318407
639228550
18680808
799023400
488629519
260236677
529786501
932418308
833195771
12384653
311581927
640883653
128229814
17426898
247632944
534235853
444537129
263231153
946725821
696833639
216257786
110030729
338102456
99744430
695577631
688064547
152659974
367540376
886833396
416022680
737883328
103509911
502804876
512896890
4048348
895221995
284187969
972864827
157982635
987999799
778589117
290879020
129799339
537704507
463027135
639760080
257252981
210838662
817422820
169105174
131466380
147817838
91203534
753654202
227749705
352976539
607910576
336050307
587219409
142633128
292997993
10507576
860225663
897013909
340859492
677782614
590898553
687948499
701536849
246048986
953600766
690376528
834845708
852638470
159945609
456075768
252276808
510089761
469384414
322652988
401407242
979527537
206647868
878122616
401816913
157433598
823554231
544923206
740369183
414375882
676623908
633454076
717237452
912090035
213979020
839847054
382511997
227466039
24757255
909393676
408348928
239737042
263832633
137868568
551700053
940788007
961524756
772522487
762358712
724066684
406976276
572272899
58296583
585445883
533189942
668316239
267744230
917151854
85708285
204908396
695003348
934165713
776223895
564280577
183286090
892595983
87481699
601931831
94271527
961743268
913923442
891095289
37808483
931311933
876537941
814804935
881962038
501020150
971418545
767737806
999239837
904222034
814471443
150515884
9634594
722255680
427764678
832270010
217164398
287667220
120281035
173975354
413797840
285260621
272400763
523835774
153242934
224851060
483196416
571757712
365570631
397593865
119094953
408935087
905954058
817445206
362152223
932527124
568601014
892268846
412884273
608965011
629625012
392000332
641821975
951557710
232533705
400335699
834292907
614416233
204911100
360695910
768783370
605452114
10194347
416668742
38342593
630978838
999186695
971109046
650738438
775993503
492167702
672702692
265285600
596538929
847316611
735394442
409093787
68770271
546941657
242574884
767978682
798671028
570312046
18871649
468578059
682932877
17103844
984982453
959325649
384124118
82745342
568466240
273429303
333777791
504646405
600232000
202356183
281064452
13618139
379914020
4396958
411145284
787392309
529117493
843942186
555245895
361692867
220565042
521625455
179662986
640527781
799340355
461437766
456455644
112433712
269964445
543937812
340748252
194447942
698370906
341829669
286817313
551944308
486149410
466212667
469766644
242828812
636214829
269903764
693194645
307253782
754102952
355386310
379177164
97662131
562628086
87807653
916872399
268147985
957953325
235738095
199059119
190461144
236332375
474960247
6877881
881387503
688848290
725977150
233271488
115203895
706790830
816664338
72123435
889033830
972985837
229499279
974590405
850924181
404043930
569165706
382264883
459703249
64034571
731398636
641402796
766355675
209266916
959840418
462675301
263349097
777711101
808714485
199579893
922363673
40185843
90563086
662781939
228159913
842615546
927375693
927375693
946361573
340589734
336601485
298363479
12261912
253159687
524332550
894627176
293194827
997015748
673756639
22947852
860198787
836088301
298083141
722993397
52097594
556809444
451035891
810400766
625039113
747071307
314114772
775224535
72654025
615249021
728989343
45268392
255509876
609552006
609451366
166308330
331030551
126790856
926475026
953204738
513633732
280802233
572790519
447179503
610256195
572365267
917793961
144384277
951316604
917921791
685930664
764407203
715453820
591673238
500366701
644586241
626789985
976335349
474099753
871621023
162106625
142417382
676926921
425315953
533804768
804697774
203952183
496587188
576391244
487799981
329563230
199842656
305088237
263528213
174427065
784836565
518362891
484297183
352547821
510429631
470012953
202132136
613746539
923211202
984839405
84063794
505173280
753666179
412932317
188371814
732679422
898319971
43390089
759069817
150818824
554383653
324457277
550969324
644041371
759656801
433394541
100198039
586112802
113097515
56127061
510740007
933092699
964296151
753876396
58695745
549695373
367488646
12229106
353489838
583776430
217273499
801143262
55787101
337370768
289453591
434612466
87184244
92232857
326322361
499706553
104390847
163742496
920384042
159405949
63522145
841297430
245578884
470640785
445501496
788846688
25258582
25258582
487557262
19140820
783110880
333580170
109061237
83272428
38403080
503550024
968815038
559852243
451710534
451710534
933089947
233618700
13293294
606220524
571477411
190604067
30814294
512939826
414245322
616580048
101381463
778490894
303036894
981398619
379118435
785879365
315214698
590510661
900193907
523295062
708409387
265843001
161503790
192616273
87433045
589072366
720805909
604108777
862637100
278375174
441468507
577316386
57439568
12294500
684221368
630749663
787548382
535215129
389277251
54133731
349118753
492801946
347873867
8634044
753034569
244255828
105167929
728855102
451931079
389810555
379509444
497397826
644650368
606449226
541274477
941271858
459091903
966759679
253093669
221144333
901888789
434061239
806330083
824327748
742631751
180034669
677565641
849405186
948611160
60548181
793407155
937847631
676033238
472100711
351131733
100578609
821942431
548134931
650021249
548819060
94602531
73036739
735191141
977411583
822346217
793601701
993892722
672925926
547858029
521825400
212404456
439478703
336098889
312579255
423513530
173519656
500427935
948989682
923666559
469580039
855115316
556933274
761882649
924595725
250431704
118644681
965331368
751349778
440939239
321382280
438343512
442029939
178548324
857671039
217855276
843964318
122105561
568843993
954362688
709332705
968483666
4658306
334646640
677591060
94051806
724104240
684253773
490377870
131644966
524875641
784286982
881544850
704322687
198430015
502338657
343106677
535479386
76452104
105485552
37884944
101586930
347491749
952089733
647133233
924573794
613618946
543727886
594679677
305108618
584280489
247131363
335637123
843219707
835274837
540379499
951844260
226922652
613492085
68961778
894186284
969524345
839763335
417133591
453052857
423000182
713822412
724123935
267154533
579535009
700340476
814356475
455525303
469817272
998707140
629835199
114670190
56688472
418287232
873116688
308606106
543200827
210087366
653017956
647173789
785692588
630855647
96423962
517083
752703137
206568523
860321777
878875790
685284466
89030168
501622339
367284397
74971537
444896542
584291823
181459906
356961578
959053899
959275816
395892215
869754479
602472932
287416891
468369848
593141162
2382581
951197244
590128987
532132079
726169690
76628161
749115283
903649085
113746895
560367798
737438828
348594346
696657593
333169400
483786770
60106252
519175867
707771966
381624052
109034926
397556490
59799472
683031796
205870455
438041762
702679258
542205790
113026218
342525606
676084272
583017068
44786226
377310444
966110891
459739728
70432825
323221212
540211915
104733506
924836261
120710964
686675113
630075486
152359689
838679055
442814497
608378899
642943123
700993588
999000828
754735518
410461497
487156690
853650547
140243184
88615838
107598723
920998141
922147126
919757054
340332303
695006123
496308674
416908868
555694698
833371153
167005190
564885200
797464555
691313469
432829654
909105530
740866788
605427625
680870784
514640869
149524478
917020634
647542072
699034288
683144696
246703505
47639133
16455292
879290579
130665581
106026518
133080334
655412206
397693054
506313099
875571905
839843864
556885330
92664824
467223736
231492584
715408520
671553167
365039252
818604092
172989953
22854463
3112977
553975337
141022167
384911677
179138440
306657481
458093060
493864176
754549253
825653851
493164579
765856254
38591242
951227793
477379844
819064934
756020593
774791512
664965782
909113029
858014690
539122135
739305281
608489611
279140191
654141123
262797256
554332181
222306957
286480254
731318434
408706923
561310587
587917625
939765108
991973603
122402152
656633106
951322799
72912002
393795563
554740463
703024921
562665464
627349276
808032199
829583744
501694962
720624160
605796715
662133676
159665953
492266003
833778013
873661995
470209585
475199366
845900581
151324658
633067872
433580733
140210109
428065387
982649482
442569837
518749863
190302394
484932326
445957927
401654554
834370900
466256349
935900885
176428349
443004145
447698119
778299587
503169242
900399284
685267932
760223461
678589539
257723060
875412501
593557906
947721645
700040475
457069128
797757884
865511595
937435489
684059267
927352708
614277693
604016509
476352902
22226370
652884395
987315187
411433948
249906177
572766665
257904464
66688196
31444657
567128240
166190850
41041381
534299868
218539933
285821972
692966366
715510039
726408084
336385163
356304186
897214385
491853081
934850823
233130346
109823938
396148277
965848908
859703122
248346446
507046209
129295805
519582203
812122415
270496188
996105785
816419752
780336327
221261828
560764243
896931923
819297253
924657433
26007037
386785268
231703799
870288929
549466874
962339453
893496901
904228941
380181526
970735144
510384571
173568328
68069722
965104929
454553036
868831922
157948964
335736531
386266236
601526282
864425818
212807322
212807322
210036866
460285050
439679071
964151983
415261179
87383645
999634076
716113291
231925089
568669412
367572425
37297125
827830501
943838130
191362603
517847531
457465933
450947476
724408594
843751791
651414857
217574411
976156223
132392961
590187640
967492105
918907356
692723074
421322342
374297215
828497303
125068874
181584759
375468491
542205060
403571468
719432709
818215097
932962341
650370265
301714145
144115348
307274233
225171327
276889984
633643035
405135152
96897862
132641509
353010458
919563534
621704962
206830237
799044552
306176407
327347189
972487881
675858621
331120053
105840318
164950850
28532624
48135363
742799164
898478122
474974549
181649565
280028912
61881061
808804312
843381637
563788434
821928462
28186564
720823545
34302367
447192817
321750646
570775988
977572821
120768538
496828123
602012825
677978731
824964474
331184156
633180390
752252756
315943989
396292755
120801926
113229866
53218803
923275700
268558156
553160245
358326303
124054662
558771356
538544172
109270772
287229049
462860231
682580631
333061479
295370267
227890249
733926328
836820057
196918062
352174749
829113028
118329151
821466135
907235774
69413160
354973137
548807830
972715652
230301265
300452907
600018376
315750653
511258876
964600380
913343691
8851108
412386876
22497397
19678505
838933595
433697896
320363734
581471389
508434038
856568920
654028251
707951120
480469065
67543287
792329893
25218459
455380243
58636733
681535093
873167363
308191086
524523882
81936416
10009896
797507413
703431435
893470885
267332887
508692918
217505440
517475852
622546530
559179941
186439660
644082165
404692409
349754925
280142491
804555376
38372132
183926839
826805541
396119185
291524046
977820356
194913319
909542748
438369288
435946681
11991268
951716533
570661433
515088545
404557741
925422642
790526409
308156035
924379643
342214255
258520794
947286276
933212898
88701900
992021131
992021131
203055740
625131612
286789941
223206661
939628592
37238173
305135527
2327368
524635555
431310739
26986296
151751736
118719036
377137172
651809237
61945527
106244233
768461332
692718334
685660732
880728554
186993095
686698295
556806595
793384099
204265968
225831689
474103038
353336481
59189872
25805403
749913736
969137499
579665204
863931225
149624601
520581506
286652528
149980858
440073238
526751638
379145490
223414704
730389932
810242738
517360056
323580345
735986791
753230479
891730515
882842084
586697042
282441091
850824635
990390164
798610430
615930548
564089243
772238017
425495393
393689753
91315284
832690995
696061079
227582430
518769976
123572603
448035821
972644094
933630658
756862692
22698293
30703230
626108251
632361432
406165289
139532727
868522503
651900643
416949200
196962621
369672739
609003753
398074742
227742015
302939910
187423898
83753776
621782636
672286339
867334297
13662682
308530149
40304733
478694403
102638630
338431543
648003943
212048165
777248153
736978828
661631094
563303687
76284367
6523017
163428932
710536672
276849620
996557244
125292929
996968342
152191587
732851438
279289216
907976064
719798797
668615611
639325530
706499326
993277009
269062301
673014335
990629729
190764837
830675074
706591774
523355034
464889632
664296515
123612740
815622915
345154098
508376915
682903287
652779420
659593846
430325835
831566033
659432019
759770009
960535759
284412247
650610988
682296128
209291464
698497861
667595252
209411737
423590763
747182696
311831591
8712422
646259093
341270379
881828464
940206881
71993744
974903148
865734688
658407971
798111611
983869232
200050612
457513517
832062043
599354081
683282162
263223221
706241595
277651549
840923691
416081163
25473903
551233371
281410565
425278001
63894425
141975842
599690785
857834812
94009882
590683473
569144288
678793561
525040259
982747322
998228460
733497967
98228132
861183868
812473769
206578918
580246375
573640898
43841213
252873006
138068445
230533455
769535748
763923425
227597175
479350428
182340661
706490562
208486852
856925993
238880118
629923840
929896177
130447104
735568678
638583357
112379017
196584298
750623514
232767445
169817185
187879932
181071558
977564747
50490012
791382366
220717450
41740416
131748367
554316647
17462940
136965511
146819194
345825647
70106324
87530234
743421147
645951936
571482248
361403081
967512812
996206941
993387209
847866967
419273920
648488919
523763272
560731141
319302295
936601820
943508597
693128020
370278915
251859412
360886613
543443446
572467312
925889826
30438021
768686671
527316159
359804285
747841264
675282374
626162362
443937880
144766574
915293512
19223615
469753768
521878582
346604404
10843233
677989888
253334913
673796983
1396291
363765031
868223265
888171350
875319750
74686893
46142113
459693151
669734879
187643242
821607476
504638077
432770250
565744102
484000108
513376662
240073182
234429436
253188544
523981164
963462227
27498252
804465029
805059092
763154955
182192544
912967860
104029802
859308660
576440421
618780160
130743207
947552025
215122956
759611811
840431251
345100792
170907910
103860446
397337650
174953787
386345144
903439679
677606077
421544781
746861790
620057544
877718654
419898785
627047606
82777248
318638735
922872944
53993378
673158398
513918476
757605920
272142255
776992625
570084889
884713500
726885950
129170714
572038840
139062922
961737097
42539222
790245999
734403059
993499407
847875851
70200849
799466191
664553026
711351739
931549557
199573396
779730753
393698084
232019493
138095727
786681768
158794522
678465
699495300
620119332
996477509
376771432
579714786
570988167
538299670
102792051
445507325
912828681
294935476
357690827
335653013
275750903
503846219
498426797
806934889
172963998
778855816
4754901
94985395
127160027
282168208
514175257
708361384
543719353
126798027
819750133
542277810
520204361
487293246
980767458
697466627
816163155
942137393
980839233
283809649
445880586
191637530
443412183
865094347
641525018
758449595
42013185
648744514
661492551
899178603
86809630
691874042
795188582
128874941
627509830
230779961
224509219
951823772
229921058
260050812
555302849
757691101
850941073
484217749
57666777
889829658
530175403
198105229
804533955
631045123
171086473
250792654
713620148
821510782
208713953
516662393
287147793
845952015
631120435
483424772
479478774
31540531
937830573
638867570
458622142
83154732
135799386
10415192
615308813
473359988
900031063
339151166
495825210
976606000
100099395
975801268
954425293
779671966
874324106
781349341
513099189
126401529
674768277
754534500
588218184
933257246
160055047
287894193
513222690
9993863
375565468
352537667
187132858
671541643
468939468
933945448
177238915
455168337
458019371
126560758
840685401
504938908
8456507
378314195
985764575
47699957
129658580
739652284
231148506
890092973
863752294
334327774
885239579
117253720
795135281
898407475
313932981
659098140
720908588
617121440
325163006
885667016
839165877
527915117
88619415
893402137
599089441
81806090
685549789
626217429
994265646
491429193
393309438
157582041
868137529
254565025
497618749
877905009
574918043
434260652
269746484
219714560
716766457
27905642
650321530
276951481
520560240
146775434
67108536
616816475
899154228
646260893
968842691
83641144
590188990
551231223
331395509
442762215
362587968
836825152
997004206
164772741
711278501
425262903
118856953
78362157
964867812
872263358
164651437
811042234
66044889
868272753
353926220
353926220
778845973
61874119
774083577
161832397
518760312
159503412
806054687
531221318
723467025
28629850
581631173
936201682
118461493
657961298
137081317
493855084
154183695
564068243
694823730
785456111
352891353
314323195
138005185
261300579
801614470
865016748
602997896
488276585
659696683
235750641
117874767
673767493
592448903
656236081
852763956
737593233
323576683
448594058
644112033
460489425
638070428
463035548
931548373
483259660
580106314
350450550
147541278
194465325
30698650
24985002
778798021
143947357
495573290
746588959
889415945
153062409
633847099
60782373
167373905
736642700
476028893
749883556
780601202
335067326
638055715
139458612
462066799
572207984
558841724
47647650
102169329
386600648
702033355
950719367
917917934
670404774
35833529
994490492
156419188
557998348
186416198
999550052
699632492
291844570
643476747
909140538
766070654
422700543
805935637
13188873
183618273
51429501
683627027
497626357
468100968
664893550
922062656
247696632
956817258
124245998
200587068
844917890
694868891
389387369
254032277
121158777
744668859
98196459
644832716
255656780
583576511
421669966
692820357
827952457
334568337
740581439
738025251
314239622
643512701
975768021
147148444
189647198
351220812
783711735
372043202
822422351
776149353
725775452
596749490
972293562
85851051
43469703
186974643
316606629
889088114
449112112
315838950
305943390
324135064
553756050
834812115
729119460
424032505
578071543
187714987
657993268
846657561
387104132
311755444
889934036
361601088
465564640
964519827
480910551
211662244
211662244
535372443
783658156
367485373
31257874
217402990
903025877
61199860
830945321
921634574
261221753
289973618
876428501
907584792
182458138
680237518
281475275
159608523
557608661
628582941
82862494
48161295
728042561
62268429
655643698
696128234
623735216
150884320
542730488
497755555
158072096
3700479
61715845
713144547
990043354
829054113
3387612
671911908
396306381
15746145
971087429
638193775
930633194
692440411
993467953
713131927
752716371
47527739
427302216
22326664
369978567
475327847
816354471
593913392
471598208
89875673
136350473
297894098
257509047
607669882
760975773
438693657
693944019
674071305
802921220
672622825
49343482
225544121
119187195
471814720
716107129
985728312
897620179
603198017
315873452
240071652
85130380
111450755
979722926
638755300
836302546
423848775
124127567
622505042
618511943
20510143
939762893
674444398
960555407
560194867
575439460
998905400
704844690
992569761
174504543
808553717
891389548
53814743
437271314
756239810
462751190
425970401
11338985
139281004
394286424
28760384
15751806
850676628
360833860
242283906
740718640
524159165
862946736
895378995
914096796
916102870
610326101
989610325
778072904
420862776
300687749
879577237
919099309
271175935
711642389
293668471
554347673
815245846
731174044
28995869
912366333
954569627
446420722
737666997
393514615
305271569
609761341
803317823
357363225
340347829
705446596
434129435
144169500
85994963
745547729
337528427
699281782
761439226
349310090
234815772
684483679
752806248
424714430
470915909
725583574
600303693
15321072
958722916
658740273
779553008
55604129
242216018
527272822
447927108
276963471
954393773
514855042
843827033
34444258
80009940
41368693
553097802
522503386
25130483
526445666
540338531
29023236
668039334
964955372
797402520
25429545
774230755
985584996
924506044
67483451
167498755
603635918
62383238
778984419
176727497
918552000
259943914
222217745
606166060
410209739
258342431
68185276
104385317
360540752
872827524
250234116
552697416
440251158
768091365
689480554
277307986
563414206
102771257
620083790
36960032
789435632
107933455
721031538
721031538
845146998
506818834
834174026
636844562
357852072
278310478
823555449
205550832
337192962
386776407
881325864
804171607
814416607
68047873
784837973
468972441
997344813
47891514
225095435
164163190
152157179
52002101
225198325
589481689
865584439
923806371
587610578
453981982
665717431
109449478
932912543
998541204
501602168
216480264
517609996
195617492
917999693
249789439
178840799
608959110
837251325
366023313
79804487
801760331
331171756
383267512
242743270
293168381
188087331
355908719
502389519
244955756
393194957
657530985
902617926
149700780
360320583
461760493
256570734
999157346
994298147
326299348
761826965
641714271
203460122
501092433
75155661
813703824
460788754
92827407
675340558
675340558
849188470
333189077
413280653
375178938
85594594
365700081
764414060
206110292
591630515
174406809
743514150
325355134
38468087
508730588
471013948
97281571
74118829
23858924
785345682
549586863
674489743
692362343
597506217
677133962
335554922
608744684
236768861
358557823
481751593
436525383
598616979
919439711
238590819
599692843
653469292
96542798
602644175
219605953
952076721
120784291
520373251
667282181
446624017
85210929
564873473
187449288
997286762
260952
278310897
215007045
702997737
149809678
21256181
181793459
245595468
487147006
409106900
219049911
709758203
894736192
380780806
15336687
567321599
250129414
250129414
545130099
832051469
143525539
109350213
809707267
588146033
928387367
532854256
660649354
224712206
417302624
513037718
610637157
696410005
53898765
74911271
281118756
542798104
11274440
533281066
560567540
937698463
114585308
605447551
541883276
788597136
661673095
658424489
379186032
784515507
765672684
501055581
199095780
206245857
165490651
924008010
829730306
656922952
25546589
487027737
822822607
946045082
619737687
119575367
432845673
681446264
249074970
830332426
979045354
860860596
4065727
928563971
996098371
483746091
754919525
807939018
91915006
829182099
914504418
225332545
113861046
811860800
471858186
550897776
771981593
417344590
661324776
264514431
139618794
635272733
405238805
66585568
489487724
808151644
904933844
251526442
682747524
909420596
458136634
333943652
327798525
247182981
667762143
649089479
1980010
302660405
100740356
367588443
883624198
182656061
445847641
735376777
235511589
111122214
189512740
841642169
314275320
142549611
451594873
643542413
3354444
895625640
589057280
90789663
492743631
641381055
622527995
439637668
272623545
194408318
66715712
77320323
749012531
358173364
102493212
319741277
39618640
845545995
833227665
767024390
504328375
663063317
329140112
382350670
333792580
981406771
276670083
966643938
769309823
893289373
467525869
638597218
318047934
686948926
362447139
921694196
512929928
136342352
24697160
19936406
963775445
191623213
587502859
693924435
518054474
229477818
862394178
167313001
49621864
75277425
127914597
249130765
999624679
347460503
434750727
104491947
841741638
841741638
302017591
924151344
909284958
274139428
70185852
607453364
280471346
471596543
922538389
891363025
856478367
98064926
415131873
394996264
955574755
984674597
365387077
502341811
19004141
752540221
531475293
267193155
671531253
49913117
420052909
856654574
902543183
525383229
81953618
98271199
379543616
266060119
822053956
357144234
739319955
424080104
542017857
822197924
668708291
740803360
459051303
422774945
112433014
317912642
177233233
943482491
188594277
959317529
939418471
920322944
781818170
319095150
5834032
777710164
678949402
913808135
830994903
888447863
964768900
611727734
551387825
6994232
142041018
503469869
739788859
316688853
234297772
75839302
145499732
741877243
217965861
72544921
370721954
621550767
375350198
793465527
400532501
400922560
459621755
387404080
276196663
87814023
989503219
4745383
538875314
194672489
199939403
295208091
397230432
711134568
466128084
457672522
146703334
727294401
969564727
317444415
417540679
772821414
700723981
828558782
515460998
728090958
837085182
472469660
852021314
720470978
651227653
444637917
652637473
982175609
158033950
652820072
42761428
295192360
314009876
211434924
735330197
410100959
611533188
772887761
459369487
938544448
198375133
157177768
900619061
777384727
536391538
836493267
589645270
727300974
409428771
898384951
595046040
631149185
773826672
756263473
193883940
85766196
371416421
923072240
56709337
608654304
128292866
464210396
587609106
789461281
703890678
552094499
198052286
235210559
116566444
50646315
914169947
712990845
177216045
453403102
122723788
249533449
809757082
28212973
83516390
941624605
895377088
204023448
852585102
265271973
863316841
532291672
983495503
675857558
898407098
808949142
346953803
123123132
546014736
511675415
513435798
749595538
378213220
563381421
380244362
910416472
894533358
989985179
35736897
836684066
98614178
683925090
524817069
152224705
243033330
788462817
541104939
566729398
656132778
113298456
777199444
828028700
57446253
194982339
137124387
627883160
613084338
746236492
540954418
803124761
444872790
772490513
791201256
929680521
123156045
430953010
190701188
428353499
401053065
293840303
484286493
370846719
169956993
896026157
577707655
409769205
173853472
571445826
253789411
273486956
607538027
324592097
363586846
279782217
535900263
681902589
456714807
596347444
556353804
119333784
668415929
812867866
600195870
915777005
723895719
95071242
906867142
915051100
755246910
452054795
635865530
120245624
325547517
941830771
8609098
563236403
293294302
470668047
417531669
993629874
804073177
927145646
993390828
8790379
65148753
19764338
5370696
892234477
198401792
656263063
158788426
420659418
89667918
380995950
911823888
734923429
268676176
465630609
424044697
174658719
836444731
172241458
957866582
460930036
297631105
289935028
162469062
306136680
947222579
980106728
434713369
255806944
573950509
382124639
579454787
953225099
106023507
421849660
758515321
930079244
920161081
515768181
902624411
227125323
873872108
950986954
858582286
223370125
882345722
307601317
998592269
252570587
202180589
698836800
892617055
179436642
815793917
668131163
375994365
966575693
951798313
408345976
124310525
455048052
647136349
496224227
575864945
708120729
956719519
706374418
874129769
501746320
392976953
842438148
94280363
549087293
77189903
591871466
231114830
55269959
284216387
470965159
402892219
943963659
419912622
419536639
458122858
613177625
308065445
569938630
793310275
579624818
880150462
898723652
895263181
90753495
195361509
391437117
502915046
260249875
642768698
208137680
807957181
442627969
413542748
54938997
54938997
641235492
664803968
812040468
802843078
8001825
601734135
762279355
557013882
90726696
332456627
612824296
553751882
233793264
544206401
274391775
543394808
772686764
159673626
543105517
541929853
378811434
736691928
643104623
567158938
912608715
415824529
573952218
730989261
160314635
106247406
515493169
460774832
390656902
709509366
418979426
54293043
31767858
727943253
670596293
303007515
301798997
85042277
337562211
168414069
152414671
369370011
283669241
909621111
486982133
913856020
123783569
446475308
144249907
135779284
477548224
65743370
653380679
123679864
717911563
203662137
119802792
349783983
46978793
410121605
750611463
541223821
563469291
378350906
220323405
722920950
370719322
433896088
291873358
731919778
135759752
123695466
737468530
289772738
728643267
328099261
928443891
547399272
755993692
772042192
179324029
245681203
403135808
441578887
180717233
184220693
49397911
970150997
671151954
387459147
124328873
693461084
554385178
828457808
879447561
393417572
120427944
228496280
630850769
317476731
211669878
92199778
99796986
138612587
325450124
61566477
63383169
117162013
466316161
918064480
899722319
148403906
57931273
283895280
280093692
73586299
809720347
39185414
282333672
600826345
961212975
685372156
980717941
245121002
436991387
942194471
451602020
202390596
39954686
288587439
469698093
218495755
983975168
841674989
945866997
111696870
124636302
519302432
34784700
96656660
725360475
498464575
73602075
920704258
975116555
163338570
442231065
119762485
8460692
903600205
977824535
83585195
634691648
68095078
144476087
75413604
780906387
152224817
396709476
61386289
270943609
433900375
303664989
630707480
392564642
275797965
461790469
170158366
125821886
687754619
789515589
591640227
145201076
983452498
749549887
443371986
903729110
65918084
123869340
861626634
904539256
1204856
788001007
712639976
263651514
347701952
947561024
132183143
475789577
760462670
261573112
162850355
134744551
985095099
627826221
618104793
480467319
223366915
423789630
262646748
388926007
234053394
771588363
703749012
44949028
796074008
215754085
55290962
551695360
339485825
927858216
328314719
192163960
829515757
495695731
887786728
433469569
281455247
363272594
30036484
528800353
189261753
341542654
803185309
593029588
319367334
533284657
302712542
558990881
903567880
575244584
462405888
900190250
218117823
766255940
884525112
442326102
332542486
443496476
183759566
65003005
830373622
85932242
963863813
934118196
714812891
501557870
563741757
800023611
975708691
882961484
510460743
426811764
299008239
707408997
742919573
357967102
886913614
195144195
353785864
907199774
736763728
210844096
629443875
108284649
664122143
485276455
395068942
393987399
927264064
498520425
59705815
889583037
101791347
762521586
581883898
775895927
439073330
470560037
427543075
601286903
649444679
850441014
879632014
645793781
80268716
35718594
360637112
973666145
423071731
905431937
177401323
519402115
785467454
250349348
510763913
429370724
521849298
567163120
283828270
491435191
627227140
326814021
502831016
181433004
72237385
754688072
362219688
572640428
648440490
282125521
472533523
224872689
532960125
862317461
146488586
785092306
606319987
513837495
474402822
583067305
879150549
598311468
84982665
340917470
883208210
725750149
469389440
401256800
661288391
237603129
71501957
275863968
629831771
214931854
808976049
574344569
220785930
661257027
699052511
116588605
18639985
306929174
696996032
492873266
398705954
678269921
17312199
468064518
761544742
93825576
583246024
319614351
824628719
916904116
206745148
439042656
781396521
580597801
104160577
656859803
219010965
455182138
559443545
451709873
304014184
195018120
62713235
921037902
294986441
299313490
691631457
895775762
413581992
975140887
692997715
985830318
461753366
479296408
905596789
497551792
659523022
273182021
425817113
327631037
322245885
196317175
80916115
646720815
440886699
612107228
295388425
355384875
780643890
309736982
656763887
9257564
31855877
208615648
764113175
798110630
836364979
94428387
902797767
602234569
490350383
516095391
720616740
719310790
583338012
234790754
21864873
869740153
450105432
84981743
900225369
485476479
473499077
921850868
686614265
220064706
311793298
971263326
221603159
474319139
367098680
700125951
552725723
690101136
773955613
432087086
464435729
4169669
471798677
466338477
238280522
923311321
596450211
675062873
717197696
480909512
57073697
390247253
934338012
571123039
150394547
11166750
418547249
834876268
940953018
432886964
252935298
676631162
330048757
585762578
210560058
652128052
47388503
194758191
284906888
386582859
140703808
166600894
859744880
623484304
57708306
857905526
809669599
299540841
311619897
42208351
635639785
305531268
539229134
748016269
659905567
665324767
568004028
679174143
782781719
195614808
103022498
442801362
974961668
347691589
397946844
990675001
91683718
225899480
973008536
422981117
791472197
464016523
76041244
552193942
932918058
233896743
758062344
39780762
646930762
993808820
724236023
183509300
114724882
440234488
72590887
629535967
893976646
25978463
466820924
31685185
483174310
351111748
759273287
4167693
732176409
846265011
923427693
948012326
324634718
4948646
749868055
389167975
973149242
39963270
198574641
200647521
48089548
654653813
24129090
802846135
942791962
186998128
403741193
567123179
947972307
759309406
252873057
441501642
491822094
330934346
552200464
908800054
239486559
64764292
345727878
890175987
556183673
439719391
205203062
195227368
71553673
415318164
630716018
880114396
45887444
862012671
253803625
63786877
897011185
791894008
481499717
992490255
446958514
807835473
93116330
261063588
140005696
667324248
778217564
144373338
823678686
158401306
698006994
643941696
479732443
439187952
558693395
360183722
208743526
974518213
48059039
895761056
287893414
813549360
966706844
758194766
456543956
472880503
786754693
427053491
666663460
695689476
76728404
389770214
120621266
125529232
831545459
131615581
25441944
191518650
78920299
370598296
274717448
744000971
215323247
779877932
571319676
366498700
744881151
144752515
903720591
290575715
990960092
247835413
254990304
306235124
625037616
799278007
981136446
642741099
525509647
545483316
435284025
970161297
841817473
264503732
723868497
719017487
85545914
228878784
404850209
571398711
808414235
215304291
99296429
788544798
163315938
617389227
115004477
186304867
121589344
429602028
776168904
401128850
162001355
524957570
936145609
597791916
285175600
396887931
997010625
828449870
828449870
345834516
619044016
48023848
629792742
691191108
333951682
670458954
115038612
65907441
789653367
645222044
143001361
786863922
739704314
919091638
272958169
118309122
726806198
81620603
653274881
93525523
839136733
745349972
346948244
695411591
847207893
725439042
564313460
293074039
20259337
561269197
670816800
735243140
476171414
364684748
379051137
118881858
658283848
130042745
624592954
759168414
496045992
388315995
570622173
125586926
312022586
432578575
907607725
762484422
703822394
201126186
826796847
88281869
519208122
964537128
884633899
883075957
523965207
795571673
427085334
789413090
924069271
732079061
970352775
355069211
223778896
414539853
280996345
975449047
970480852
949616219
602507578
355514547
264205943
309397557
351313186
880841515
956884956
149936412
22915283
829210882
23487698
399980716
877282714
395015725
169245521
874291032
948310838
133504207
215613050
909596733
89636579
509420820
313853230
54784725
304628210
852486272
546889700
919354299
128872161
292407884
747819551
497079107
203306393
190539268
910435400
106813932
870353460
682756423
887432873
571155262
222994535
917014069
413396829
869039517
88643879
987779707
33213825
429019628
341272326
786881214
483312495
299848804
574503575
575226626
691889892
907333361
514200844
661784592
636731019
582436459
458452206
328788808
807326483
160832792
854754118
283471681
293436980
607224986
314846159
297596425
734839793
130794267
580410258
753002750
506893988
750385201
901309594
728002098
401279347
875708867
828071584
62230473
34644871
948579829
426020636
536448407
305469153
954171046
59554794
883844278
205719277
838653042
424688758
979986689
345858148
703324487
700557885
246952457
144194367
191258156
439764371
479580614
922386734
526259209
557258248
743465459
370784539
319624779
825864202
48881783
400164495
614746815
668851398
22911252
939232448
425915771
499745816
850839979
191620393
581880467
483787301
679981778
110622025
513440232
670778417
387930909
985554784
616239527
985790807
988115791
321463002
190645759
759295528
595725678
669626597
66554226
593069225
583033755
297427715
471817986
811354368
243684638
192766242
89278840
679742034
911246852
495754991
756867688
309189773
831735469
571080158
941417046
24023407
443756752
266937706
233365894
124361535
247182100
716902552
336158003
27186829
246721949
650062294
257064986
877146838
983931261
934353197
693263516
667744514
466635783
677938576
829064338
4845750
735908034
251704352
426891676
257883696
756003617
851087265
689206633
324151516
546668986
705913685
46687488
736985277
433965859
522660174
963367164
956744043
842218055
381688662
718272599
894190063
251401005
477497436
774800657
392115142
962169518
783792952
368506630
926648592
876368542
680958755
546934976
967137647
817464735
742333
259774455
717508698
133118870
417671368
780331363
788706461
360935761
59848455
392738817
240623002
466681879
601796972
710821629
306882294
702413839
888636412
179332545
939366791
511972969
465712882
12692326
484615645
552161998
968623330
101554863
412869928
924654128
104161730
997648173
633571360
334680407
285340829
430494132
739749086
957272071
63674552
228431350
871292163
860654492
378366962
85357616
71041363
383443341
4449517
122380787
220429754
767391731
220500874
890650794
146734558
384295700
832910163
177128026
425054863
962744425
753469761
788985782
175981000
302587261
537666418
51761886
200134746
615507849
686411908
686411908
628087412
136448633
890847127
67105446
240406090
752141443
150774376
764538376
486255318
10271453
838102341
323924926
601580549
782936841
670903371
988328001
310436155
458090582
530049142
626161587
992685168
648048799
64101115
631155520
785540732
405904041
395627579
423113242
835071148
347403941
353190472
665084612
241657584
725041317
567869359
16270006
205940935
596968150
925915516
475397504
201671882
757566972
54822368
88408397
640370995
61257481
344398655
657329887
619458338
107832217
675457321
257094574
175932754
472055518
438274069
60173757
182856368
398323853
690515090
326038607
768107190
194664406
277117587
918168307
243230095
174687398
207133891
255741400
131166296
930003577
794330657
600916323
995320797
250966481
339748188
204516702
107143384
987918880
79818545
110124500
346473471
172144676
404328462
99319421
875814577
639753646
278232879
473012262
968396432
336335017
548667037
913678859
63622473
877545108
972340592
840311603
83503281
937385638
940609730
368350980
124907887
513101732
982589921
325632304
645591663
949956157
805858444
769344082
478022493
629116096
623023622
892288173
292465
401590203
98231437
171417901
30141325
584927842
120083038
180527941
962827414
995103484
221593220
145264407
266740161
606461290
72028565
916337079
915517149
833094508
200785326
109481223
420661878
562515399
974279716
474367861
177124245
527709485
878728044
616530262
340344116
841521864
242990416
50663368
903000075
392379642
799075216
229947394
951029061
117673387
609273961
344234458
549651675
915323471
436195518
468235505
299298893
291965432
221700406
375532976
836169138
432957905
144637044
657279883
110562492
517959451
984072505
870904149
843042050
269660314
756331701
39012374
468677876
911959831
258157112
697753870
316262977
553156193
144967932
715449310
486700236
358622808
270480571
866159419
942341154
62344258
47608042
136588823
378054873
513564819
613858089
710311188
413313596
390348613
801676851
773799684
531841891
835644441
529705409
249661379
238742182
614201189
615494807
196233914
706854781
577318053
86332578
98797386
391793210
372691657
982163421
955863728
877137478
133414461
242303481
229128534
930272478
781625429
677176467
726337492
909494899
167216186
16440024
730574210
605356584
679803609
828744220
957881972
730076942
944946654
815623463
854529982
23215541
93979837
572333727
237934690
369044869
501234822
759838949
795141848
485279287
729112899
402205197
816217936
555286703
272735533
675905980
9885228
990345253
938423805
819083415
347300915
315363538
126218214
809279555
449371723
362278287
508422045
860753795
109389346
484185651
807876615
907088732
271212545
201942569
544370671
317734091
62784402
160794609
65912470
405707628
774221529
294746034
722043506
668416230
187555543
125793443
659227964
419065744
670144005
546490777
735990385
207336508
580514922
261369047
611598052
572513439
820106531
174654904
363772585
124870434
96613997
985449666
331496709
939202439
981830262
483774700
242471799
45792173
544655665
275397409
701828157
254470501
641664871
7752740
613226939
525626827
252435631
889944412
415839228
127770711
965173790
640959385
343676585
619375538
474975212
852859757
205618190
849936146
665377300
556822950
678026810
783084941
408320852
690507158
944088867
157967485
123695005
278675102
57086661
259828797
485775381
502765719
290980113
698637659
518930082
209729979
831072225
3068715
949496187
377389921
252555937
155506455
667624659
137201290
482721839
625308834
798695575
309306464
584684175
637346251
615973676
660847832
339162942
223680305
261227135
408645761
562152604
639220454
680016736
642322286
43046307
751849280
331960802
611881202
369992862
595995161
487508857
57321479
676567752
386842847
354985748
34802454
500468332
283198783
71364310
582427596
950469459
776326162
260631842
938023333
6080441
237415929
900913036
434820945
823058075
948227311
291658415
690868954
295846683
16927389
858190125
321689560
204681944
319592880
181216710
201335093
319805378
181906281
270104679
959988837
376681558
255313036
470200136
147430131
636702321
151258137
383495880
880088612
89258637
750778515
48664111
727936023
577484188
519400364
503120694
57187127
607064568
335363790
182763613
759062493
121814904
292751349
654813141
165840706
678693474
371707726
660360392
766770712
192912594
303457455
728826280
458474035
675036825
555893093
797500906
785884694
228649971
346182907
531767839
352871012
8265079
154669551
40689652
80409721
659607460
205962774
913219759
917006632
802337582
428085297
221020954
485419392
337758582
439698196
788797434
753194493
978254601
585752469
179849108
909636935
615296713
902583925
738445185
393703930
438280705
939247998
99555721
334974776
369278020
749683926
939278892
778933994
492416838
53018556
342325852
301138619
509398768
734076626
749789582
888719029
62512519
248882275
499348030
675036525
395547713
342992994
569764537
163139183
698778203
126785755
48952534
351045161
701922106
553988384
332435350
124599314
695898939
490742191
504482389
776559826
920518094
257869268
267833518
777202151
649694168
556074648
934336350
206984582
678268234
986423013
961349861
173598838
974819280
119848635
590051584
157842203
791872900
245896004
805615344
760835367
258940583
169828487
453341912
807487346
527537346
906253730
665707849
93586399
43170059
494891085
94255157
716310529
688737846
968072048
115530969
9442396
168523548
94777987
881014023
253070314
445603407
624984536
712764684
202716917
600482739
540685831
654651210
245971098
298907865
529771295
889980443
666768723
1292817
903258286
126314190
392562002
554985096
856467416
92199261
745300495
10958999
464517091
402463325
441908142
715438860
577015751
13294430
454616127
239067466
677278099
696419567
253741792
276033196
13625044
505954338
53158628
139942789
638508705
52608823
997994726
305543324
518937586
301703948
147719656
708712408
694649926
492105090
903727776
321676923
345037179
319240922
255193473
364378040
431187158
862786150
14848278
369893457
959944691
559686142
914548904
273498414
796584224
907768767
676323234
703081281
856335996
702828783
516952897
824152066
945652450
407807512
16323313
830948514
872830491
909204512
965140768
855415150
435900199
4930735
323849914
387707363
594756372
551202532
779713927
388436778
947561502
704945757
49713508
748886594
192803515
927980165
304865874
560404711
99203845
205454457
339944543
216101451
458744720
50573062
894507361
654908362
635167134
896619629
316212293
886420340
30104817
796430774
475978813
719051546
464982788
661050405
87717213
16867116
236085789
315860505
522866988
862051050
246794607
699287604
109905208
833670224
349632852
747783452
657115816
668064280
60324255
460350877
715624762
142894770
539530496
53085889
138755392
394383397
41757112
97075846
684558347
692380257
976617391
753001270
68885657
487317589
242424050
860121873
444174923
955995861
629233639
366534612
473618500
163686735
36383473
154850996
836806441
954881966
837224252
449356133
346601159
312102943
582048525
135313557
82280154
694137554
659427578
4622610
609656141
764379940
272537826
389671094
514490804
495829467
791910408
119472421
603845759
389973122
588028418
324699003
23414873
961683705
538601930
933420153
319220751
278508546
752706324
991264904
201984634
423272672
468724261
242067193
177083107
143952042
21924091
161218985
956181300
597282124
252204768
183834938
58748642
508907904
877662163
841497500
974575381
795559731
877956848
406613991
400551414
832289539
947606559
258756146
140573600
357967729
118474434
673944650
606061566
79421997
757977430
719679444
107156710
267274306
732781859
378874603
435766380
985504861
515201966
12106411
677451919
358701167
666012123
663176384
666582220
913657494
416063735
416063735
890626648
974324779
72145611
463780140
743843154
498715131
758454680
742539823
537716302
187599639
222683215
928391940
484255240
29613445
203124056
845646393
264160781
47658289
869867437
298064618
43293211
850494703
147788534
935868803
188440095
141158870
123315313
782653065
560876617
668540710
978078521
369295376
411984195
529271586
21662932
17282476
207160765
26585642
403435977
412452941
493739330
674201517
157741072
625751177
518253317
594218185
368507328
617685924
351115523
679382983
89801809
670018964
880226429
584258070
480480517
130032463
257220377
568268509
698787247
970275456
438608662
629328420
230552966
978829919
743795875
314897098
345146680
519107848
568871429
480712912
849889880
189543774
593656485
170929049
973120091
945525467
234962834
680973615
976809254
440190038
576165709
935187165
577699260
732530845
397580507
664045265
517434613
99840384
266104277
407557258
956084131
153226604
197038441
638850684
186877018
375104783
699133999
950655936
261392909
491754296
196977680
73781332
637053203
166197733
280701508
707096930
5646616
936941454
624359250
469066560
713227070
702798413
848396386
774972158
721125528
291348356
537442307
493362780
174273910
408715494
232863978
222695117
723650807
998755287
449709677
102205400
518539889
304625853
213760935
942350863
233550913
745249007
172625996
879653647
984256320
984247557
282097171
82351553
650931259
697493717
252470263
251008383
299502309
89497441
585089
832824401
212682637
493913062
666436818
829906598
70593254
71048916
274319010
53151052
531809539
705286581
891403603
39250373
238077051
35151768
792221619
339263672
393766465
468368322
208437653
91670014
872305761
799685362
5949357
170046108
137516831
641882
50851473
35926665
323907929
403078022
144717023
573969278
283538219
979916919
177737098
762878281
29377010
110509019
587189594
865256617
613261307
511255394
191285207
376237902
200446894
722145018
94457308
866126590
680973516
569877640
911431693
834616337
830951854
967276152
366038328
662383817
127414333
969328934
532033015
539878990
397370915
712902575
119176069
602011379
429792386
517675882
36810990
209748838
960427809
852019516
824910352
951042732
885778003
965944973
221894176
819896714
946756452
240605669
468039579
197976403
709746986
51895750
645177090
381741738
697999948
873019235
618445782
917602074
344648804
395936188
367583951
362237207
863492544
785018361
830723377
207374970
443381299
650225213
368261490
272513372
92530994
657543947
395367877
312019173
522224228
194765720
279932384
833210750
712333158
566530648
749747927
749766782
515479573
217897680
16639086
256508666
305791105
195080701
437072375
86884191
17963811
786600551
740788339
877906922
501889104
969947338
501995257
536092967
495493879
479229548
916800655
53504919
890021356
995280499
847012827
319495201
767377185
673810087
716457597
255764768
360700385
417110387
293327994
300818996
126242866
9145357
230743475
379104121
662253854
259883701
937938642
853197051
915001271
297592594
898727926
418758952
838100118
536764704
641889467
235871347
999490152
284444357
170164357
946857832
876633666
203199955
605749761
834241799
113069457
208060945
42495769
934148347
864620136
741142444
22626646
156473207
311500576
372545152
413047891
334654538
948217433
351607921
814593321
148642200
898011803
743343161
559514921
587848514
206953446
66362533
612763828
751407176
740424710
531775368
963840958
820015177
489836791
161384233
461439840
841187116
317629149
622190101
351597951
468383251
428393750
795905953
402705582
84207177
306764410
621147659
171616530
879318902
35082262
735536384
393492281
102891771
73260892
239248549
115837982
930807618
663125426
474766926
520155135
729001812
781812378
715164713
102841850
85045937
550236913
90855540
94550563
977769732
299579863
630835449
120958155
140002369
690715632
690715632
415803204
754597222
409419437
132725976
202026637
513853760
64799394
199870215
486906143
619075613
749747350
236781761
210311894
281973513
828421946
424092585
348382924
332874122
855278599
284577564
766701176
541480606
4819925
107694492
686043578
673107995
940484166
750021469
326342552
195686694
384649397
191061683
722274347
886279064
595728079
200859214
294632350
670296690
579202535
268026103
898596624
286175917
723688755
506780412
850554360
813726548
667318359
409734550
41665465
973443109
512411058
721855606
791084246
882644458
208200358
400311179
750258900
268233490
768825162
714124371
493775434
175368616
505011471
659711992
295897606
171911024
361572390
303798864
171955916
208245756
455244948
289067219
396186874
859577630
160041658
960326226
609715453
676820553
610777452
409881165
283442325
699802623
34597833
454410905
857987253
233149938
162551445
235955722
719750204
115527420
888238211
996696107
167347722
387545362
193955005
834458071
465369
808801065
43449967
191205214
184752545
889894132
639285252
254199248
44602919
79380987
212718401
482042779
784236615
531033577
25718574
491186947
192436699
660957912
408915637
847250588
407054306
851028086
740073867
829409557
459542367
53488369
27899854
824904744
795761078
596758876
678437862
798890151
314956478
72938551
808197494
874874995
814401722
352580955
160220281
99844742
609909803
154931031
181794992
10240025
47807952
210069871
547161042
134943806
530140474
467372358
2637106
779732591
481632804
378589112
574131913
144219539
806376545
759451856
183897848
888420950
666987658
252587775
645556415
309168864
96317064
623136814
121340864
594272806
309548229
797668029
672302693
613827659
39385705
76332171
795046363
186080276
9424698
702653830
105758444
820132935
40502741
556887077
803854698
890493945
463114558
66502813
993589699
17475716
123493512
268945441
956743993
343401593
672714312
661737672
229056388
634523371
797251526
171568247
165845400
371667360
869426499
348776581
965020816
734607408
62249146
249010389
860500515
786940593
309755840
877495330
78467407
603147749
361303381
768761299
236004362
903738167
764125388
811316237
430768469
61969782
702458020
549489825
452772625
917550121
705574488
589543249
903071561
44199836
653066550
261861166
206972058
463776979
515955152
747828312
966936890
865169335
195821604
998955118
828258838
235411766
523281064
471088072
721235346
609758461
25462040
33482341
58713256
904767764
13912710
96947823
849300588
310318996
477800430
351786685
19883875
555486148
904621440
85276566
894371835
173868086
696334750
813457079
672231091
856735691
586330606
510440149
534440691
545279815
987831146
124385693
993163237
292297793
763984407
259004681
764484909
932461234
995393867
123188019
470482137
832247708
891417729
362845912
641875455
572925248
521642611
279066578
30211379
518989438
278671024
298983890
229712417
84917364
326535084
67578550
68703780
973326984
558754339
902009007
564162761
801278976
642027515
231346832
648427691
14953617
923264641
626450431
425386292
890580041
176281518
523080328
18170388
339201073
207672003
469345901
405376942
697752305
955085577
193311567
166437458
899592347
493992695
370288597
346650768
886937969
832717470
347540453
833210312
7754275
414148096
872910543
20867771
741954137
528996108
506212165
584801143
71328513
269599736
731283652
42832643
201346898
876338153
388789082
147627857
718257358
174163705
192732983
343562187
939432277
864437608
762816013
374326212
260198620
33120095
828481613
33503232
280291102
661794847
30482610
497148319
191653684
992942028
366112825
660519972
849946614
835412092
839021041
614893193
199800716
151884321
663297750
954198762
274443490
251293992
755963842
898723439
864040433
445882336
3009256
429821818
221276000
770937468
556384436
484630257
354017868
169296471
528804577
618760052
468674146
959923407
109170955
286138695
109103136
789793858
240428489
354095379
223082348
701908348
578461992
755400235
985678066
454092505
392427810
800475176
854297850
13351726
463555414
60416959
255993168
338470235
77074541
819845328
651882423
91362218
70510784
797200867
154045982
639565366
250479186
109510285
847878957
951091159
290480493
906678602
435869403
915327954
168956355
173742458
262936828
743078814
343738060
572754364
83814663
645079359
809737260
85081211
774341710
130694204
148438093
428484143
511101725
344912236
603267094
166500870
781098363
378121287
226714989
959184595
507393811
386328418
59002633
859523883
330176135
610552019
818098654
79353106
867955581
873630836
238193582
722832918
678823280
592390821
257007225
469502025
810702798
61994234
495966913
909542761
316528254
155218999
469208181
942056780
698283852
537411803
694718412
302525378
469576036
849474120
976626252
100476517
151780543
342790703
348046151
509207075
195196988
923985232
137865494
870944205
430339724
657281997
988456113
138500826
777105903
444585653
512488999
772954058
418639644
674328
555284189
391603300
372656184
726459098
560239413
208333920
950432907
677560883
233826353
455710313
497422530
19723205
372975925
701937227
922658357
452523763
510765257
893564768
490077070
421458661
501660766
993126726
72787154
951160557
977679357
145469010
934122870
214848781
373965558
473211269
775320895
102019362
263068006
805718293
959805203
757532366
177516411
658201821
797634874
839987343
789815454
696719925
778286357
470464858
907997153
310174228
868443521
896982115
289714178
439853653
109574276
744916076
941873341
847302021
775616787
867116571
952073841
140854283
246194611
911735345
772490352
291770580
690866146
328633779
223710014
773028339
306580307
877027858
707181198
879960749
734545700
782596434
671332345
43551606
584671321
169351192
530831799
523437936
810984258
732231423
297924569
912691387
218183857
171917313
91131575
94870316
331170373
720745584
870765155
277802590
803610342
985876047
645979597
4505578
922629676
627026890
208987329
97236286
207284204
985162931
799316579
985719870
75141449
684591485
850622909
580681743
561951078
520736883
219520066
519578713
914045432
620906329
641311285
851412428
180855536
785864950
172975154
53258687
704447620
549043766
512343276
772694869
516979794
865254513
70785966
869809242
11429327
648738274
67684122
861441780
390234703
163151649
718080440
638145266
417847712
69768777
686433898
300895717
623354989
242039981
803205584
797702013
344034984
699850142
160799791
995136388
543481315
354308126
789751038
60566567
406674026
636749675
127977199
491644706
638264527
437219869
468433693
248734257
815736687
797765686
705359943
329683577
892056084
866978544
670597382
785658684
752396422
118029529
117875249
19080705
116046083
60301945
988446111
743991111
394115450
410096951
134164313
230988872
297655709
764086242
240782248
327112684
652719399
790510709
530444318
367312434
308449323
818402496
735435240
309121975
546059786
662233480
730398653
146256063
852445493
796646979
253821525
245479982
158234865
238583908
300491875
461248721
590116844
190826159
260406025
416523433
163291137
900586170
670288053
612711303
591315557
648258148
660211771
622625567
236543135
726639671
247252481
833774344
270027792
76243803
863124525
576598894
783994539
637661111
313925699
654597971
642293499
356289581
694832088
544359117
860239089
156533987
976645556
443538678
243583607
898214533
817250868
256363853
455902646
49256016
558102324
625752830
145586376
656079973
809126452
17712343
114499239
643834374
467697579
669843318
31142806
339315183
336472916
588941615
384748127
876279722
33802384
50529423
294459492
518043528
132467633
389274976
942320577
147857049
428760769
55123470
418907549
881076730
396750356
474550022
134270582
157150983
467001511
714614070
231969674
365881143
263182271
738666048
388101105
113639070
929442133
606870641
82287261
766545195
600077223
711542678
888054196
147071891
539080249
33493209
927609246
890812245
170173194
172734265
151716013
866914174
227031460
95348374
996524974
532965441
42723824
194576297
488992308
315382676
202847661
190112329
976372891
23975917
72973549
852535116
890762042
352459404
843079979
427184686
978184987
958779782
128444108
965202822
423123784
640953503
267309133
860324424
950404499
276977653
339026952
470247921
657586572
485004502
88911388
537033854
321980980
605573505
684870015
364002580
363350156
648129256
662410259
163858009
751712304
191580453
572845727
658134177
547105669
268226
199462609
860518786
904803143
843166341
101394629
393603996
225746614
963830652
962327986
162118643
73312639
384443260
684036074
87084721
467811113
285964362
433128275
242419094
145201581
546877750
412700520
341371055
51333905
940601108
41860255
269831081
996936191
788623443
380359184
414344897
200468569
495373411
696030105
872914851
868832032
304571513
882033614
743828991
619566895
859840146
253121661
637769782
890186699
425645456
777140599
631569443
617407954
13223129
482536805
353908773
497792524
170174276
879863000
193360474
342557245
927007556
444152972
643284848
307051201
844028626
483119305
337957536
711486573
589857412
477173078
35897935
139271815
318992052
791157579
618943539
286661820
547189514
468460429
930065152
407564100
681228938
488471173
535135398
591363953
158550571
605629813
898831160
670754939
555715830
14834058
361394127
666643840
403308155
728465924
301862894
302047502
532924063
808498532
758686846
498716256
827972389
410686179
885576187
845607338
999784568
796346587
862023267
905422601
788363839
721044510
644045238
695883815
145770428
17619049
385553569
303601719
542172823
753262773
166713885
974215040
87181762
726374865
898825274
287656871
207651668
7080322
961199197
948592597
495757855
989612260
742290955
527227282
414846059
427775587
421103093
835122354
184271894
281363436
167716188
178350764
950761232
557482787
382305546
289525927
769949701
25740135
307809946
137735123
267014
18727054
607527490
753993712
105194616
682344607
229615832
395160358
315658985
130396049
604321825
886012826
181009212
301771443
485378049
28017585
354408051
491974024
981544510
188408643
602597172
729411303
786557183
39394528
797109859
11517622
328985761
110995694
468787944
796768809
558243139
863381913
3790324
960605268
932026438
60605647
998268272
694105796
56619170
300537223
594648744
138070594
847055636
589108691
603249680
264489184
370908017
261810231
507330860
422830086
274352435
127091535
192229017
316081872
987634364
67729717
789410779
120076963
219249954
884289406
23341554
306363829
635854707
571584311
466675817
44509275
857783512
56264626
446487169
891765691
991350032
332087826
728551474
869381852
995979879
10199558
620812973
560753254
420440243
610788559
993403696
859529418
725197015
961811223
166453467
549692030
366148547
96056329
523985798
457322007
783993927
962958120
643945320
292588055
645979089
854919051
643274602
929624036
941579995
615007671
851704128
932296565
957876482
754125730
398048788
925316066
969115045
864368704
643148098
103002326
174479394
323065039
690724008
103633016
674684301
700876201
653808460
174411512
920614737
312570367
834693039
5115490
834747912
579231537
440715452
16710448
681484912
95701402
363874066
174500199
49333714
404125438
891175028
15836764
765630968
37954416
651252234
528127475
694083054
32924509
117004315
613658805
927375253
920546494
871231066
822541158
228860797
706728441
651561859
137096867
815728015
449842296
772081678
785363239
509681464
76194615
517747773
521295283
558332736
227426818
189133910
688231254
599268335
891786394
790916095
176479615
931985000
112234356
715863026
82073677
321966718
938397882
628360434
19055546
676359329
439497034
197923251
583447867
515953237
178021652
628504732
323283942
22223661
245400974
806415547
486314829
712664011
869998997
332294167
359659107
419753447
784898920
733091827
887067050
645618759
447574936
147230674
849031974
396365157
368637110
744647681
796861196
837300367
340937222
361305283
945682586
494866795
20560177
613726964
148416980
577150479
388411530
809548959
400950202
940121493
910137546
580083824
412204788
871993094
212603907
521635845
755919560
988694829
1300862
991371211
280651646
970983219
563996927
331747029
85785099
137741412
721363148
688506330
138908460
986612878
687180286
234422784
289487802
324265354
218045253
997535676
810194882
820949458
617019981
130977307
111999342
184193913
191863670
562690617
73748690
690101791
662754028
265116950
639812416
246467890
391282177
259133727
886089263
999448753
85970174
800022926
464398275
724266659
760627456
186373467
574134645
438920602
55648660
729715299
842114987
712574598
312811378
329744316
351750110
980217276
851698391
396588797
881390481
145213764
800382656
702852330
51623772
682915576
488925769
852465999
840624713
654305225
193248028
223374191
706239008
909771674
281796496
904463969
476269206
988365489
3317989
145938341
838040070
388282560
81870242
857396941
425281972
105010043
354472366
323556880
82875230
624861593
661570123
194965200
52441029
781104195
343541220
589305763
90839852
942941190
884977902
269909471
619028050
526837635
57668367
677646706
460215592
264574445
529757581
154486105
570709140
391634895
693537856
94962398
223901808
791552978
114289707
265350888
334418369
785627743
766194000
492451584
954109547
619966467
270904739
754272644
811215970
314426694
719023356
108510998
395866501
783539404
382482495
932922354
572484624
280210163
826176897
876873749
145542514
965040839
366526667
662987037
909167256
973158753
479092560
702051198
592475741
318765954
2052600
682948441
572573304
35128439
713538662
585423289
644831710
696392912
743703256
573813946
474667414
716146749
658239787
521904651
762477249
647556510
894335753
392125606
948088742
40065895
148396901
581711061
105010823
848631131
534625420
634831123
382566306
987278446
675565384
805314326
886847125
877445046
499841754
15469814
477248227
969060131
114523525
590145160
421691944
271176939
56043938
643545194
772538983
473495517
978785964
737748472
920088034
429874952
725338246
666922639
882628178
717586192
74197882
937738837
643865805
458420256
57174582
349790731
66014568
38810966
483868173
303559392
848384887
435066707
173202286
426164732
564815044
942778087
753571097
408137585
223304397
432886947
629463110
952165553
741465859
714668448
98972636
678974759
335692673
411207678
568983200
39997930
660193053
39139412
268260109
441379545
949664579
830568012
587728774
140176862
465472915
886236658
748924110
516963612
411853977
184382377
736294047
154611460
968553238
172568850
655509458
670556606
242519663
460335290
91475998
903140122
636363761
162953818
309121634
559344984
245830132
653863171
154998043
494874264
306904258
999084326
169891055
211940819
754087172
940539869
111302932
491635763
109657150
948806675
325065067
104629432
44572419
562083266
187495572
371933917
889564741
246171321
648147193
440733428
737840818
914895630
295349159
763454954
844612820
622537203
416913673
582941178
659106507
230151570
554117766
952145381
469595775
203528152
906195703
806712932
791914522
836364765
911371839
497672711
452011810
415513675
875545677
61470381
470012330
871604801
221042962
880066716
974324519
19108518
736701820
824299239
606067561
240539439
53532683
955522617
804221646
155805690
125628572
433773400
663550775
589059092
305589090
329844114
141052906
517171535
903984302
624102329
862896127
178593637
9640508
234089276
198032787
287364434
410069834
556659782
113148427
43521613
481803768
299536290
300228096
112296374
79282812
925231723
686099020
655623379
364932634
363703173
14284535
32147797
42833985
793244384
525701161
243531381
157634622
501321998
415803397
293817903
565371034
118204095
244132120
712991507
217667074
442771663
2893853
974708241
838392074
926721629
998064672
73691397
370261200
916313614
554608196
335508371
554413851
190439516
108734905
222407313
88196308
695481518
578272085
453405594
908915148
965510655
814791991
700691061
504629246
196666332
544788392
717311789
279088697
461452639
358299634
560792097
777832574
139612434
717113452
342277350
590751374
919187674
595180015
250790881
501580304
293184517
575778395
700984194
132900359
985372406
963660844
503783677
593225394
592174965
493956566
681880698
581739735
692510825
637066790
851943154
781358393
137634774
9477694
64493595
908347576
979372023
706558229
224842528
584151500
571903503
427684005
431927383
702779377
558351671
957981012
759131637
949439592
707443953
236513806
476410414
530467018
430839635
137746278
471352377
155622188
276506930
909794438
297162876
184348407
397859941
819963019
512177920
824142761
719840119
80906255
718181386
602113789
547253793
596022370
383917064
122899992
236136476
460261076
853226615
231627199
624617971
422411955
60874093
303615766
588539736
981805661
796051498
682482606
321733967
939627281
630859926
179615654
421173062
204503841
961711888
839724883
162557583
412330253
983743203
669039063
819603401
922390641
657501037
34451588
156626735
995681297
577778348
764273751
990732507
737096857
523424799
468479404
684765924
661053092
546946916
164154553
585148390
422612683
335014326
600541197
492615519
533948271
493726691
833883565
685892156
475387983
923935648
925749919
12913827
255035581
430230999
424481089
370192725
603998187
437390270
397779133
848546014
308473586
484916527
303421983
286496506
395585065
809163013
198537370
638099202
837943485
581246755
830269252
589396426
750532370
894849104
767411519
991448596
991004133
946204505
476734364
370205481
270797404
216219663
258979867
369304016
508690046
844309381
674414212
639945160
417996325
712114769
212876109
634936925
592954208
236667282
581996113
858586663
539122181
995337315
794258401
990493472
672906985
8792374
13187587
718926307
402041933
144357643
475201793
366993645
711897963
629046695
735594153
465010796
292957020
579069659
924046808
265533280
411457156
831903537
504039869
878763786
438707671
954267315
525133597
741561590
697369258
252066992
981417692
864422728
390841053
794085179
863619980
662204904
4221972
79239012
487400740
848961286
337732955
992720460
928377859
124509935
434333686
360081104
434011057
563267794
250957933
209007394
920496125
74169786
235774941
995680280
257628164
275361238
131016167
955574635
531269712
671923212
435623534
681250238
792327461
970641812
597713649
87545571
587778525
811773280
811773280
715576691
29546433
351881632
904133472
249036327
932065617
916747177
496840836
183377109
976569279
499762280
58150013
910847190
413051595
901078718
4734240
215528695
308798299
451619216
623157703
430364813
400385813
753027060
809907945
549447544
693168387
609563863
849492752
742151221
258683800
907588031
403764334
506444976
142219581
763887712
5427397
995803805
429871210
131399706
267684536
628073533
876414014
632005116
461125502
933252815
727063457
280720309
810857830
963805233
245181232
179406396
419998415
265153007
287182492
194515578
490633507
702812735
529120020
751375663
72544678
767050719
141592448
211931977
161040908
913760156
79948278
425627626
267724460
218942182
783138271
459154908
209038231
876638472
471675492
684762239
631908812
313171485
312670279
944641070
876466153
976755872
15001869
702973249
350126943
866758582
358594054
374495933
198766264
600737861
375539359
236593032
343751812
191932510
567367794
672330561
984629445
189609139
804774091
491772046
327824594
345836015
462289171
448718448
51614218
360431206
88332643
901946824
660182399
830771121
191179148
647179945
547198142
946584165
578956795
831530816
570651179
403640529
618885493
291665159
147901539
835954739
505374361
404085597
474207742
285931403
882578763
489047004
254485897
597521868
371594711
184128161
290924035
713192520
170938362
530545426
114779262
728885569
885647388
364136351
674579816
245410795
614422767
943815353
348482501
322904645
496788525
212284246
492770512
709273422
826264026
275086113
979104903
678042066
691832214
375155777
895390887
340055567
725974439
854919926
879912662
879495778
189519625
719641364
844341624
959616267
954680900
771084153
547527033
193182897
745232253
358647750
864462936
138784722
371647110
239216488
798290866
177726704
870930401
28722189
802164227
452844688
956284561
736751029
358430506
375094112
131178746
506528192
923193398
415428465
393186562
918002295
406285256
679728374
348583052
546375732
639374896
887309876
61024449
121882419
643303780
97224472
920066168
595439908
300619374
482249250
340224887
340224887
329165574
54488429
148957113
458880965
433352297
706323869
756519602
590867038
135225037
223053489
591268135
871978103
51165174
353693164
770118873
84869852
737531277
979619615
653917935
168104474
400599390
398356519
12509733
51156765
561211705
885969667
422812033
650306635
217251711
354343297
191034070
700022549
924063130
580385383
767815759
527524066
135040264
223304776
499066265
970011331
871031926
30712665
846535680
280844201
807642410
485063081
557028370
401676987
513881916
381790413
502535072
579869890
254842004
719975315
284806579
363985419
801941063
151760700
7143446
803756411
619856068
450464625
668108274
60000800
678736731
37132016
855179285
14822184
720208767
557394710
810690515
939114681
509354770
461350444
271782631
846460220
934782692
383255202
32778239
545590168
868302242
236880120
139434953
571492744
358529828
492852812
763399731
691031829
197902879
907026193
572501915
149560126
826526792
132167761
585053690
1719063
638452023
107845203
800780032
997984507
941518458
299952401
973354400
617455291
711066495
199734241
705190579
414146941
169002676
728253467
783610382
487161395
364656555
812113302
192017260
517073474
541052902
749482774
384639167
824711788
975936092
624721278
857054489
284897752
503862340
197874986
349721429
727603524
47019131
936110528
363709603
639592957
30319920
450301989
121495070
457769173
483437438
458097859
702811308
316216946
665170146
574187463
944212108
570354041
238587340
729754013
537668425
747645543
964552505
759537844
142516651
422624497
782648451
44036123
100391484
784225327
383326571
813852709
216379416
120243855
961651181
41025209
639862762
660109989
872325701
833416038
180459250
460094301
173469450
617368026
683062952
933208653
795851203
253884301
416063920
692334113
469268494
877633342
241365235
852012945
28750762
45248957
872607369
29304000
172171289
672465762
352306371
610308923
987891384
771421894
616612401
405595702
94720603
382624497
800917721
827042338
846629977
122690122
432415906
376328985
828532803
539952592
16259089
945192570
387204213
107201248
47713936
702723989
359361227
71796687
103098633
285385679
386100805
346802456
872700658
937150991
430647264
792525887
987947638
958684513
93071573
260894743
254259655
831888106
27911050
201996006
300572961
249462401
382435710
894738943
517834836
744971179
520830079
308873673
339731881
879517615
194773593
754193228
777142662
338205351
353585267
394394825
43205577
746749955
263589309
947908401
726807409
68434888
415274112
516997233
369568477
480637959
135700292
490450529
327691018
552974626
259781524
449068472
138662866
862884196
982511158
980893492
811945156
356014111
424189374
345545348
908618703
571239195
410391268
596823879
872925411
416060408
397875989
557457203
526525628
722002559
179709978
634133245
749557187
136765736
538131167
903772751
379184720
336870173
131459869
458842521
205799523
125873242
785085017
800406387
640346396
216679744
452582876
645513670
621617667
404651053
962272539
640103516
98043521
100213371
517379117
280554259
935329302
145883899
889429432
158458387
212586761
588056134
790239228
726341999
130750038
279005050
836399105
147813207
418619742
257686269
611839862
83164241
611902812
282972727
450783629
850876554
785212239
766835038
617110896
597727667
85182851
261825583
637182626
190044644
514395632
203565144
223609272
448434510
188006473
311320309
824633170
252879498
343135678
672103946
855378039
332033870
396245821
940664049
339455227
163941342
857490182
425544130
364961487
516026011
293119977
661286709
49773278
873482459
585939825
149020383
211534833
587201958
16619263
265946987
873472713
532433246
157843769
639709363
477434123
728423371
988549164
637777019
383247529
947938893
881597613
190634391
590498171
52520891
780364576
366379851
87741702
934614722
399787540
921928931
812954597
20159367
381582813
110660183
2172319
603454259
127379504
519995907
129891902
974158
168744905
747992396
908793736
432631278
955469526
240206710
314591336
29188064
876535888
359900725
622392947
286687960
671828099
268177232
28892066
643423264
754206976
667780016
209880776
593303302
306040380
787856845
505157523
236484712
928890401
728789455
552026448
436444905
36878161
562591900
671388230
970343622
589348242
381601424
805124494
725568918
753641302
262844820
746856859
514886919
111167814
305100981
952320460
82618113
45953928
797510591
923857544
94819681
812905783
821412689
411429125
878930364
218362348
267356379
316023493
201313427
1020103
500720309
354210055
213875806
966235453
765416904
202573366
546257095
864869179
595483076
988681511
206366775
486662532
288054738
380996987
375432246
785659260
588387469
595656769
706058473
439140428
307333255
664166141
870539723
22446053
147070170
398291956
456903290
696533284
246007658
39906950
947870737
827217200
605729600
399124717
265841596
128657927
854926849
621957579
939668370
282822618
593760498
930299368
423690545
836638488
827466503
580007270
799584530
144216796
491896060
57437765
673185669
356556185
962044460
115277486
396898803
487567524
959197973
546462526
470213419
857273737
632276439
675445536
138921572
929216783
653542979
944243455
470803055
2514824
730651936
394900056
966174017
791736247
625581831
230916065
290117507
789710268
391278763
937426036
211717630
238724866
24548552
736254018
430968724
376530898
951369231
483089035
980189813
810424483
1791046
451539940
191470304
333136808
462766497
661142302
438781458
232283011
455813603
135289140
547971282
511564180
794096171
729102520
652767231
64907692
541265093
329437875
974586239
727971876
925471995
988336829
549952064
218879857
394239774
706489051
898650823
197472083
619852361
334115580
225724375
655159249
259831255
182872608
830357047
710516774
918657694
953337866
612002939
275853945
433447949
673313195
537957187
42369
492631299
706333348
910255654
904653085
591912735
148947982
850391158
794978315
827567014
372059984
615499139
859143340
490371790
906754140
97245634
612260786
847887407
823005520
217675990
562095552
712665686
736399436
204197296
25120423
544154584
288976899
210923274
825513571
883412305
213701116
730380396
951623592
170697948
832532983
260980309
492613833
731319557
412542630
18260185
156820199
224712824
471951169
26749448
561578225
684918582
430732959
156210199
689091670
887996742
488668798
185647273
581760263
101888389
458059915
12056535
716161657
397947760
501107707
932580670
105736
566102289
870007049
785554046
512637415
554575898
448033985
470029071
859596677
422229391
369757647
240795208
153193017
306673547
503736619
475690605
642659895
811970223
397405909
24286647
855979151
493086329
330695370
296797861
114147636
514221951
26363236
962169728
851541101
910040455
239536408
298405857
62103570
240324679
898584022
760857796
340562719
387168353
478601314
914188342
894024475
788438217
436537627
174371927
683346957
662883540
105205126
421165750
359441120
398434099
560077342
204443514
203089190
815390418
655489864
714860555
766824519
237567668
836819189
862365726
879412776
586723632
517173112
322706928
372921360
457090983
429354503
21310342
67957183
811113909
42130182
695927162
912131566
990370286
634244209
157415082
458404045
358712944
499752652
755824376
545052890
150762315
227060525
445030955
246877466
750017155
259805446
329957671
113234082
403990393
998569233
356218371
925713055
925233307
404692929
617894647
468546580
803578560
411368704
360173437
185247250
790270256
102394058
899714512
28746819
957180749
274291962
604127281
436957708
526478881
483400557
953486754
221342571
118266034
983548934
18764140
382402506
722901057
834351093
89713302
717886261
824150208
486171266
318196871
179247418
375033335
883741182
752461329
987958357
314476709
509463511
533549265
601657830
165764241
882526336
686669713
126027438
731840151
980492097
810922231
955331310
75496703
398788967
119619650
135909647
624302123
176641701
477727925
274545622
753055891
211568058
788781151
660639864
400013658
924033907
700160687
964808
597507010
936185869
464362342
698838732
939554230
228385853
730761445
874979115
150831508
677443475
404737352
582042799
336484113
956808975
897227713
307905077
74154711
547810816
764390104
600507769
847377346
344889089
634736458
212127190
673993755
765877169
685481810
364651277
395801381
491424088
493547279
423111018
577432623
706774362
1344555
835693523
293219550
631317283
117217828
220285015
815625147
239294545
652092537
907121126
466929915
724246726
419111488
513752966
374130231
849029101
636953675
937369325
713910398
380890985
664690190
454445559
1274111
603442171
136917489
571723196
894107073
755914331
138105898
842751593
181553263
189141109
339150594
204519583
399984299
546256438
825332205
601786079
854751792
734368446
412559424
951815626
969596967
563054662
497383627
311450697
960291324
111825187
171960064
728603801
107010971
359420813
757835423
985552542
256106963
926753354
713075718
832031739
878011370
654608065
563024967
920766930
527785742
368056376
994005776
743625614
618031805
420419934
475358077
237225075
176391264
212526786
517972563
151076349
912417077
248063327
329562749
702019750
208958907
961870962
217220714
658619764
40054932
71781832
623748347
777960523
476420449
413751991
128472369
893760696
226517092
990170325
6721015
386259328
883192669
413609627
199503871
588851666
726302763
583832054
860961879
391107668
441266701
834369472
965145246
441906294
670723958
316461316
576488564
524878383
618108953
574053509
665711477
635319649
686347261
921305571
522792203
445575809
914817498
699956226
480058548
368402701
479347495
914971564
230056799
896234327
438513174
179734280
647660124
688742673
14437642
976545310
738169846
158831605
559965297
104744575
997945859
404784333
553210500
101144391
334219966
744516585
213887929
514647024
725609933
752156937
960168817
835650896
921153227
44827998
471832063
77904231
583952547
913533546
210195965
222452057
346665813
105391920
577220148
207344062
835611452
756538865
396269127
354161688
924359636
969684722
909218989
432395286
23985055
902871850
610751161
973761868
384865243
721212000
379054714
676638895
485872483
656145751
118148415
445110507
397232897
319683948
711603117
7408471
68443479
784423086
479631643
758169204
960464176
6486346
468535806
496206502
264337746
274712518
52246682
407641314
33178704
131594661
497810753
666723152
226086066
422312430
449993242
570113839
748202834
92453790
678060294
77942971
75126132
946765376
46410217
586082761
894191333
316472437
648353376
586272366
456406112
135158841
979753803
329295237
457226992
628172553
789691863
176172553
573630536
504949730
295083077
455970184
471099009
895543850
293582941
277807946
476354665
639194214
947622306
445554831
961483860
751074594
453972262
341079312
599958129
529279182
654392777
790068501
195475605
757617239
645017212
931317037
982781413
373256908
838543159
70274392
391521402
508228113
508228113
394784892
639579192
650247543
69483240
706178399
155869451
350387801
890914355
912946193
94138883
565114053
138065420
888680979
289666113
979518955
696953023
822421127
820499149
295369667
714308482
256181907
845719116
645742728
444091889
561149132
791286967
90226389
530618713
404047111
451417725
988210412
418009916
387683781
721085899
231952848
871037279
273075453
137342041
363995877
406906640
461436166
816997908
816935372
409401354
254047437
191294720
421271683
528576526
805043571
205748858
271062150
390284962
835487078
909894093
738567056
319530287
85619234
745791181
54384934
111829968
428155358
878491179
596280246
362536721
215160281
882366513
889517373
439553865
645756361
592631602
602189558
960753967
339933091
878967451
84895780
954703984
432467958
803144941
766396023
292414545
190384737
882418722
170052134
192771462
126617821
958519477
682918358
472101845
386698156
390973604
537660360
548579461
989336094
250241073
64199129
505518172
815655683
716894660
863978683
554407948
309136495
820195789
285450430
12134973
68564444
379590703
888194085
176788124
810214864
668564341
931538130
979175890
775462341
364450224
855784982
997401932
989184509
995466696
865052966
195477403
790732026
145478895
328380183
53918964
683697779
640463463
505854371
32931711
670589866
307844997
198875442
982544676
729340704
322616689
199964900
198519847
450567838
620815107
519075562
992417667
62532802
642516669
660334720
885109659
19149860
237658482
756144179
669247110
488008021
654415854
751747141
760177649
620096868
998815704
845274152
971481166
608852975
342964648
80447780
357991355
977211701
762508386
107686099
921355311
543660132
795488036
928799617
488092666
204734877
35247013
803496172
557866643
608787584
475958282
85651990
70303235
645217178
955361774
768081038
293676560
712328342
528055990
523957763
606383092
2995259
800575360
533412396
607287673
515834983
621981990
442590662
885193064
575860617
715493656
517572317
562060784
761311612
113904536
111901776
334450885
18193816
724556284
612727502
262618758
53383434
865842432
957030604
611662424
300490590
331481393
155648324
673143933
891867396
688194765
77221239
370714001
56131976
599478136
782222400
765246329
801432243
318776278
21160931
436943181
556481333
421254968
71630217
973503226
121121752
956947827
568149841
50297388
279145148
133107721
179234887
525441810
407936619
392952651
990968700
768532283
479751542
68246618
912270814
882934363
759494703
926646678
222551492
857196510
115396339
571014039
86721833
732527171
37096862
911605477
63618919
114097079
246763781
943730116
476626792
590058400
300285609
873759322
50089109
944246323
431598861
829405643
297400962
943673309
999264483
297322392
132198685
121116596
689541001
443520811
572148478
171452846
319232245
317472414
784664425
982228381
471141089
64932326
854592251
149454358
569121022
532848125
44340846
535179592
703377660
764723000
473752735
715002679
507712973
539997462
282699807
568713401
166447040
418125523
871810568
86695726
670224093
595024844
799881471
243201004
473355769
186786813
864983491
697588715
5197514
630977594
789283724
621513157
127185984
644029370
456252609
499988766
657866762
705632174
626636323
201886931
994289701
471689099
271402744
17410949
715877219
517675419
325610034
919773773
940065830
315795698
115568568
624602214
7373748
752531779
725644374
398330995
583264601
492863196
517229700
83959943
509440075
197801656
332222247
784661032
495023555
522388436
154455583
873914413
321635785
803251816
386793761
423885820
449178685
293238311
532943403
722482666
31739918
794912792
352487629
246319577
980188471
172105687
33611268
717180021
533288425
1152394
328056809
307925261
177519626
510871090
469245173
528631455
537689944
165296524
956730379
371206277
276176339
121226509
133815980
178714096
155728955
87776236
338324746
494479794
868182596
328838762
514476632
584634781
105370903
917019903
781552495
590266372
692507422
645626343
625872801
20383845
833646125
600878770
587778870
904263441
737078522
601866660
966020517
142100371
414465337
374488899
126261819
870210179
699145803
512482092
364094252
321130161
336999975
183116706
32631886
170098155
759645173
95609302
640503683
70828916
281361041
737660013
704962254
904464896
885091206
328610708
49595638
961524487
890027015
300023615
790302967
264555870
926047948
884897350
549180009
204801375
515442678
280628914
669265065
953373746
65362175
657366507
268403390
90975559
654467106
180023682
178149723
75931616
414725578
217419463
180094182
31387109
690307305
674807410
171077054
803199733
749992304
813618849
946478880
753958664
565958836
661379110
976065456
977838857
265730604
298246647
275091994
82046945
90057241
877410628
510376199
814808906
854168867
626195123
395333938
362567438
247879581
832747215
615642484
167285741
87583789
685942587
727500762
743652014
183263436
415548940
503288139
739937789
529004403
983387193
78831774
690150693
962309679
759853482
915945131
440928770
422796185
394461869
840476135
487389752
80505990
417371173
202900536
572409848
630936095
113295992
340869926
690054816
809373501
244701795
318238796
572414732
91817952
7450879
419304697
526606694
427605183
900652150
904968964
811047187
981935094
726571581
818080389
135972406
710984525
317243191
769424273
388944806
128436661
138714773
210244366
95538838
71000316
64657988
460397456
333510491
618355822
433176655
916888091
974793576
116941319
197434416
384315609
334698697
959855539
967143252
946240160
442287355
239853621
676993090
413361499
524483268
978564711
356547321
62493968
993318286
916867368
622695312
202956633
871913764
472653120
293913519
903157797
391569884
794214241
213005999
778784606
144347518
379159950
890959529
961484365
153040732
456211222
11229026
419769117
457762978
191727222
243312543
155167348
560271440
652998332
53657888
444521642
583880524
251690641
431006975
697758157
310616856
20860814
149403970
184536786
276554894
355119198
367811241
226706787
757279948
27329171
481353447
498253966
8692872
970251247
802171204
413735622
508215815
235965902
472637686
431163702
232972826
280510192
692692082
943750103
749584215
250769312
220141477
426118314
746434114
695489797
290625816
362519529
637326895
868602888
703457338
463786597
651391884
945961020
462657277
805081974
388427636
662477686
322874802
437468386
608092422
747781333
250006311
323362736
994366499
542219590
170869339
290401784
55921170
413280381
372340775
111184094
614983351
885062780
225019409
188217879
878369925
880937343
790226474
858667730
77710080
615166118
280711054
974753504
340952236
567387842
821526070
267111799
31736202
621354403
855340946
424907558
600478193
673126687
647585160
722301696
723809716
775099779
531045792
322884363
379557206
834268171
280956794
647731754
284148608
472578824
426943009
807285731
976804341
865176077
102056085
863190265
358124024
963321874
992512764
961702168
613539737
416910007
129693921
187698057
635391258
93409373
781555711
43322427
27212209
48763317
654717623
56398563
631355537
931443843
878592203
483678479
250828660
819748242
598324250
196711854
966311072
951129304
571612746
858077811
509484576
978968725
496442344
239644081
301107350
16913073
327946293
242441178
795306940
979181458
141414563
73720251
617654567
238198423
232359192
604857584
836670300
812252645
97549764
14735945
421932876
750048508
160492019
837619885
61165453
356020874
803701749
169532056
565349439
126990970
402446600
740929376
105420317
450896683
376285985
96359656
118034100
335929267
774250779
813248068
672860663
509017576
551963331
202239947
591091791
591091791
983955697
801738726
695504110
987060938
929541822
48334137
424530775
136253279
884184751
694356865
704469448
217944688
790986587
940929129
474054912
841099916
526312599
520873139
381831078
218251525
993415694
39322045
608032817
733405637
641432716
576541448
431000593
894443187
700777863
424379254
209683632
890863578
406724863
34989870
154478068
297327597
592462314
67559790
947782117
553269131
925295979
94698938
919657162
255351536
739567581
335601963
256964730
633443154
879315218
951403612
225755781
694484984
468230889
182721718
456834946
456834946
302403248
8689539
251863489
65785196
240239389
176156351
230667783
477716111
183798252
88431587
740043724
429221759
594663833
778273635
134163699
726081396
857354667
781909748
211588919
999840859
692454073
948216439
535470664
234080177
290633797
671083569
74456609
228981080
326039371
770539051
406816856
849516269
270765511
793218237
705479690
33425045
66078234
87978149
730211533
468664704
158965630
628667703
885635125
470227098
886359356
609937440
512331901
825614663
743319404
303858191
566637413
184858224
674394834
845296965
695805047
573711265
504816358
228127907
777471744
659511086
882792427
806514200
813176931
554197105
765203368
473717845
296650133
570858963
596120459
823898965
773348545
775547321
302957811
303317829
807752153
332807890
466375575
357784112
634813451
761336453
438666049
908833654
436421583
703774675
731933555
839684243
927683257
586789664
179424482
501236179
452702525
191025780
109039640
23354181
97257416
858210729
568645230
125762501
390250759
634467925
861358053
24936536
571396370
483156694
378953777
501237162
52533290
877361864
891378056
48921217
356173073
307546978
41342696
842768218
648981606
390409607
705404706
108846905
435395534
712638513
931691640
122408712
659916814
36429124
856186121
720059770
470601486
185107288
938019460
14218428
36242064
965000821
986605448
936315490
440590758
301853788
266877169
739037312
875312505
928906139
350461755
307702978
662789594
446700344
685237363
789413570
620102679
9398006
509459899
190455128
781890522
656019370
558213995
466737245
495177513
36868370
68834865
224447293
720205511
11243780
345542869
773106966
184278195
698934813
92528865
568179631
615007256
231206124
672967736
861277585
433305305
506216778
815757686
106678472
20400844
926596169
488550606
668583590
167750486
891244702
464852073
388976283
791262764
686266441
886497739
713534197
39632705
76797894
809419058
432401717
185837686
843553688
480032339
563786505
936539271
711660502
195450420
570289970
593071842
65456464
526749788
288865855
638751140
71147405
413500373
742003113
645583341
345360832
663586384
977558549
848048859
732921639
425265084
928052940
590548379
561486271
666425583
440725202
349608082
944388381
200986444
181119958
247495162
948698175
729206123
608721773
810610426
986023048
617080258
354635963
696311746
936948183
587874608
824879664
398241365
568108878
997393216
428671490
672875160
543660870
581892120
140461931
974752405
371102318
570206638
271354930
729173771
911376865
280001734
84438113
225466206
25409179
974102033
786685938
989003742
164704996
242189577
394501510
876291160
464339101
217224785
71557144
185048356
75529902
55777724
877367654
546497689
226709440
140818287
354833056
522647237
450993192
743566906
955312886
973634932
637014004
502777879
517907616
826756943
768324102
652150049
954254920
289128282
183948354
705101887
856735470
489607813
525287585
482113921
360589640
966967377
429671210
592745359
847618925
723672799
573261692
285060811
537553782
732994687
661003847
714295583
416353659
483174007
554148289
149527501
487257344
750322864
845914998
214681911
22392959
344492418
320170785
219377694
68451643
598747356
160603073
174927466
448147810
894179313
983479835
83526171
531309071
802596487
612882581
551968439
927726035
986158371
780660924
331627805
492518675
508235449
153534045
149600607
877185876
926783931
636842553
839010642
651737707
430857568
505752164
608255437
761230692
227394913
523667573
650191104
572620747
332724947
223095653
816224824
606749063
585879107
820504760
793341373
941539651
280754916
313808637
931886115
210539226
861267490
95426495
161113655
199229953
769744421
510293487
747147416
233207949
379724362
221715877
446807927
661387649
513895265
875419219
409159100
490294242
179115892
913118166
254923447
317875912
959831208
81282993
654265404
210850831
883068746
625880100
341783555
269137074
963105408
647360807
186086313
229548899
614576852
274854797
76615796
490398448
803636652
877286494
860524807
998611124
694977855
154942962
449807221
783471602
323362871
236848847
190158730
55177342
729682000
337734212
530646724
700975064
795611671
786730760
258087583
827338798
838281350
825652108
20434758
640422493
43150130
558358070
689550483
678883696
971472208
69623893
275815752
648780311
236319958
312497976
353261381
670405540
303823772
902330730
552450403
178948229
163835982
843503295
238351573
374388608
817174992
399177143
55236426
13633683
443814907
797694656
797694656
563511615
829080001
297491209
738913682
103838054
632975828
451468586
910910882
889439161
321120084
708950514
266529427
286137631
296062722
963168257
980840778
56520413
746328746
514641385
351440451
586755588
921221576
659747948
720599731
416191019
837781877
950412871
799189487
197234395
669881631
537468033
668749073
369718896
884817627
330042720
452161581
804196288
613178338
918645102
612959448
17427506
752920218
999377158
334367059
280091759
407842152
853737703
692741423
537911516
219271741
338409826
478738262
735969646
707620426
628340887
22428093
563993853
34614740
602280453
345525245
63845291
384627279
960003756
630248901
90785280
34815322
431027421
904967047
18117293
691301107
515850279
986064280
311444605
322260666
511176883
236438785
185105267
166903058
764786745
827542961
413544065
895341237
499417876
749859238
40396510
634684048
981118869
841103162
881663832
172487065
762712691
590461307
147213235
662443648
850388201
282042895
714712379
724303306
180183052
191860469
630152774
884623825
762321520
158855019
158855019
838281578
679766329
384165124
529951243
345695348
99117461
293266863
749656359
11612711
63129070
785269908
187093278
561771202
19981550
517116006
500705222
853153420
106888951
823446512
994844133
449322265
501692520
373668029
741224364
983451723
317803203
545219487
300730135
56848054
603336526
77303062
534592253
5467781
944534894
718224507
282278689
50835864
197728292
328135029
767078635
165092808
532586828
388519763
385419106
196993646
778193887
860607737
365881973
643198682
955035278
827636663
805872926
402360181
272097580
848898338
917423603
410865995
983404214
471678363
360894429
909327620
855790071
905098633
864727221
780306532
801191396
766853512
22703227
206780821
682934490
239284956
337132916
955191705
555761187
68443841
226107351
884204499
829787821
624636790
944883735
875901966
776192307
108964022
521551229
284465789
669617840
736985742
225121139
621378480
327411440
835104757
268044749
671728111
900961600
215543658
266984410
507080867
950075444
992929654
187076271
125990158
960304658
802978137
820244500
450368949
139045227
673948542
937956845
969728786
717875613
525191768
800047246
29658165
661251743
186453629
855035786
715190053
84034574
820436267
434733366
569803067
429454671
264210814
66898884
282144672
93771843
638384233
749981367
755636471
589935570
601132160
42174472
707595373
431119990
443849586
60263468
748076734
869613540
510203495
9840535
432558110
236566436
197707150
900668403
375621162
968030121
268230930
628835488
190458116
503083987
831839493
7222902
365780776
631757647
782366621
591510564
567116094
473495948
552832424
924403083
80873460
7394282
893368492
460055085
890974320
881302303
700575648
981760780
119569409
228821836
380022535
721536742
975221976
575899973
280774380
282010116
99508719
707157906
193647706
50791273
510880858
157605296
621658835
968892917
252498524
578885301
752550870
315072297
714605884
712013748
655543062
452154657
976368130
821798683
345000569
845607838
117209345
250659984
299682142
937352335
125530086
722195561
968767489
370782702
970405686
535112677
962474300
366765229
25524097
521526539
681739314
694444685
330944373
182708792
568114639
21124520
533029807
172658408
832064984
317903702
577050368
442085194
303296910
11401421
9936737
74120521
944544678
451194236
5553933
982557881
14637113
148991472
466819377
839080355
33107137
50934248
716867855
803767670
888920557
107485088
354271872
194218178
43783290
403990475
920755075
27705401
515602943
287598626
746031608
869971125
295946184
689447657
550632656
72871969
933976024
94496424
821694033
971333115
191699633
948424314
172443113
843171024
430144437
452981340
72280462
645297533
1906269
41588564
934904616
242589279
614353443
35277464
38138892
909510700
432145176
462430550
351548317
105567089
493180557
757667911
765582999
685371946
530445309
51362076
745203980
367427006
881037937
675849992
928403921
765751809
220372299
3104503
14391569
815335899
290138366
53856671
681510657
88121929
444073265
884644554
209773869
448363973
20239159
537481166
834547816
114155720
765840188
775861844
62278389
447867058
358359159
741247605
983735118
300999334
716843450
567551758
242599915
484008249
175346699
27255742
943154930
398912679
303414538
536211425
889551632
480632088
901743307
17640602
942563260
691695173
413563019
109363227
923801228
12794830
325083241
57785954
57785954
133254960
610160737
908385519
249086916
169041327
577151057
976009649
932671955
521424537
735584562
613353636
623405475
333052454
896551995
769187300
562284926
484714017
244562368
176786522
590853723
891571257
439000353
730982235
720133275
671662101
321860036
248607074
672385571
571111471
652246306
124201915
106473511
291392878
285208260
962453421
517272437
787176905
9896018
999944709
120673535
694615339
815942660
882890741
240904061
811863990
5498307
466021450
829087061
927854620
993617593
510301983
520689312
10169373
758092933
305029349
170545604
457514664
738093304
856777826
545662541
802010323
538404407
476831593
22637562
994185617
275287275
129433960
973625715
63518852
229961371
447197669
695550538
985677745
348792225
20164895
665602134
849939610
548843147
460991565
271316961
347068752
871933454
807815198
797260325
690383910
111944006
967795140
844478427
619763154
946201997
77752599
898468938
588617320
995236855
859029528
643273109
755070492
386050813
925228780
22261870
425113731
46315339
893790722
590419373
523385973
103631952
854532279
877841173
427761194
281561745
262463287
89893811
859096134
30132224
67237214
681701197
557535724
637839250
52323129
316774610
955219123
221227237
296846830
635791333
582672605
32474858
32474858
430643043
124806459
185787629
552900052
953883852
226536014
432218658
31715802
433951534
353087497
392308102
773766865
603881571
527307631
35606015
750638417
558979690
261658805
536713349
223828373
840668841
986533446
237255410
578585851
276477998
114807422
25367567
958093613
415602598
47500078
589418206
770411428
274004656
192415857
886440388
517011359
552104376
152276071
574352310
197648778
282421603
138488025
996586034
601399820
41330865
552484741
136117485
544454965
103760072
350384896
454381411
539681678
486847313
829719120
405004253
366828403
851528061
638049553
678627818
580527571
115825114
599633131
195144319
539851090
243017022
128693167
372235786
251852395
198864943
592514511
99085402
962136521
104419594
212040313
987932660
806380564
704802646
806753759
79499883
958362
644906844
418598395
733955698
306257622
276694897
625369650
192782615
413910075
681540855
733532382
467050470
450712333
986571172
31879730
800618867
351688093
106732827
701934788
847674220
547416985
624628850
679166570
662791098
20319908
324364760
634228475
924481263
113294779
987052153
133338540
965791976
29604103
866381481
327532577
729456976
310217470
992345507
731511919
319677132
715963750
64807779
265192344
416860960
831532640
624815268
995133657
20029512
468722191
236869360
46305071
276855401
517610476
277095629
662836147
990523654
637427397
747577644
119462924
33435597
474657885
105008373
573466038
792455080
457547290
791806104
180425236
626618487
278498658
665006342
413412689
97448024
796453394
149851493
218801167
748777837
784914602
189025622
719781447
549739276
741022006
770669169
196277675
324767743
620290049
859794593
229995703
852157320
839982963
133224817
506407929
397208317
717165695
597164221
306934839
588412947
367731101
844453590
349207136
309735044
208366024
887905125
107377546
274466703
535648895
586505987
977895638
613234769
407682440
954306457
7311193
335835323
208958211
21077483
802026997
986885908
878800942
457355502
610089554
801842978
519029124
438913527
487421137
296495656
804720128
601544304
233005231
156805690
222429822
415947299
144413293
164948330
766093116
804350396
365761758
793139897
991253832
812444529
463291396
888294288
824299070
899712880
798546882
194799988
298601037
426742224
672238416
759957517
632700448
477262826
418089557
232639991
347826748
715025708
198134067
601043698
426625250
946543478
250797499
137427943
119009262
126202381
216463381
38593325
656898047
513239124
170234662
384073762
777538045
886562706
518700361
530820315
613546726
416169651
319524904
806317224
855985452
233505424
29314043
787244745
325585757
194849776
415833870
691462659
365247901
800625076
923185970
582812648
360191079
374742583
319585541
673293890
497856862
520604978
453263861
761372222
742339189
211546535
255707897
342961615
211878395
901128775
878278675
210020703
636637863
948859518
136938011
540832544
446038681
87154430
765764225
496837416
668260301
131653530
131653530
396288604
961116487
221179342
245258018
339173915
93267480
7357127
232082559
591535460
809648352
910500719
884463503
786859058
694054857
887973962
902154542
553038823
938856017
35313298
670933955
343010621
226806220
12579798
498328018
714913383
739370679
726303478
142977251
808743015
881795828
91993886
296641501
145674703
515593907
688845670
431819826
15143808
989765641
558428560
622131104
666402896
443570472
541343534
67366827
299492407
516045192
6241108
312927506
768820092
163697842
755221124
811159428
584528975
353713239
944058396
432797716
593898940
63373401
330084542
417845960
271837341
19130594
379373623
804239009
638117927
75473011
84700130
985837477
533236098
655112625
430120099
59649891
186016600
740950833
537022220
554825738
571884647
15782566
378066879
612367328
737055847
64063047
21860054
746223657
531117565
845385361
434584871
793031978
435076898
756470530
925210525
202686342
689361071
464869097
80199809
800646853
83279518
636696483
941291726
21510638
447054719
267306129
345450015
256152521
684214068
625761223
666425146
238329089
836294796
298767765
310505244
214421798
206585279
853741521
233844215
440472393
262382294
923424217
132257081
560876113
887590829
168695896
354734880
670529989
799137184
107807584
426639307
106361262
472861909
217980837
976037103
501362897
130935626
20634965
785533197
589396821
457702467
380808362
26671638
843800594
427792235
531671795
166042536
628114840
730554418
487628921
80591387
402137338
142895714
543658894
379506297
271977036
952337649
248590919
371083967
265395166
620026724
109651237
463041463
870629698
115976698
129319765
562053076
100384922
526728737
706291249
782122969
88501996
131003163
156688068
924245363
992015746
150612537
660690370
812564167
846709297
277350274
646976994
638068241
36775006
566392241
535134312
911022281
795498390
600198318
295222426
206414386
732559708
110053272
219794306
57750562
351876762
680261791
976005733
573116939
724121347
897070712
591521655
291676885
627160482
413776821
360072067
259528612
131614665
900394373
512882306
890173027
319925913
310161922
677332446
791767944
269044301
291089060
193559992
135366382
460313871
809006698
534451880
350787277
973309072
84066204
699234566
578226385
102564492
21251700
363938101
459252509
957964229
607679001
393778333
922174088
950197654
763404930
420318198
999301481
62902187
381917811
250295514
963491274
592589062
790083848
967623443
653060690
674418820
272925836
167056784
387776213
56903369
86679836
902840120
707281553
40122251
508476209
639587621
938580666
114704044
256406572
108157115
70282241
798233542
817523417
412986274
109928565
846016150
668517077
877070096
636003885
705866198
548805699
326709947
38110046
92517261
142125654
802203684
661630764
234562327
623911489
155991039
924498632
621580308
341763009
810122849
604059330
715726660
498314257
63830989
842509303
853223282
17846010
266202893
864757701
742545473
920352475
873844192
710744918
918616635
39118739
569353583
797468154
721026330
553695975
801812464
274666350
648012258
23534016
728644601
403759957
576281715
402411582
160413156
872633629
848676985
781929466
609922175
32452834
692675762
692675762
908903466
313485646
281806768
746043053
445918258
464486585
430639014
144812142
71875724
953204542
566979101
496893335
125430674
573811065
39996563
156400337
208393371
700549887
301528139
933970989
739406180
206998824
366138786
172475574
410100925
423474294
603132002
21679876
957415687
788244127
578735555
764418559
33805390
313925576
826327602
672760052
393081139
637741509
599027390
673144231
898269518
516049006
271614059
377291134
943353852
948855423
783840281
224529243
931905637
501935993
453597456
212862032
844694950
591056617
963360826
408912662
498202259
636475214
254784091
487245452
391916841
271785886
673437313
683874158
647983189
115515364
471642528
74738454
644236132
31162405
178028651
465627573
193692754
297216586
187384157
571153907
751665206
684321610
519687713
586979264
417647999
652018309
58894105
978248405
458343832
301222240
934375393
777540626
451778349
44609871
94739495
168969831
814091428
29429918
611416380
607883536
332778882
987498754
509037408
840059192
204386908
724847093
911729684
459457289
586804470
464122172
862564335
106077491
872084247
274311204
300446934
93254770
718733811
786704899
3022772
83036050
252786043
312640526
553912391
186005313
947762250
519793327
623044271
475791324
61271667
112467120
110538416
552804665
200430362
188324584
958826688
231826379
702147861
880897171
41322065
542446213
974672662
853175852
62427624
974255693
329904943
522150898
427251850
533028084
694257047
776482330
633878449
947826179
139038354
808534807
40495631
685868338
517758860
249896913
783337176
448196497
874408824
721930227
480161450
949716614
463444441
851294689
488208677
502318204
28343583
118689929
966691363
993177854
773726716
310986054
183180990
334477839
502571788
832484548
200606289
925393882
31960176
822723991
234343998
3895819
593475372
455039700
410545673
995990483
95414054
368502473
685087269
894408303
923332208
131269079
113857276
993911339
385384951
494444953
645987721
658457894
417086308
920079748
611260403
102764060
9408062
422017888
757417902
448378106
171583777
563744006
419386606
209701642
375242361
103831140
379556179
613585683
729217267
663223233
415464534
789072574
534439989
352287766
234516981
281156128
905754030
465077355
897262144
590783614
581154407
407994636
517596016
220611505
104521173
788750222
24154535
169288468
542407760
121202954
703464500
946484186
911716403
148492404
930105995
658574107
301752703
882550499
195273449
230730582
846750427
776530255
366493449
966584313
64463152
558939881
543363885
271179421
672776484
675552578
18481320
874254845
229788054
903734959
667976986
397365449
151733930
989271035
788706857
663457145
302347054
377664422
557231492
758562280
935223676
578704399
475798945
84297006
123895111
934384277
65291152
702086783
128774154
928058058
74358508
709441825
944185991
767713567
777791178
229934000
332065243
106779309
752465019
120186022
418230067
309916164
753887455
52547930
759278272
913992339
262120882
982524023
383638803
548778218
174768782
335427776
76209297
346019454
23199483
478023900
32688123
408473258
631306102
144344722
366532474
607197599
500722534
501208917
587679628
254703558
276745
157760522
742240040
676763732
331243083
939775830
682484078
482931405
213153536
855509504
328229485
518036891
579630760
931723160
227396064
286181103
170704052
538634229
397937296
821784785
466249244
451834008
516241236
103135867
737890481
476971383
867390582
568522555
955812917
138872407
63082453
143115454
931309238
498339025
271998583
753843374
519216219
9316560
529742665
81911094
301480036
939119178
178884455
515760558
873684979
882567709
34668256
640670720
284662160
186124190
299115053
278754422
805454718
37337574
139299000
575485098
880565176
351108244
494265872
993972632
389154821
723933152
467305273
209660743
287396671
557869432
280336389
259463826
920881165
414359102
995205542
137252489
614333154
353063761
223903965
833460171
297844523
947619681
418129825
431637514
107697010
153997146
612366233
775927878
801224360
60381327
294366455
554962196
659709027
821857368
581308435
671507374
197684943
671644864
692627988
80122924
784217907
526053305
641141988
457518058
848586151
4526496
611607869
935089033
704825284
82675154
221226060
531551083
500199633
903570924
834062187
409939115
71063664
691627679
665133508
895851846
746969202
876671330
902546991
991881144
559100014
813366157
791211959
825475732
836821752
570671670
418743789
426895874
490819500
135649767
712798063
255632815
276630867
572540878
191867225
165307325
813514799
781424673
983209222
990221876
211889344
363006835
394431243
136393002
309682543
823775571
815093076
822454874
75904611
852838144
146737299
970965171
682446491
620193935
773671435
69574773
202578579
47209063
60791319
640590143
38483048
541641115
597297171
340529591
200364124
813509385
130778626
251098293
292002217
482143406
265674419
378692987
500078918
393920889
183122724
3167331
949771370
693537532
989382728
90434979
585776753
66028619
352623852
278159062
560261624
988738320
361161037
316359259
613997750
569156102
876239046
435933742
148077692
35054830
240589890
964830977
909454227
6374312
832140645
491493793
272931976
380494344
907800199
419152903
893251967
480243145
169333570
288606119
148059145
164921088
261195709
631541999
272453690
162527368
291959171
155699755
455943208
904535640
360125647
573259735
288050021
712062209
748725127
807726719
900606164
3333482
238203427
776262292
309987268
999435002
785259348
234317749
787820895
903862281
45750258
623455697
472889867
513973019
55890407
662945699
598402431
570595446
784272769
29343041
976010239
860756824
915306899
329987226
384592441
522985514
24700288
992798958
138276969
91692594
483642364
898640010
916273542
959160527
404841846
719101914
904012578
276505560
12969371
386743298
699562536
994868468
884973046
210967444
779484950
948155178
598997945
720354637
762893823
403194597
754119348
711643768
876326410
904718479
92165378
482334967
826209458
915877866
376503627
595930035
561923250
792672085
808664452
616878288
109878310
662746614
995312388
403669905
190291470
451443751
857956176
868487670
849319938
989607544
908079305
94704421
242101904
390337109
177957243
886055591
81840928
637251035
489675619
410329706
428855484
687385091
614638214
324976844
225506407
583395184
12623424
468348671
776677609
484783597
438803757
773655298
550483520
847803558
720569751
391882345
457137388
475965919
692968762
915660986
271004666
930162496
784331700
830726550
704304484
185033254
69909543
47835361
193888150
606620169
304837985
849459011
121696654
522057737
658405958
57126860
77265519
447823583
7731457
119124061
275423032
846326228
140331320
97410521
540036244
760635080
375354647
242681330
887188091
579892334
486547469
754493476
769005188
501915846
26829812
687421117
278866153
6782464
660334402
543556372
266365709
491974727
78425935
972616955
750782369
949128625
939775488
620330133
392696906
926914906
348625502
645162135
69602443
702008230
122854765
761033257
704248616
479839663
417574374
305237507
303390288
303390288
557203154
868416433
348061659
293718335
600929271
621027052
42985767
782950267
844690257
631243717
892077115
360627004
233013809
374955794
650257887
588094846
65805176
992408264
892686349
685700456
642099427
8596633
768768244
9640936
519112191
690445122
75256562
297177707
922479354
519433816
124035467
149227869
433975332
967151274
742603796
202305178
675632639
274433431
163424964
354231226
161292665
299180278
675746759
451694226
862688872
561831424
516670110
936643546
106495766
674216569
616398389
439709159
794829636
490709877
128119651
28652428
382759490
341509236
439929642
635652133
887611922
89773148
293003818
194591048
900892220
772664757
919387924
239184653
140639655
547351726
816254883
3498994
245921277
306077697
841840545
771682765
266884377
399444567
577981404
896144613
700731546
723307587
293463786
682058315
146989151
562659857
868905496
995329468
410910754
779061673
246029686
282719621
385291004
326525677
889089728
28081348
362514684
816708610
603865367
663781475
220181057
540977380
604973453
196596152
151700643
342557004
212413881
17260034
195432372
945713855
950203927
142303998
821052169
809334671
315447617
778616074
190537242
285611656
775632027
907665566
273549601
239031079
784392911
948113603
694410810
240992359
547629763
958504020
310199203
324364060
489424605
177419505
348619472
594623268
73034100
486422407
568042598
958545583
634746215
446777590
997521930
284125289
45728913
470422229
672276774
230933963
546655878
817928956
884958446
239630128
969502642
549475672
452825932
704778671
122395596
288330898
192384132
782955795
157788390
503896791
81411853
678300907
456634400
680124657
496640258
766295583
364871755
879468955
965864791
262073337
731780448
458635940
917175723
674488466
29026346
335964978
111044910
187753666
174454754
558803575
151528005
151528005
768368147
668632314
564206164
766801888
944909071
785468050
886949045
970367033
851254714
205845297
833788548
662842320
420395003
98030089
123773331
719598691
514859555
980809248
401256220
381947708
299788805
877450711
598637452
858876967
234953614
199803083
775779590
839766819
224356415
383123894
157281895
683502540
353125191
870092668
271837017
130421700
73931529
942271229
184627403
496502589
240233376
527583338
863455706
361584919
341447885
681427423
846592179
535213068
592241190
377253234
938936249
62094769
678310907
541429829
173346963
945001998
574046956
437105885
50859349
198213216
61236892
247658822
454714533
45666592
622732833
583810772
284250007
850502184
564811203
232162267
346465893
61473844
296300983
112275290
152156357
803233398
384272836
160812154
551333074
544914497
570018649
28185862
915481795
421115575
832606661
940136699
482492102
224866962
643553541
94100440
454549117
291969582
233172901
305173285
839402303
949990777
91050148
22819634
458204466
928930421
760563745
441075903
647974975
769091500
273975849
268539453
439287550
826991606
472636637
480755746
671861284
193274401
5901207
630599180
675115206
675115206
264543037
269205235
125822549
173224689
686878833
765543207
338359184
1223541
907960677
756790117
264283
761041753
973929577
104933714
39180067
136213346
562908886
609864634
269507152
78009424
37301507
771576314
27780444
327933305
385863667
503737831
448348357
539402241
349517753
762846639
457099733
729255374
730805782
701646365
988153053
726010650
370294469
830544986
479154448
851217201
673676550
529440091
466103390
382391955
511919151
335072695
841370723
150701468
686176595
833438712
434960125
284521053
983241224
188563318
580499779
914703264
260859993
940860332
210581053
345219015
264324640
153142422
917364841
683277732
165468400
470841187
841113395
661543483
304466513
61089173
784633108
643782062
117478499
970117771
513113728
729478417
752920175
152772022
473944215
561243285
864874410
224657460
679041213
220276898
731334448
87714281
298934587
804236598
767227110
558007131
132552913
775369408
318478569
697247568
707855734
159108476
924751929
787085868
204315644
236515746
752262328
645939789
150955207
968816467
564511133
788423255
648210253
117896379
332768983
765668109
701294401
192334898
637850075
462251743
86046551
779154425
464479353
318877268
159573862
645913646
893663265
646111768
214350032
613475573
497269665
698551296
466843308
317158720
351523616
377008955
33891565
712142062
953829884
283616686
756996417
702951089
519309212
481700494
533796439
447549547
89057177
748082925
378246163
874488825
735409513
408179912
279393441
803958060
803958060
350948468
796968004
229633054
392500899
401299353
62880908
656296329
677826765
730935003
79480155
675849194
616767817
132937369
756283725
133840927
691589564
713004350
479452536
653170868
83202133
352060735
414160446
554688039
778677889
937169531
771645496
62545222
296288468
262617898
911335587
169341551
986346511
282439678
59155640
747868501
569625820
37074255
127005359
822280010
553861071
822281700
328897875
678315248
406715542
314879439
951104809
223033561
792197069
158449054
942026610
508266667
140312638
306056114
630332498
874536478
947762081
941901690
101305897
996465304
175148549
417041329
47053986
844459858
625782826
206410780
149644028
450489415
411374658
845916941
223744261
187661815
374220408
514860856
90356136
21193649
328842107
959102780
249349513
690337910
881200174
577659736
826196030
367306644
505969556
568815389
481478816
603964178
525933015
94745926
678993117
271810431
870354641
576563081
293796015
972552807
931683620
698170452
608159081
132896570
330706057
33107379
712242033
297859163
224000535
406250524
859954298
492838652
660448042
70563619
93508294
618951617
789466547
949688678
487948354
114362518
286663469
402541417
877435929
529591995
159073740
425714301
709904454
336756883
659751101
79900035
31237388
760980779
921335239
423576043
959042483
827773154
377031854
906891179
189128837
330281485
269966502
730566832
188096313
789536629
845710985
430104735
741257791
287938587
939623580
986922305
704881875
796550619
988814402
953279646
293272139
472955878
130675497
313605613
13259685
733120109
408571306
142822343
180004317
625355957
202494940
904393689
686239737
712874312
531494722
391267475
29869385
469235438
254974916
465294632
472120226
644255695
746222625
158173623
940931322
30938409
635605259
698273005
500099172
899315224
167749961
264032964
764701010
470289818
911436704
281737609
688741013
524076938
711470933
133386357
93596893
639301534
605857940
18829488
857494558
350607214
117116205
7994005
559421233
106881379
486464657
603218577
994441907
974067709
664246243
507062656
543250298
626365242
733576537
666327503
659009179
79145551
700124837
894120011
305511003
736974711
213846645
660747301
554674698
145323080
876237277
739067807
29629665
518235779
708528843
957997308
208493080
263003060
315786287
962535107
370848634
772600172
768616782
428606283
958467009
147913809
996557882
823975162
997413258
261605626
65801340
482373103
145239530
604499094
631252922
434963947
753388368
694603508
199852213
646346700
896568425
75348163
201625330
931563686
294440915
704898807
656160817
211748979
391689915
1699094
653839168
718621329
812890707
249978425
527875334
389631614
717565992
646320940
766023621
390766987
573715277
416686010
240071075
688664993
24190420
847849424
544179352
882778166
244586280
157122065
641103866
209025296
241512155
768469849
577248842
182150373
853229695
19521923
246978363
276377536
89468713
529264231
781447513
793507832
200395807
148828633
426497905
178370698
712927540
458237293
43217053
730709329
45582032
331618673
826517646
933858313
358588415
441816913
55835607
822710166
546821359
16696926
792116097
257582672
335351101
768388014
306760500
826439462
201373303
260665541
233162923
896602439
696033768
16831339
894202775
61541654
169126944
432315575
227253152
785370136
547078388
518803567
959631090
437845354
25366458
640866212
41371407
399857752
554337518
221134772
684783508
579392528
630527453
49611599
781350110
451395624
77850832
713280366
400174077
830951317
781114371
610752315
896666879
73764347
40040261
468998408
903879278
353499195
854930365
781828182
417266590
856870682
223224778
464391236
995849817
187682553
321514559
669393649
355964867
569024000
974308235
778937724
110872095
483596486
508426665
142887362
583512495
435531432
550316658
55295015
978800758
261009895
917405964
520915918
986129124
623172502
760604624
885007864
243139944
867003643
206121429
875675058
941466292
874134527
17509715
631861597
995510837
144306465
94035524
761929211
993811328
242577126
492105783
750665770
475768627
667353146
383055063
859688335
333391211
130047019
834653384
752559111
280253026
806421313
844575497
480207225
277798009
656611701
801836200
972897141
485281443
811607790
498256362
813085501
783230662
500731118
866135499
699871369
842512802
804110470
836351206
198653118
508291701
313369685
587930776
503273745
886902590
64721466
868644145
718723422
249447790
831627166
917332327
26271016
877301739
714280151
848018503
702325993
282166025
691313636
710185076
492766482
341972138
998799911
849273939
225663051
245096070
68388338
193261165
519933302
290417416
930855211
131016689
357604310
12930329
532705781
97659037
23805212
120144853
66335467
195513768
708472185
831056495
78277680
5906366
487568026
927278159
914265687
742871030
877103924
803079846
464087919
709178092
724188132
564656015
661408692
166589030
627559533
697768955
964957041
676317512
544933237
667673290
591299626
571125496
422304583
198779357
68858557
687838993
362029186
498469888
125999823
254240027
815680998
958488269
629985731
90252681
890652113
508511013
828001150
739153704
110765861
915805557
896698707
336069770
137269800
472974037
265541292
376097143
464839468
206769655
564859396
483203107
707847435
753378191
263457252
566418126
337080837
770643950
247481346
405726179
485283539
431235876
197496118
258020873
131850023
641857962
947183349
765265268
678446280
209080600
354116705
936078800
506518848
703394890
274316778
512060630
158485305
945001580
975537391
113092267
931706378
355193052
823426325
975176757
443522851
16178651
609140656
425676740
49652633
870859403
181964874
998829638
489252313
825092895
529397746
197608490
153710425
801607930
13101399
972529098
465564399
167599416
680576710
988227629
399573852
535505818
267441393
567353214
994734578
772710784
366361608
33806963
843064654
37384661
310140802
342545846
36770769
330301538
761152951
289165169
471682535
31256273
615869629
578001621
100247074
425730546
77412704
860234033
97548911
897971539
973554489
627619897
212249651
377035406
906899205
280582773
481960860
664554580
127025762
634117511
992724482
139835310
43666626
321674271
637713051
533840829
323724417
566221450
296297502
352172945
459593356
904437842
664306826
294242207
163595329
234371066
825137660
72435303
11530642
442611166
556008292
418401106
563511516
914939598
457870861
746264818
991296541
883640756
279484221
56756151
969757963
558853018
945041941
323308614
936747652
312402864
283586350
193323395
922737178
332573948
59394238
511190995
242906936
67141262
109469555
923976572
75501376
546706460
595578368
302850331
265273018
377292311
900086446
547243552
779993925
328206478
66662426
260216054
112132177
363563533
727450143
477832318
57530810
35275968
654977978
285001970
696441812
402390344
876288208
109272287
62014329
598055759
555163208
652282589
347263000
2179356
373234570
962010486
288360810
323714173
864907155
374400414
752035286
562268411
109064821
26408712
745318846
794434179
442671560
95357353
111840219
730899086
838800355
981044475
358770619
367398208
729789091
965824110
929392018
481047732
438631731
968391300
459300233
409104917
420010660
393846580
115000076
664525045
457183501
838670320
152008397
281490626
983202386
323739308
20190636
797455448
91870826
331507054
228932597
611267758
883058805
971308129
692716191
705010398
703015837
408352061
363405088
874315325
73961658
303711898
780524634
882329355
753049413
255299366
882344297
905598581
971729221
477772538
97408005
951306004
282236718
186729914
326613989
262889959
12688845
480596683
964846421
683296386
225248032
28588319
956245762
764078271
755478764
65802705
484557561
583700593
586469548
868288583
232139813
85521925
396345394
648846266
72787347
18077130
179179777
771670083
845698883
657995722
242343930
489238349
429488313
920007079
63936265
978390509
954389935
189811026
853917031
590727808
69192142
921799690
619108394
890084052
567384489
714910150
379375262
972519347
889386558
211302083
6855836
457082796
88151289
353811970
941383919
665872956
962686124
183714942
711489980
63799969
775554437
737528840
667483957
675340214
582628058
175656609
155814025
354671501
408854286
892948025
721985535
546160360
143465771
40700162
40700162
292766854
372422235
57918070
642132058
18898283
108650771
283732188
51391328
15908593
121414631
214481115
544529499
946993641
739107431
602977989
94011782
421808066
522489303
163835808
715184870
328498921
618933615
56570743
691308087
353212418
161838302
467712226
232949542
159811140
884939618
380404768
917578458
927350065
159023052
944781534
501043054
131915868
649108174
732741323
457522865
861899967
253452161
626312455
443275933
908273179
987652992
425824400
732380826
511098000
128383318
914326047
841852365
848911962
364722093
567061389
824204205
863008733
557581667
492263326
687446007
81853727
323640114
391105422
143123012
142157792
697632435
171241922
579488381
549674459
842953930
209064592
430406398
458576684
611808968
581541091
337393516
864607445
456888104
696559269
692010579
918338316
61103786
566443898
965765488
90710235
842165001
991715929
170874929
587051737
578689116
65860415
742173839
694406605
373036
54499838
149807187
935932093
794463988
738640402
869915670
536562527
901130294
24156432
101006856
506753126
201573644
445896137
16197888
99466449
448010509
749849086
683382116
835223558
959919260
137755919
692163517
1795375
770240247
152594715
386120076
390839822
428331285
356184517
334088552
50477853
989464007
593516722
18687093
138114300
809271451
694049784
951541035
198379292
254458165
3622472
921182647
972967882
840843011
500357664
584948538
427899464
857417294
75803232
322643129
375647638
866307175
932556761
605122288
808477191
332215711
355064721
756963653
562159621
88939532
730731262
791424224
665900749
705328766
774211413
686737762
154126304
924666383
178162543
453269879
60570712
671212892
635772906
315160068
520839633
516561219
740492685
104208955
497331
352271938
733703916
534863344
937644985
51937636
167215050
551552930
862318122
409379097
445270388
559907765
218892631
62540850
791575625
951160630
354988714
439505822
572936720
332943033
432504659
211298334
389373615
412864522
926492600
94743038
731487887
186121525
986748871
291680462
406408856
597869875
600606125
132431942
454620792
161556231
317028623
267109823
174757329
160163298
768440408
57659777
828104425
597622657
249396258
620584303
571494903
97914330
425060331
275304164
256985939
572043272
246988676
604728507
979048172
322638160
234515741
937733274
683362014
938078583
476498204
942481091
875677824
780633974
28745067
859796949
611026791
753075972
93603322
636655439
620804306
51558382
704475550
73578179
213257223
561518334
629298693
307096169
570674613
817779817
902790203
159771938
482756771
94751326
358010374
69799605
1263407
323837124
529695673
560415367
284556687
834160321
84513515
639167290
247512393
688325932
788002032
976597074
381070255
1757549
373290322
425822403
610266812
409461899
548271785
819314927
254364176
728785801
81552940
852747399
98320370
400249110
180254197
667786859
196773681
97054266
173183690
478374020
422368071
955714567
315175272
898473612
208401181
828322797
378532153
130238570
40727619
111559966
969311236
536023200
856608560
582786927
668826158
365732961
911195413
465581389
148103040
487859371
705759004
795903818
647861624
406529929
96069079
414897332
2207633
995180289
5696922
72543562
484196619
696347840
441710513
225204265
924871807
291455143
781816793
289463435
313784957
862679492
5887107
876435088
562887275
283553773
906784367
398146618
755072800
711127326
1007626
584830944
442270390
702925232
613571032
449273371
936304588
279453862
781856086
621200133
596865558
817568163
816236035
923151832
895886364
92585286
658340964
972521598
49596152
921004061
340470966
295760202
465569942
35971987
399724571
910064561
467265384
533872451
10777402
49257821
385756508
335534759
410614063
362561312
209036748
268641090
294976469
86835411
343272968
933830665
188998769
383812605
219844927
104436065
163293412
390513433
306995913
751284804
577795185
109879237
871876712
606025540
33835170
66883141
64492111
549813736
353579293
621223368
357093849
480055847
757342021
6917061
354058577
165661955
711444021
962668658
939930444
170174211
108898064
907329330
820636592
159142130
889565712
123198402
113158008
569034814
366034443
261796952
757618089
71529269
351714608
3860018
493319573
300169398
335932169
212479102
645773339
176167200
371891324
794762865
727411299
491391904
219102480
989405789
797897915
759086610
545021180
121610175
609870813
410799436
664109637
428803083
809528067
61952543
899904356
639974548
749453360
776944174
261354934
127137010
407981062
702113375
781974253
624762805
448850966
549282668
345360665
617062672
602866361
863213801
578604847
529039251
47241047
858623382
896049618
962951524
141120568
214767464
717426916
240396993
237576692
106478130
462061889
407781405
538800522
531731569
270247886
816340079
422949144
953384313
589966741
274473139
171584556
550080194
819543340
132559869
840776998
154010816
605876526
90015683
859485584
658368252
76474761
415547661
362376840
730243017
884650614
408091553
618201453
335517869
706778738
806783676
640066266
229241414
824930732
356647496
481187401
409896088
870045005
209838332
604697724
55558325
341674187
84841254
912381500
90319167
394464091
772596592
835937101
633580262
381733852
552220515
447741808
63680334
847853550
209141307
185534622
648133353
890858457
86748254
214661720
185648042
545835767
373036182
495680201
287110328
156544940
285690675
99513555
433161122
636284477
915333287
743099821
813271224
17750662
899457175
200823618
359839570
615944794
400141410
142000355
323768007
651734356
626368461
911817692
54007885
876464105
661096131
218863898
595903656
570856879
17737795
258684502
928831521
479861282
481724307
285578364
750529089
118562321
453647182
224185688
193544139
669844894
362888948
357911056
525485488
734846582
453319466
58532882
201061990
829006408
182038185
499053662
158956258
825752490
385585293
263772641
107065292
663340175
510266686
684070850
81775864
117190274
604988550
611732880
418964058
918386344
382694141
729243070
20465114
886617853
652528502
989216301
494618109
596976829
19623838
149063870
764151676
167222600
508486395
121717568
385673802
220516206
718575634
927690733
665137646
179093470
428633115
700194045
73547458
854834713
15975882
695466453
255079391
143314027
576197790
364096328
44412534
112352424
929886413
667290037
882447003
323291893
389332227
158526241
328307007
986388593
505810309
741755524
91648309
133715516
110075895
846517455
547597172
660916371
799647969
508992642
414683109
535213749
989687776
182938655
176499320
747711646
36101747
161856824
679157194
978279633
732607150
718575417
669756693
842558678
919062541
601370266
85438777
270871365
990095129
501680152
44424374
612295516
39067871
688534040
42389151
367583459
34327431
850718399
883211114
973625359
640703767
939055388
87385360
444777244
956561499
152434925
375029989
115230401
263223162
787980718
353555048
582388843
913445720
286151627
395569311
484294041
845255701
970702310
413061265
188828654
42142441
874639369
868691577
971932313
935123150
123362350
34202429
719632265
176845347
196304588
852323140
571082099
317852404
868719270
582985248
298297648
572780670
232482433
983321607
394292055
475127134
551774752
741823320
483815237
199667465
958332884
265330647
635859876
291514917
989520533
608134002
522701703
65072954
497893309
255809840
308243037
357399812
699253865
73631238
176654597
183581387
248264580
421264142
236393775
340973145
428354577
612585582
526564045
553349109
810559538
209782868
566478278
688911348
912510022
790875727
626969779
352133432
106562218
637784266
421503294
510906938
588956588
270321208
701425592
538126661
954721010
651613995
384608290
749045723
332699541
516428089
326698
348843234
370311519
529975795
404348530
613721759
129395224
930488420
625214889
515232197
163750948
867741507
309212378
544172765
552463570
834296820
383118537
620491129
430051285
825907001
894546940
124169744
36161031
875695097
82499869
762591038
833656200
502102274
918400236
412450195
609869513
592353503
34915145
75423472
561714374
874986817
719115123
51959272
273965019
950993151
732086054
632989808
61272607
591961107
945424309
252747180
588240090
964134588
91516780
161984340
615425219
650756313
430533858
276604772
809999937
333581187
304379749
187958191
230916491
942176316
960507106
887827707
957342578
933310083
152026517
158879851
452123901
371641731
576785646
830121753
254490024
803452044
433973322
365609465
424016310
329493242
208716782
170274878
252815399
269238037
589857506
843714616
304989564
639464491
304194403
151700378
31948872
860749974
755494340
47039169
923532438
553369858
720502925
457998513
698148174
839749392
18453512
359360347
320086735
241204600
60280381
50638848
369074508
305545989
56740652
507495052
483070971
102104098
254936284
322195504
573771635
588208213
683886504
125574420
391624732
865921415
500096620
189940162
354706258
827712975
254038767
819764309
121669787
678920739
44933184
798812616
283657586
117750843
835063766
561478905
202180856
98331199
23703209
88823770
755009551
842236698
571943829
35628425
995209104
888126976
378887474
774244265
23306459
360084997
178129312
57588838
94336852
662830340
23008699
499788099
281009513
841777728
658280171
654314074
964063059
686475779
444408053
90235332
79992914
106781278
117358862
949521652
21428463
768843642
873826068
326117618
315391116
540438957
747447037
174653981
827400820
125613056
1428741
486350780
668509069
697718264
733466257
76692004
274926863
447390363
702894860
913348232
884105299
398379736
766361461
349937340
84954591
140475162
430637497
480378665
537439588
678204075
540609758
40545339
337556272
877313608
184140788
197564131
292215187
65056803
202418589
710720188
441573060
756210033
320173553
35066217
212926219
821231984
670261457
851627815
690096185
253045643
562791148
731822352
523022870
13838218
249755944
979526041
143007353
671134793
961526394
832740681
166895305
191349168
368942523
877161837
698199782
509839782
793347242
31620249
769744866
348155114
332190117
416836217
698294337
657198649
948274611
760141561
150915534
110281810
89253362
246935126
264057461
384975247
386199904
618584411
588790177
191014112
743410645
397918584
540418877
167170296
700102576
497420905
195218628
972486493
432562166
736928385
576688302
353230107
151081750
784755758
891508324
893865324
147592597
514895647
942408284
668148743
167223619
972068803
760531581
858135050
859471420
331366778
994878845
632459164
102437606
563112069
665995033
129384985
277433092
247072647
390690498
733477173
389837577
974207182
925414089
793414624
916525001
402814355
910263576
57309967
960086753
383215618
442651254
112708669
200694519
519447144
262736667
673389497
212688455
289861972
762220671
571955763
544505891
573262796
852446430
700550823
562813761
94071852
830197137
505098554
26063141
251053302
780510665
719906713
80490217
200846826
154863379
195760139
315190768
570775881
215474038
487255552
935156472
458889695
623118941
451104270
620833431
749239111
329006580
131474434
536147720
550726156
744752277
862883629
611958070
674919157
93996159
536157412
489245553
766122853
388201990
605082326
655069607
40286305
488052665
5152514
771577054
538587874
847124908
736537479
843961912
113504809
404216133
816756287
948877188
859700202
929559769
82189191
733429384
598706796
858925556
741552179
682229425
456348275
590085406
291363194
441544342
833546701
293428855
828064908
254858273
302631273
425509407
457994737
35628525
802261092
218118987
163415645
727374878
885487989
48074712
880778623
154871794
232695464
873223626
798664894
63187351
120706003
931145656
21070072
404776247
900130179
79292401
777297873
570339200
260352296
341923617
992348452
724508576
98580558
430182703
200058047
59696106
188159366
128084943
995172012
860533993
516460635
614059387
562297859
594071453
836929748
856167653
940731554
600202626
65379999
624414968
934665248
818073848
133673401
628186256
553051586
694610871
914995914
735869465
278824367
198109620
586267290
983528878
85228501
726255960
820444413
369300327
933067229
41133998
346564672
122767067
394301137
260925284
685757400
719182103
114355686
312601493
890641596
341862230
408665327
242431245
919110872
34009868
87074840
744284135
83649705
768937658
459444495
915672807
515581180
255651653
471646516
267187324
968545308
263105470
305766112
123195401
129319962
868270707
921313915
19094161
334667327
940770396
998208598
733804203
119004776
584546123
418947534
912642305
188145970
64732015
430602078
917515903
984101762
630830339
54228503
483534318
318314380
882399336
109941307
358527230
111595350
676413792
890122093
141473534
398019824
760135427
26027418
242348479
581636638
853231091
897775024
326137355
748613798
78188843
425375801
934261040
511058528
200225931
411932754
328259551
696470265
85110837
402630054
286561881
159514591
262085596
210478672
256106093
625439160
503315160
240085594
979724172
775873775
938217352
961338324
163962225
384866063
204904198
10654936
712668849
961407878
912714741
144730878
848993250
112022550
291372257
426459199
926870923
308547835
212714875
914400987
909352599
867491624
368925555
953545843
754743623
241430313
785245972
493936474
706221404
692499646
461028850
119755915
475032710
916846650
703809041
557339461
904871691
576150015
59095811
210674914
750053564
52825307
133121181
510031530
143134150
970382345
161979056
356612667
204245871
87662741
657762338
163329546
376262740
162534895
539466376
170951967
973804377
211184249
600439326
971557014
79410005
313538660
710609829
678399038
160670093
143245222
793873906
551612321
909477566
276579793
626810507
631696975
672057680
483512779
693949049
711972841
625601560
293591657
634463021
459018459
224630959
378939369
460728190
36534971
606928417
44185217
996542486
841964549
177697283
384055611
861371567
958144112
672151238
717557377
656077586
388271178
976026474
998075806
196862071
372424744
393145766
132839272
876790814
694043394
364706678
281473743
480736969
137980517
308663655
353176734
348187146
133051879
980208427
159623461
789579646
910476174
992254018
166144423
309826218
667616507
977429670
536557562
307567748
651032082
570413935
263752397
138966946
241424208
89912426
978095358
424337904
817971810
859934309
934421735
17082588
944665579
549345324
110610460
988372117
524699417
292429768
926069253
195395006
202512871
569049567
180672881
368680562
126153819
127013646
53762122
488448484
204849832
9825837
602790320
117949346
168354229
261763147
105404509
178493533
195203465
180538166
812525004
405571056
157978862
317546261
114852981
526836629
768693084
929380318
788931633
90420607
795905648
116174804
970108819
443580324
96745548
404648003
489422544
917042240
982259771
994120868
828410095
336607152
84526494
655726281
873914119
71646223
804291949
360918452
392873412
760494018
43869033
595720967
889630430
583703038
429299572
955810653
60126243
594402237
182769222
25245853
994067071
677255938
259699041
484213606
89135109
850865034
566982943
869662430
891227281
246245247
501834562
743379398
693382884
737978748
109135476
440474888
575212900
57956249
856747154
504561870
423900238
958569950
910741091
903594
769910583
302422905
221888057
336506155
17329422
984818479
58436013
672181541
123661539
375818432
95099641
161766198
210157579
551526785
828759763
855976899
425356991
657928320
503948557
456053646
435544407
774386267
80878512
475045056
743131349
823938017
963419500
204921016
712327761
138007962
597435451
158528638
952174133
29952063
554141163
154815172
676797666
795653114
695929008
172979927
647678659
877830059
860858704
709728198
544756444
182573146
854880160
530260087
441917076
226607122
270894899
52995272
627629053
399634689
165039390
582763698
534040825
445403130
326246832
421649253
142857023
257605479
392364134
681913558
217293633
34167566
610121416
105762810
329775934
555339595
397368478
288738345
404483787
143198983
78588714
601418558
670363323
825487393
602669937
167242931
767062562
456922313
134211381
888859069
39849271
347111145
820931699
332981935
640956999
316409066
798745159
692508702
986004133
880700091
872196801
404371334
886424066
455959086
368897012
190227390
911611018
410598647
525968772
768390180
263067036
557244692
207030063
179166561
396416753
95992922
959394396
922028553
230516362
596755605
183788685
760382078
551512770
318515306
844448332
332543827
114499309
259085163
378062689
108094060
224762194
767712137
941580571
813281904
877950422
860723106
942187769
713780249
921336721
59682600
673683696
960624105
624421223
729116508
877701858
538583692
148034697
891207039
121552023
861834212
78024853
625963712
209451870
175158038
53141504
731069673
543164038
827407612
686442541
31883931
427414652
698731334
896680370
888474899
28436909
389934480
712462590
171040284
557493755
255152091
909434281
74221363
166242770
162690070
145707720
916929466
407306122
138503406
855802618
9592468
740918739
990961053
854096888
322198855
189438455
859999157
304997704
705910721
832638579
672617786
666940735
84546500
55869229
179992079
157276
74905323
335856099
178365683
447510195
289034457
494509543
460930125
326495046
588750434
418120691
775943602
805272347
756029217
286983373
483218411
214767419
719273743
519726624
616422465
734369694
933695774
642382241
922508506
894781542
751058120
994658569
955688241
929866964
982541046
79856190
595056426
294680321
446509237
841768527
193754656
404767208
675429111
611497734
246252538
735260955
707109175
832817539
498905057
726952081
803638201
113079570
925489245
342153390
257131164
974363625
931077307
173420006
251669856
943025996
816008012
731569138
522499059
49223652
200505473
268707298
471471206
780992622
798412005
675213236
949735118
649210613
258531589
893528642
485650738
163301347
287975065
561635783
127705228
399998924
482855780
426942337
980866956
800218060
76131381
877826899
647537099
144760025
573469884
821931572
290426264
470384851
118492230
260999399
725098761
909902686
685125601
427494697
812457179
759514448
581572382
875819853
529535848
612955094
936356936
205771545
235845886
527124053
179764271
437173823
840803792
124977273
159550830
81645747
178759632
363318287
697059623
12467442
713016051
672148400
236098567
351439762
768186656
960098002
474232953
393297877
67394446
90318227
16875300
135310266
853858737
40857549
465509405
592838191
996709158
877301284
449152833
254448857
955610703
904875537
706401365
886523071
480459440
338981032
359747098
270899604
625236338
830053858
581329218
848377268
346546462
35082292
778056213
421341667
937661817
713938026
278315428
309434227
952320576
939525649
436059792
55829101
267861005
450008695
180336530
874399655
326277605
869311692
28819301
528245497
952264265
532506144
388040566
853230227
815710041
834675267
548334022
874270373
877662088
773415001
49173562
413655744
478012508
382929586
630764877
453138677
746426905
22879013
866363714
124807473
293784277
991605973
131512547
279885309
920546858
992080296
710449342
220611317
368784063
256488205
163310176
950462156
751970796
371444023
714939369
500263867
506593781
358958246
380598229
66752896
835536178
205061324
25653502
211205
118572283
344456618
595609144
134614200
121688113
938173505
889956093
5077429
954899704
960011925
505543275
256408087
30825935
448771202
997939058
631912978
544786868
58755052
966522749
736357267
647899099
347825702
617320573
844371819
805779203
785207274
418951476
911287097
637862762
944248170
657041954
44281610
380461396
488813113
832507247
2788323
574260613
369593980
234724847
377525427
710881311
547440095
115117470
789601539
727513961
89970971
548072424
545144106
624056220
476762741
972645355
510191407
276556791
66751672
72712608
577530118
653803273
10009593
73392192
631374948
342814898
879509466
479876352
271759459
247052510
86405180
930289229
999320219
212856289
949299374
834762630
110268619
166034494
22461920
777040444
373101244
503023945
775793058
144525078
345320974
911010255
391790106
595457628
354736790
544593583
222597954
377313841
652794263
796469564
732293494
224069158
648024207
607455255
31750269
639393896
573528668
516531759
940853708
310386116
792473125
694298424
372257706
875905105
166645533
714526488
841311779
702483170
572029101
36707030
659165845
81720662
221791623
208719275
8685228
924042590
252150306
813263069
576479188
506031464
771946066
632931686
917593899
362185149
806534956
855186083
742708204
973285193
355567329
455966720
88724135
446449745
901188168
81823751
920444628
427054167
102907602
31852784
168289604
770944707
380168160
553166997
686215940
658964370
464566618
437627332
204604547
582359333
887901054
245939643
251318818
44902754
934539575
62049952
363972846
788884987
40256242
281169867
462940171
372605518
624873328
662108437
577081640
353487340
195892514
971696482
837119176
671193079
83481500
870308503
544451063
196835745
976693099
13761388
662780826
912094770
162752170
339102294
341438460
135729758
224430207
164796365
195500106
309446877
705932552
284245589
789710686
309921683
663647959
206685113
358587963
806065722
977415377
983996631
172680123
217994341
551107082
881351364
198687952
689402470
536058776
611653796
144361708
888112017
199303105
481629959
561719317
594960624
936071551
890834904
446915852
890635874
769939161
932274036
388335281
707966998
540832746
199611863
923885121
495395781
507651409
777511169
348811380
436985889
110347147
309528164
965022121
881851113
411295670
256525219
66109574
970024980
489022151
334201204
963280540
154031118
368605001
657607445
518949020
124266815
834159278
782777424
50386397
858078108
522117366
375244636
195860180
205456816
60222829
285355651
105189883
622041770
972283811
865915998
335548277
858980452
267708111
864632615
808088216
270110234
627079180
405449219
696531472
714424743
730536670
527401584
616694839
964894710
290966906
547592927
465835360
841090362
217307237
528837454
944689922
443728680
364284993
500860576
543233314
46336717
401206080
638888926
229909526
651077848
878019323
347239001
875534420
797890589
63001769
197838815
153743913
568598978
66599489
221115309
958734324
392620394
135581301
885927649
287503251
756059119
44318409
640993568
595744329
179243075
97788140
573090970
118732544
613123385
122034497
767687817
808891031
263343351
470401261
130751897
414520633
476726297
463814172
225346870
307534621
743780053
949848974
612324826
269484993
957631524
374543192
545358346
182004123
604623604
772071882
157480152
62732329
555393752
19216515
540515862
897353406
94028980
759708630
315545141
390050571
844010846
501081683
342559918
181990748
475669800
501770150
499035189
522906544
867618707
813588964
108178796
77161914
455048099
198242740
519552661
346581007
966613487
401617320
869091564
801168465
253858248
758018082
817373543
831554252
338099705
91864343
268926386
47982273
636779907
800394370
783593231
714658546
179245011
940777837
886898729
329167773
205644003
635113497
40247699
320064855
770504306
975845694
385032833
15483870
995738418
134044050
254433977
773725739
822294502
806285640
634013535
780559257
669443138
224515908
270607442
918884792
691797957
255247985
748980117
801077683
882709249
966085725
194981469
248290319
327078934
763387937
127842939
756092773
977956034
228160248
280892067
289266388
302324768
591986879
37933464
127571422
134626396
730800491
65427188
638198677
409494301
35160869
54542461
72909774
29234540
996651708
90021537
206004283
912236432
775719309
980371974
911101546
247280845
756742624
356223928
905287750
275439440
973382337
321628990
425802418
974842602
942910360
308704878
734533236
161640350
272337038
282942441
577700407
645736356
865759672
45283185
82506966
679539959
694715137
561025555
331543848
431541357
19681122
800394189
367729609
998504737
788580309
250269031
777312274
771406494
220401696
571996588
813372213
739147551
813299932
429600568
158041780
438890440
779218243
335368568
720256659
51623664
615339394
457177514
19145320
340944308
295058462
926448835
908216984
240509553
859787326
527607970
937363657
267628589
261818423
94030477
85097977
80566636
354369839
372536087
827336156
591675367
746001331
770594926
980954318
777020365
935366536
238711380
955379094
983206996
841191591
753652813
821323755
507827423
580474601
855032804
625368826
683531512
595284714
706842188
561506393
650733733
71961861
145873716
719253611
620164621
107095299
182703253
63902965
929671116
217026737
609743287
524521586
854160214
693810286
60373446
752612453
115167582
930082893
637446035
192107004
826243256
595109945
300141544
137329421
237274577
108488748
989051876
125678887
888698224
576226392
39673630
238813603
998887266
750126706
91827369
209771731
485461104
97631276
342794642
922292087
833746115
349959988
406174827
234700061
647131815
755494292
694795353
861812973
413182869
140829346
290615296
246412435
116200282
988849116
736323284
751632782
90445911
93724075
57071845
717848210
827707670
962746091
472385118
292496070
396752026
749897156
40797099
918847635
948603156
65044405
850694640
155583185
880127387
91653800
669958125
28985213
460508980
627745417
444089682
627651971
335168076
186473089
731967185
98732470
393429496
107571118
300847470
382077228
585543051
245964903
152147370
193365841
169380080
559463725
211110198
7099889
944224970
998013213
940703780
850521086
595630914
40073310
651718207
698650115
943014947
86866437
183859033
600944284
207520069
118236944
728067811
482127423
755981318
554464230
155081180
562961701
591023433
143759836
549432823
987980997
320443572
520238549
442436144
485620921
772522410
233592592
435355929
507999020
716246031
775179938
968985381
549039026
320172908
250962284
864265148
106301635
622375261
630767987
556237357
803303301
204163114
557006855
974824857
728702348
629939369
627238059
776162895
404058477
972544645
380304449
135231979
921976784
569339264
342766609
582051371
459364239
650626721
505534084
89957240
33754175
232374502
483452840
638829165
140080447
625891960
992055064
722910749
239501885
184132291
260807482
69977171
384544655
384179234
534202222
317328013
486985667
125440154
94917394
290497591
237126092
882526019
11633368
785646682
410586813
402292432
496462626
733121672
141272085
864296990
273954791
21503038
613873029
502954079
42188612
125996096
356211131
515138002
140555010
749200219
179919834
233678579
458486471
488830701
876178353
652855333
202960677
925144120
926439620
934871306
49092119
798924870
334796103
202227223
794671055
485969578
568551586
537957365
855267583
400614310
689760047
661633903
325778748
125833512
71080460
101110098
410136686
663071482
628622638
752122331
600376059
115935878
764347950
64618127
616487724
946384179
544289925
993836209
515578371
929526766
185529582
690755615
481118073
124412885
528644851
528644851
155890145
992106960
150641603
111389678
449247597
848279470
805460944
15586547
465460780
390174361
323537052
206905483
187457614
549564895
642320932
554700814
375214776
572239087
278628357
23900311
77036845
20818550
152991877
356169351
299744697
798835162
318304454
145770293
126127310
958110003
936981610
7967779
963809614
654569136
914880277
368725612
833762024
192542335
844841393
304068500
792972777
367885330
728536697
788364437
81965341
497746713
615741743
521312440
109762283
422251659
642882641
345447892
780493504
767866543
518740715
472412742
339442959
17778993
897461666
274783956
450678551
568680419
955364660
815562311
634222303
872620576
420661398
126742870
479485023
569703649
695619582
897580063
98036197
276836893
618053240
516511944
402087698
717763175
415373804
857609576
706639670
78942704
736065480
871954595
895145929
387674771
162667324
759287384
362977040
797949110
507947758
441594264
505617152
963448210
473640844
726397222
823091247
648863199
221062041
436457520
638400773
983745131
889142497
953180367
194613768
168723087
998126266
782868826
115985178
757921452
46251951
684205544
41065704
645683689
9275703
736213996
20150467
596382590
801242013
835771106
86831781
268085278
711011846
889814663
491086597
150450611
778987846
583944029
828240590
242940513
643037505
85131592
387395562
977063730
51101362
410703802
411194367
346935488
742418002
490081243
862949935
509734186
105848487
377950631
271238605
359894986
359894986
260227852
174833153
20722545
631151379
889766591
856145662
396513832
390740431
370910853
42771851
48556325
636068534
127375729
490620221
121574265
352339547
656415872
49025570
228611843
288463225
645537442
858335644
494290688
198816854
668173292
53415186
861124782
335837330
573149682
161570356
106387526
552242622
142775584
585961241
356794764
253918678
875873279
609853301
434160892
133556097
560951078
305604955
394151584
761420664
508071224
720758935
953223607
993806301
811875765
551492401
343315000
339964222
119020377
951118605
223069698
455120284
128131391
90866893
841799221
204417816
703537983
746990118
359159516
657929413
215219686
571347353
169584883
365206855
509966212
706045722
976485804
941854210
901087044
58390537
148438284
912901837
675624247
417898199
494140295
112446366
698727384
823145198
436548969
860272150
368048285
342409597
898666645
469080707
242868045
69809076
752939440
106160887
254403920
773159055
846256072
725170218
529615442
588903899
96504321
490196511
113953801
370821574
583280572
595743963
222199919
667497038
760224354
218661162
105572579
429954046
71368435
721223220
339383195
169821867
908857420
543228448
655302031
886059319
944847858
664157062
928809223
72549017
393113092
794234570
172284238
573950002
787915856
383769504
963817742
862440960
601434481
485326587
485326587
811925708
306656428
167506550
554588536
209631887
944844548
989618709
975824695
385505625
389392373
12014325
869920528
961955963
771148496
675409411
248642548
287595606
314233046
76873833
436947045
900121940
739837119
772050482
861684564
542743973
594123572
296616815
81029915
940317926
153660609
690290416
305485294
595832440
654225694
329985824
32814471
641108548
572472337
813794882
460169261
571025663
588345381
148150597
504580684
203255342
167351377
663970815
932884020
435426354
986370318
761730528
276198896
183010115
168639535
156892262
517133322
436266724
218328731
712339824
185260124
54375193
42008711
785451807
361067022
212219581
567183882
7721922
428912725
397339417
623299083
452463881
920875545
253288896
687940853
343868409
647046589
234000214
71231161
218302883
93980136
936659946
488398086
138550189
838745113
18364147
429780089
743023050
650270048
230360403
606586002
990763248
565242092
785918709
821535088
565701370
993214171
118533595
377035198
40873608
747116383
599453649
349528570
316444149
242855537
293337794
993205026
89888665
89888665
199969490
75936022
67263124
591287205
395637420
902064132
958557543
237975498
68419603
498959602
154772960
655826583
70003132
22949163
455893080
439921851
911343529
762777138
828521028
212855890
511320775
129990115
209856594
774806059
237023721
237023721
347151147
251032381
952864278
451027475
786773986
318389635
685550409
800301969
453424984
574753271
822656515
380693044
843695377
474255908
24907823
608412008
528742314
500310531
963945224
33406442
429209923
378114145
603999246
749565414
983145726
838073159
367533954
527211898
913996150
931869423
980574038
980574038
573463842
700782607
645901790
312716583
614711179
105117232
914994661
680075572
245834702
830424188
6786619
664918977
433935345
392349092
377194843
564497132
29856552
964135808
110921811
527174051
719815078
655463711
430759644
818199072
327733368
656148734
221355988
26655843
588672196
726924065
185920896
431994462
734396021
667239573
285151184
765979009
339916973
524743494
611449105
987520476
578141106
102943013
792632063
613564044
734245456
753902667
262420710
317597180
526195788
952340957
631846950
803713173
792349287
977334555
590382844
256528057
339103413
599422288
893452292
542602160
858057778
957062746
889539186
70956943
61377320
212500857
764806984
347986488
363864878
669067375
819740830
535067871
768961608
231167527
159918139
947829914
308586066
467140118
535607657
986434913
245649909
960829752
852521927
354621760
200328994
355569689
376453541
380401750
644696396
351595810
951761419
162196898
23403235
435251990
427553965
118993199
549527015
6027798
808806260
525238329
780144660
216309805
871603705
783922091
417554735
53561435
824119686
628168586
499994261
484900617
691241192
926548580
512973939
398851598
877126219
779290766
70995779
366868342
471658353
31103756
474493744
134804599
163266164
446032602
86444575
530009094
574513327
413029413
748850061
728304429
274363804
615852328
199378876
189317245
826334750
304260841
65507315
465794896
707163632
912286198
369583762
453953123
169632173
37672100
122850863
403252171
130802469
406261170
14097098
603789018
234151790
121629941
504526735
303175674
696141137
332881677
679972179
763146862
419842018
648593339
837716094
26858252
85862610
284630717
893086761
146843607
908254517
645714572
422435492
94850013
894465532
768623759
798224582
413427861
316502423
866916727
930179527
71958507
293537708
716089516
453502253
331533217
615834096
225195261
504968819
146049444
162911894
753222425
956381679
836174155
890207039
902082767
197205866
14159011
613158082
765285854
50653751
518265579
627442285
506842753
792133678
472663498
440129032
992450245
710872293
75082173
671046072
440469044
648163384
567812659
114139141
243069349
450444359
225945794
947998770
992241569
156379410
824200902
661195585
142755499
163918792
320939710
679914502
944364905
981058527
922389598
329986376
168952545
664619492
141178985
547219050
812644833
594489264
386425249
706807274
355374634
275464115
668877291
628962370
952594179
550164639
674503435
421731504
558480171
182234514
262523567
806604648
890977911
343474453
628816712
461942166
860150839
492902791
69224847
683089971
945121076
947369530
880997827
358004656
680597304
809444003
16297444
993123436
888797366
97485665
738759845
188650208
748955679
569442762
635957682
903354379
244240420
892730948
652739120
137051830
595748287
464029482
496533298
933748606
307232506
973389385
509997439
116506707
113075609
167235801
843391606
354059081
267717642
605679214
65191579
140014194
457848361
691348811
873140508
938414992
816709399
571948711
10668049
218467543
720759903
738511491
477711725
11346066
752282010
910564054
431783688
932544910
528843071
861185541
360347612
725304357
146704588
415739116
622838289
206292808
246685398
208955424
440874221
151270995
772237499
558234717
338985453
237233642
124639038
713077990
629689408
441276657
778793620
713439312
141182593
264820107
450141168
609387170
24141460
921569116
897787697
204910984
7586231
862199118
450118214
163446152
163446152
335260572
932340607
943920104
669787589
793277713
501109002
666810653
660667059
717659300
299146567
80748681
894331312
288296692
147020271
898611382
656643860
85088058
378757772
116180346
452227351
282107311
614778821
478516786
886596293
453115477
329601984
58261087
656042076
952460750
34236266
133522439
449851701
595720535
519076032
22368383
671062982
623204825
665565920
697788039
695682167
188322243
911947765
764923938
197891854
241816813
982826334
113096166
749415383
648185003
754938110
537084522
977605853
854729706
625447007
997990158
707889496
257874475
497563895
809747360
227882394
443786603
550871816
988421689
343675287
479998309
873028370
383292413
432328486
209444452
717992548
684961049
99090690
803371432
550009129
194414569
120198141
474634877
363807630
974703655
424477926
259233682
49808246
579045942
412848586
800557008
820043005
758837126
152141679
156471400
292991191
386099822
608103743
890609358
915802136
484703330
403428653
921785685
44773634
179038595
504287193
420959768
40964926
113663096
73238805
836742342
511359783
783532102
311006671
738063789
66039161
588554776
811849563
34121716
139901292
151417434
777333577
746177809
781951317
427125434
976562301
170570650
543555302
822763030
163988517
863164501
917670732
461133171
307060091
680628371
751643420
44424999
937982425
995483998
659347174
726288656
989017303
23922507
188155356
996447161
319665313
344456116
804381053
966823222
402568666
181263057
424254623
152332708
466643842
320285205
929998870
226051964
339826931
838320200
206497130
741782965
312614940
130534917
760249417
326139961
638407859
5946408
992031237
208578491
686889752
582415290
934101611
929920802
41665152
825386395
306673499
374194209
904001586
4024120
460463376
344114040
486827671
644239984
947879560
454742911
681880672
102001191
829915716
438597793
182116848
763350284
469355744
451756760
197095419
671481289
465129161
215919889
69158255
920080710
481549890
418461240
489698062
34361181
477525866
894035078
669765742
664372458
878821511
894572138
997681694
554074890
951055075
405619313
877641047
486757341
486757341
880516444
686774478
478534897
790766425
516044360
134309305
399237575
361169247
580905748
104508012
797873050
276865552
929714970
893185365
836183680
161128848
281352896
645983525
243674044
186581178
859948727
280677344
857539721
513591068
991853742
803188494
924392394
224781655
424685443
911816263
887689700
217224190
170576510
478138029
98498271
53402942
706530016
303868231
119032041
667171473
257251055
91587339
388800977
124962608
672879823
236199530
288030842
164526335
228019033
685358501
468555540
545747030
439197882
271729235
716973640
657921173
317582311
217338230
415072423
224334086
224334086
297303095
393551028
385541474
444172496
542963594
223014459
334909060
191854342
576694044
267396968
748340717
649303900
19864988
343458375
231931500
506708530
135252138
432866578
334319768
398701283
335218803
584050589
130867416
499988595
841782167
826243712
956329996
265552540
218550556
929826645
837155792
333539447
968103635
882074352
197856068
255054385
780339128
545034951
892375093
271925083
130181105
210176441
391864445
565888010
298939649
173040858
598123534
742481564
130602810
336925395
637668176
572375833
96922468
113703762
177840640
389249304
46714991
820066178
768839129
411616706
186663519
468899152
508592254
97342422
904880654
471917368
646261313
139948629
416980183
855341232
542094861
138950729
256547076
517056650
142436155
907871181
748107517
886418311
138696366
276902974
105260544
479857243
340096174
772171489
608846161
197009462
195867476
937823139
183440265
685137643
604252005
716843952
910235819
386849595
731564505
347002206
427843696
669189927
606283733
847138634
15691744
125558602
57609393
50324520
730457493
631591120
198310467
776202696
224461928
532261285
622131565
965341236
189287447
574620676
735204798
609796099
549942673
347612775
165137994
863964638
379074083
761903792
390444878
603492676
164468688
239080113
903712990
850804443
485652670
861083700
356931538
512365234
833895120
952556986
686661467
968880640
524824820
535315085
985773619
722534373
934946953
897106138
202807931
915904928
802970173
674071534
344965369
399096773
204903316
200573066
467213022
354771085
51713410
541537326
724424246
987169837
415560774
741880701
187490625
711075297
211019493
154005324
894701604
922296453
575796344
36523293
495026109
258114172
204733262
814997364
743920943
14233920
90923796
294315100
282003861
332865666
448769706
910321835
767866781
854542634
314618388
321008931
777087750
106641728
257014174
561454965
669565878
226569885
869600578
250606929
418814499
937918393
275728063
840084471
702004911
785133496
331632062
388163918
317369134
601563200
415957515
484827964
181803779
433972734
884203504
809457712
916526272
393592124
724315411
37636094
906892903
847311705
436847108
312820190
70439250
600182123
834688559
138935751
769135565
38852322
821251079
771393156
838883325
616134997
921863658
475221325
256060685
524070387
960488909
870057827
281173625
109891350
7740042
180461771
805980230
613906596
94491123
21812291
405403317
784138924
818990754
43145162
539657866
646087072
851640351
313255685
766704041
134437815
593648794
484857663
941033259
362775493
119018282
966839210
435936982
563503406
799205037
231613712
183793889
7228196
937216575
660158965
738640129
976403909
13507927
92505076
39451388
100186750
116512854
949639877
654389147
14661330
886885946
760850108
349368175
435957753
143822099
518862710
993327991
628599592
60726087
776469656
8076205
553629066
299536943
324816151
391718513
848371832
896981993
619037098
427574124
78884874
498962653
669502126
120499408
111894657
373067987
824976912
649592712
602120267
613911714
367442026
840764125
573729962
319601117
664041385
674411058
849545714
318193054
631256832
437434628
269455753
499862884
466117649
483906474
311088672
341847029
177044472
494861129
451468257
225405306
15223879
606244680
228348532
924834778
671455580
219554974
876158563
277618371
568853666
362493566
98137812
156997762
936111809
279906632
568616088
689851124
28035132
671861923
829117124
172483249
626195732
538340511
469936018
924161358
826379049
139022607
973421103
129829316
167673862
742069900
386412833
938544019
574654650
454936957
724715899
907859718
118061341
744602708
792932386
395601440
395601440
455092340
697981595
557818832
571185360
463148060
685160503
66379307
957247576
994218214
576320938
973565740
326802647
98718454
2769927
584805302
585143249
364879994
713018191
267445079
90136595
373850371
423294783
976891536
979852472
480576078
317781937
391176622
706034957
537840008
247436552
135721094
753385745
540844592
108770708
274064187
352044102
765361917
635916397
560378543
935353200
197023233
258511426
762195613
145441747
441871916
207227250
227492429
158546013
25670863
294235897
771913447
782015533
865921579
205334861
721080128
443446268
756470166
931143349
429834568
436445468
85374799
230991011
526659805
925346575
371114060
388170995
914540609
376058080
727041451
774483514
985771625
94530465
205718640
205718640
635726543
440217437
384617185
696174736
785825084
590078144
364351048
857965653
846424862
508682889
185933255
767815201
142331339
655735763
427443150
188961798
442305245
751478077
328241646
712064290
390599986
912321863
516126742
159918916
842624303
694216415
23663829
464514592
483796456
981052923
283624336
209977030
181495425
732160083
645746181
381960280
28218085
773858126
480262930
1739268
502426684
359590169
241047021
328129898
453574731
268613689
510164323
313787999
168039206
267017562
964536723
516013244
211429031
398909721
598843437
16095596
268420764
508909920
625417979
231161109
28501034
753342067
585352678
49993929
279542432
714955819
2921698
230778561
247318366
711957901
274961851
815696011
594847952
554873090
957104563
307311555
294983657
294983657
919629807
523592505
543243794
3589071
753961933
513773792
189900044
28365883
706470441
246504519
629562462
717611705
87921787
806007819
552162954
236599319
77515748
57018947
267718444
781597895
111348005
681239896
687183911
714979753
133970608
604585026
881649169
365375762
850390582
104463050
10234304
31960104
376238261
770931630
380320128
791753078
928847318
335588612
890395620
801263297
184005168
491136570
949073805
349824377
502898943
321611527
260809224
408447767
18318265
607636090
662733628
679954447
928689415
691536931
13602748
569749117
666925055
396958043
229339211
106341084
574849369
100051152
959948410
966127612
320171819
911316540
599056568
682692316
296160091
299162405
45796072
757528502
607923654
248848075
804088204
333275347
818462195
52002195
483502968
549292243
177975616
715433458
148953842
415689484
466579838
358996306
597325990
784281566
471860340
292626932
849030247
581008148
154683359
167927732
919803117
889845858
955315832
675781897
349198221
84039695
233131227
245778176
245778176
742294959
276947753
717267704
60237898
746050047
552351803
795633129
469036718
526841513
938184752
280099097
75823829
387847769
925100047
810656582
380336344
680836967
233524340
251815637
836490242
926406134
591491073
510763265
761092190
521028785
847589171
593185110
351700994
225292322
512209971
736651981
244759061
779335699
392343669
194197611
313014116
458217331
666091377
863397446
12644855
52105426
650664751
539600832
874856174
282650712
433354426
103387674
665587715
58748496
425939886
152247982
135074731
315360995
571284637
475678589
645465008
321373264
40091133
211086705
58058676
329982705
631069821
984129981
914325835
531824247
366181736
964221606
398035444
528453607
293399411
368435648
161872411
659971576
178154482
183105301
759288765
852968158
946231364
707630529
495076313
373434731
545583894
198284184
599711477
773429845
200768763
315407314
43162031
280545396
778381653
253411204
632188185
546443759
939997761
245591400
19866532
319770039
304777091
403705799
554820492
866893642
586844568
641074403
176909647
329283852
446090618
374692340
530201898
71946738
107173743
855526812
712245984
501210456
275003565
321255737
810462198
381536188
591515381
657382129
544895570
947127264
154933006
225498430
777601814
632574847
33247645
459826298
718267584
925574177
153760316
237572095
237956745
300337589
928977419
583658975
66743695
374451619
431533642
511751945
731190932
862304906
204850554
55685678
188214952
991877783
393144304
384136386
525947011
646983779
67123562
724062008
568038769
378155108
780620829
219006507
405578754
420174289
241035582
8394114
828574499
597226824
630886005
928894260
390795011
6026227
43612575
546679921
435262413
142004852
521871846
401531630
501822924
715182447
755931711
483990608
948312542
376701043
559236692
27172283
780401579
66552793
328296867
760401633
397133372
904022592
601802599
871692724
259434953
996915694
935136776
832403535
958795801
380373117
826563982
709879007
35607286
231937203
76708578
4597623
158258706
509549532
967646747
517512096
641494994
125554114
553374836
256565382
115072249
811539077
902159503
662934139
717113472
402068635
139386458
750512610
57855667
657291120
295621812
346265415
654171501
853137395
858379351
873352029
905924123
252267037
997078145
501265100
447314213
238069328
256317292
51147011
510390054
192200856
751116450
644234440
732261247
130533020
372673649
516018650
265589974
607173901
298669485
189924207
154565419
848982073
589553220
877276393
923088301
522003086
276778356
507480324
687932270
303470999
429236501
935037702
640557241
934228853
678715655
27186427
612076302
455616734
103640650
655504361
782487361
789917383
559831689
14834952
695099282
495666336
987679008
1437166
359432469
309953112
584813907
248155598
386590128
211046740
518914616
511304622
534779633
175192528
943600341
867083035
47116114
199096528
243807404
62432289
882006714
54904696
441776945
115179992
6128567
774285388
464312184
379915565
686120233
960745417
837127382
516824423
908361315
527321156
969380894
69688741
917360447
695502512
492777748
524279326
148574630
536692448
117368561
983027821
381770378
497272353
799374398
658193565
765417277
406406825
449016055
6411524
187290769
135469778
926224251
473617337
276252327
366239813
869067366
851059858
576029728
271075403
145462720
984507541
719314621
736935372
819896886
752520857
215319720
47747368
326516649
478537462
583525751
163138921
607354627
49827389
602183373
629874539
375530456
224039901
705086628
455293034
840974684
15610313
244602926
37585700
741143030
255382849
930581669
872395586
390947779
884519660
989933605
968334800
145863789
551322350
392077190
604436854
527471204
871146634
858205460
735674198
183867016
834046028
1035344
861618719
501275393
317582562
49892919
232847939
946538637
177821233
389129417
341053790
139036894
33260074
776868878
60686509
426769304
404204084
936048425
906622897
161929096
996577821
607800786
457730632
948979504
330506757
668297189
676045699
816451638
972021427
856654944
823243902
657586154
745238502
899275326
168789700
150823254
134422671
379854574
901921460
907535048
552141550
262377599
243843370
538391524
798526236
807293776
945676467
931770735
715324568
493088182
844815585
974468883
971809169
588568113
307067970
242804772
722428376
182350782
968103743
850102392
90609322
105735832
923992469
275406801
781293806
861475981
96215012
230196737
988553246
647509408
354551616
125945653
868627908
133494591
466227460
772711278
43323104
625332010
606753207
854922336
378351380
480669788
625755826
887467860
584347921
919207683
289534860
24361880
383314094
20424175
260246074
304700413
241116351
280398190
600006056
484717372
254063399
674176378
520159515
8652916
468571613
532601465
833228791
825073953
581527660
319404841
677893314
760160144
470025409
330219686
762181930
721377491
991012967
778480483
551346266
101473772
347649080
443636510
232986483
782566712
227776360
286815405
913910705
658675551
198135855
327697221
798746348
124685058
42097547
385584608
186171987
569544574
799333281
187892748
925537719
407524226
770100731
465770305
632116606
390960297
597922208
297058288
931027229
71738675
218345848
483522470
678628903
897187360
959954131
836697064
648054672
736760340
197455074
920647066
168027411
783723235
173766086
185708747
634289383
62528058
510286391
495545020
38450095
528832628
520799238
207123219
860754222
58617611
373962626
870902064
342225086
858736749
205086513
4605355
34373373
895854115
895854115
559573417
988949728
63430318
116791662
337059200
396829055
139088620
916093399
773663762
852943189
211611392
408610816
408610816
31108539
887345643
867317151
6660787
935898574
127704700
175459880
661041695
211943579
754347181
345079438
229862900
474860811
844206606
38615094
306265049
252417080
93892338
590189543
316339356
528263508
490733507
611612077
812177225
724615865
25459001
211422146
800288427
80692122
257665486
436941071
359579436
940317241
940317241
730303862
907614144
696147430
398097138
931677366
811327337
585130827
234961834
511986616
858230387
570329540
925425961
645956528
613411653
484820343
658229890
997639146
648406808
875622195
795164177
631274907
426175450
604311088
357314634
533227913
733970538
898783956
883441565
175420566
743141563
13357319
642976708
660132844
770750539
675351870
788074173
260904054
260904054
685865643
521150658
910343617
849029731
851332639
917732279
778810019
198291262
231886278
993947374
311268419
521603271
572125133
588283519
661334793
477125928
93148909
564305247
196393560
216899651
174332860
419613093
29364428
656854672
851479702
917631489
346519352
518423664
857012962
783938181
866275924
580358681
45500194
202356318
877226368
528867700
648814478
202512751
530622717
851740238
643173676
836885834
280340446
861238376
481867993
447584569
502160804
921611683
306373367
460444995
584523130
777649313
666954437
230263290
6631722
884336450
89671183
162314776
389124184
931255342
582175754
869771352
734889642
103318693
18880203
6990781
19584911
930961791
145051682
516601725
316632366
812816557
725266106
207597600
804136610
654477229
832074694
879965031
91280373
842316066
378394589
153933511
689421164
196779847
997098651
101619036
215604752
404677672
782746375
445367500
451602165
716226647
536131108
602483381
879376237
574455045
998814736
179689295
913186504
186592853
327764795
498092840
488111675
175232579
847129592
186209038
241288037
479356325
921249526
587550265
14089683
593602239
99039443
588275443
212902237
831346721
829347817
76862647
193872641
780576742
853174671
382328231
200654142
534736815
153962993
475150921
599246559
580129181
714925497
672261117
552697033
330567234
825412845
298304844
808834536
572761961
100630193
872100294
365150814
563769564
329413624
56589566
401665746
605898805
225114895
397069638
176166566
986299670
701767799
275311760
206719360
322339719
759263406
44283276
142731386
613302418
603704803
610606457
758716617
117608856
998092625
320134622
965597380
9940898
494184665
928433488
342202508
218263369
710174620
1457678
171349075
589128182
271361225
617338951
853938907
435552512
707842053
874379603
528714454
980727797
706112384
963593975
963593975
594056993
967705238
690315343
670695463
672491672
40766820
723935083
164047025
337025294
121453100
143347602
143347602
687956100
36439155
394657392
77531073
663757772
852056429
844175054
321601384
134565309
779225781
370588228
601185074
782295638
178966610
11281581
137836094
645435648
988510408
919357151
695856781
403267335
540631733
233767718
891460242
976342619
675417299
20295837
939625240
146136976
72718452
616215983
425322058
38833113
370795320
41933923
153653246
837372234
172411656
964981298
663253808
804746369
737694997
327077718
99415234
257590632
968482047
315033655
722436978
669200015
214014784
548993147
676233503
385511517
400732311
359778390
166061629
393118233
706478450
738948296
999464412
709965823
650942088
707262961
460365591
434263552
440686245
708200215
111496194
234543943
261541557
728643178
937229782
120919767
227654324
617158483
228556658
672793647
708113796
609795850
62391281
320757299
629498249
219258055
795555498
241296602
79645951
746505621
687415772
54637580
574449977
670242290
468140480
613069057
426238628
119721445
197788604
315916531
575467129
896912525
550994638
921699170
445657690
646876239
531059868
797189843
531020472
221315366
895797023
317318384
789936706
399784203
267782212
999928043
40275493
984524082
464082542
21371556
703744127
260546767
57317195
676557503
321517999
802121130
650464140
856639113
430467223
64606082
146472352
683054790
930328256
859518125
961384868
779714200
768543597
617707776
673493230
882163778
471950155
541928136
483080804
862856343
11595148
538664048
453693995
426527054
914604767
121877293
367232295
360887429
28550516
184649982
839939810
770748301
517144345
385685163
669552562
367918331
921504663
283914057
583502576
545265807
424099414
977385409
656789948
403820905
319361858
780171258
393305011
603734612
164579273
181311186
362824495
549170673
783668067
850515709
226007448
738894973
547019734
8742318
616391501
443988858
424916711
471060093
773013038
750312108
870349426
376855467
168481648
397216677
758985578
48989237
399727457
641002635
233616342
110938294
864015374
44854870
175729883
41371462
142612132
247886344
534576682
519679018
691886263
844347463
605121960
290783847
755276900
866775932
620546707
695938298
140829109
204135431
627900069
811299906
494652632
519988991
573233954
507645040
635754940
776808169
354759040
974096384
753363922
845351331
618993191
229938450
792226208
724896675
951189268
937953682
632767377
250192382
749000980
26777944
386305628
624115040
522131387
366902175
51566999
847826872
803101750
230950329
40668441
760739500
155168526
706695782
103255245
982916870
842750529
856205439
546085768
295521282
433280763
754040272
57021649
544332847
610421387
952395548
89291635
825278085
922189071
469310204
89868613
200328751
799527948
219909113
532867515
298736923
704547094
352178698
194589549
60460415
245074971
177067384
691177453
644288125
887232921
532281311
624605105
642715172
917290200
534497712
487543710
688088418
131342162
563743454
339940476
139157798
142857973
247414278
350999505
194476184
812966057
665647489
673567034
320858507
947070446
957794363
593531741
274886343
88764211
405860738
625545989
862903910
204553235
189636590
647433364
442218115
833204265
276001794
118923480
866256251
410981257
534454225
174526297
496446620
599917670
730811044
133927179
315547660
957352080
200056525
343883611
954258516
332715600
746181924
118028748
872791181
361786020
719100447
33473282
165178207
365064658
925468149
859479108
954070751
908509943
147498886
949631674
338249704
707971610
124758266
796910850
742461105
855317457
292672630
901272011
422264358
958585149
893239552
609059996
995879074
581609835
475275687
982078827
467092095
692851488
804821665
279014333
570182524
47955656
917550408
361295677
227669152
298427443
106519709
204998111
541358995
159376007
16431929
589810536
404201672
447306067
57415668
41060148
358777820
84972581
592189293
231289817
306454082
827800875
34600798
757600994
531857512
269411368
803549696
922693509
628713875
424614885
452948968
73436309
255570409
399628786
474288447
604308225
938066449
585955330
925933888
77113547
99284341
814264516
256041172
914748436
509262216
994289003
11299271
239951355
738792010
972222033
708571807
190878794
441888900
952730684
789026943
714298879
942020865
818803749
249134323
473534647
787366210
169371505
459182833
441865530
157400384
417145513
19501006
966365598
994605487
561118916
665216044
24109494
354449585
467204539
261715895
317705529
781281261
436574307
982158570
211234908
62591376
406788777
582237228
71911807
293007255
613535245
809243461
991980183
285388635
445524278
837176908
482148067
979699191
601239944
763185377
653486549
393433833
239039283
712205202
87473615
554313929
347981285
659878675
175885784
219928646
345079865
527733001
957941325
983692912
729183437
669089630
486305313
653000460
124384703
617846103
737433207
772856474
980981804
597739643
308327543
24145018
590930196
459422114
239851983
271412132
385186375
454216911
572621381
163336857
573376053
823350007
276797126
848173003
751518053
50680031
124075311
750058723
848125323
661837758
738343348
379236789
514611114
895198470
438414203
281786804
244326241
651606213
749867193
785466471
305280440
633114372
939862995
29487766
297500293
432850232
745558671
583557769
302384242
290545523
6529176
996574540
695132902
120579317
861549147
364778680
178313131
306448316
86788677
408672258
896157111
539289514
768711263
341384743
452980844
457164942
101182229
753949056
224154350
440633143
426202187
752374587
523717804
118059228
909775157
105312828
769814852
303507040
399472473
305996604
914176567
844915373
662980582
129848210
975907992
854125031
72685989
823979118
301387565
975876000
171545623
773210390
468472268
778156546
88221725
133968440
936157668
400744612
74287451
557520724
173264762
485530853
860773218
447275727
819728612
947608844
554005526
865064527
170033342
787128027
735606781
335645198
478142859
912282863
698065012
1070116
440132935
448918747
821777043
457797423
735726901
361736101
107874701
963745386
817077651
895142788
934569757
9923357
104273027
762832926
312470613
518638573
323584336
612522271
529861535
704659341
76911332
666628623
50231651
725430139
310325506
325881256
109078708
305530839
209879515
932066330
637833692
511490125
652348011
882881697
769016339
940677596
345974825
128030074
729720978
553687070
463369833
18962245
100141981
394083495
265270886
56435532
604974379
640006100
780572154
813790556
459585641
10865147
239593229
958722036
245502551
986986747
21889621
273815958
418408965
825481565
767825419
684847368
712236975
119872444
362731507
950242622
465053576
874201712
510067301
184299974
675968569
809156687
126451601
976468084
968529957
850339017
122604104
70858406
237407523
660747491
259143210
534087975
554826216
9000508
385917550
719185492
739281397
575408889
546012112
115858879
465249503
272837101
145677986
75955165
432927859
292637231
696007438
138329850
624130821
29776156
135968827
912058064
522705258
555035801
511970627
408199699
736968179
549005785
278461786
525522413
942962253
486157428
252233041
415517290
743328436
802924465
232190971
333970215
968495585
268103595
763275225
487936936
245060086
369138720
499059307
658872134
178777960
735699054
105689594
847253957
660539575
443913411
492955158
9576072
442855341
556802039
94948942
88913593
916524383
259679567
674201628
431131817
645128420
327460517
605855148
469594621
980849917
187099935
518039455
602903182
224345679
41484262
849606729
849606729
744792294
686775293
655352310
814248969
880558166
506065866
295793434
768679681
954348502
84208164
219592562
34408674
192104027
915085823
387513345
726174571
903200379
310834482
575671669
592647083
944164388
466596674
171322453
50832721
847865780
498643592
537819134
42201020
964379452
784009681
120426512
794560924
842028625
829840583
929572670
20245328
592012895
694756150
566159561
101338046
640232527
115538603
72358121
519863465
248103015
514960977
27054651
672874206
969821140
953551976
793615480
287031761
958544570
524011253
884983686
281358705
51492776
433956024
653852471
228145787
156292754
260496925
144576453
376450693
912026647
283986454
283986454
297481995
74067458
295871119
483957116
768106390
311448547
330138246
471322856
768226906
257357383
812113120
782544991
751021567
900457876
24582018
620087495
110445497
923061360
35484055
876052954
169261944
744099651
67727933
423034789
183987698
253037964
153236639
802034863
587711997
871184013
635009881
417762716
272339401
550952461
792154249
555822942
422405437
463974100
368577388
241864294
232311289
555363956
919516548
482647808
181850450
728386720
919793961
3116949
250711325
728659177
672881995
318967159
291288954
295078355
570991186
89449561
988547107
694629227
337156614
667911893
529468786
904423772
494579727
264900919
889869982
340657473
532105634
917464606
172980566
797263431
438295214
455111488
107120345
240402048
271806438
787252739
78106151
273602960
509265033
379173896
879568373
62286899
424162829
703822832
386172398
703594721
291783302
664378790
677682582
171702953
576823108
708268161
603341593
38843061
371797888
509874184
760292735
335335420
943315790
794041467
46997880
883589425
360646866
188981296
127536315
594192280
645511613
100186218
580943667
932198350
804222110
300652103
557446955
105482282
732353425
534912450
423896281
736461345
160332615
695059006
36042118
815293288
574903828
800429946
152823087
553367133
83310306
477756958
536349764
70382606
527166692
195937492
677784062
999264808
186128855
137703197
278016814
350260355
47948842
969166006
925043605
74531488
777763138
29308992
646337288
410094025
683202929
212283643
97242028
169761742
654518935
33239700
621885611
744506328
87362784
59074328
41148180
523421301
285391061
485403779
92758435
931867128
500078837
295786896
150470639
75632267
490357029
156600465
965349484
432004684
824113437
815599321
352633304
611296787
834817145
699420799
776322201
729025651
541269312
283129017
611272475
842938747
3056381
10671567
847848365
491676671
827640059
926501783
179194321
499591274
810851657
776333287
518960552
962451380
943111841
352734651
157463135
169227425
925673369
646647792
147211717
924270351
543039799
272733398
350370657
553293304
991416353
353000114
124711194
816407774
55248619
636746778
246925155
575110269
889635707
864267287
392246244
772069416
192591534
231783719
654538515
406737407
637359211
781551772
572901199
223428856
456718262
451199063
130374393
75666974
417203946
938339991
861943145
85462960
561458793
85370898
540878221
989801859
293231470
494109663
874907138
460803721
444700685
940215191
166700629
975012375
103558213
456764800
463135837
638173144
889161227
4328649
960846561
194082676
490312586
95930341
795150684
371387589
340320010
547169294
67088364
36628235
563146844
53807151
415831076
462109889
518061096
550472671
715325950
409287027
572097359
124908747
572054006
717482116
984403022
61543198
910247009
866765191
879001375
965222220
428156246
450670561
951116218
606050866
611497791
952502631
651985884
36115820
918616946
301643525
883969507
68721696
677762996
752071781
19329519
128574553
228104804
561663611
87830271
205368987
533220285
550474938
347133136
926114000
67462603
602070906
612800216
271010111
21611411
790884896
438477602
893974062
703345878
857965688
73162681
951307884
423232116
840175462
885612886
682878350
61733749
804468859
140781030
442229584
623652772
329328720
52654331
560091203
673945802
209813940
248768078
75611971
816393729
714119570
772886777
16465311
264512981
530653942
688432787
553519769
441499301
782857084
664807529
906785603
852358043
651670900
34183154
833831924
538045395
381350109
731178411
302257301
36339252
504662828
990799223
813635094
803726106
272707060
986033729
257854964
961846561
788711325
14075308
502988465
633132457
917467757
615265962
710017242
302885124
457792850
672133329
249064780
407188339
198468741
722607578
288051689
858410907
381534076
6753072
609474429
807696783
536825092
659401252
986471787
649368449
576896082
509549750
612848723
272548400
552193000
768884814
700284777
248260662
414731645
516827766
409380535
375430761
997404908
102391081
440143875
987613018
212399463
100991084
805908980
264570911
181390556
639813683
673938981
119516250
272802876
789297794
15375871
362663286
138686184
904993878
251026310
841555241
115501107
765182333
410407385
972736069
993954330
781965194
975870784
981262644
186384205
631640251
399741941
473019503
511118509
429147668
473906293
144983929
564963010
607823897
724686735
711052754
88218604
874498490
444489760
141371454
102787891
581638887
378157498
490750040
28347065
199847361
411395362
179109839
14087711
98312061
855473166
923577834
719477758
995066925
447662715
261245084
447810117
306536668
560601781
390280633
251438501
16267828
435789791
807925182
101674212
158562324
908709078
982824962
838009828
34332652
770475032
240443717
59109897
780682478
440528238
657760317
926771925
499586987
911621102
86603148
28778901
139648899
799694290
679895585
499679777
367732994
298338455
521719291
952533162
598911610
640247514
307966805
733231261
255654837
662762029
778641234
64224467
318067192
218137952
611447161
23990288
879206375
46364518
95464173
951612542
394750936
508423367
403620824
416993930
718801701
790907817
51367183
81362100
628188603
685624657
295183425
130281167
947493154
822219499
103983465
156204705
433453606
974011207
794872560
131287789
781869935
786825497
25290854
158523786
855408472
216644249
209900808
180379791
455158169
47883108
834102347
95518267
649195925
71485358
306770580
403795515
637435077
657916078
76771000
289836896
716471026
649240678
658288383
206145681
483438554
338130353
370785259
276260540
644783816
362703398
206596048
201733699
745028458
387373531
854344201
801486595
672903974
170328921
94911913
120577537
356801101
730916127
643390190
840644643
184653646
161768075
301681108
689743977
253227694
130791257
807133663
570958433
241283273
356160814
619608038
397093053
420178330
152456861
486795999
703400729
967048307
959666266
638466452
76173170
206090342
389429972
889964114
56401674
345761561
144206049
570064876
124123385
943824179
81594140
107488050
607252692
714793648
206425173
547068606
849488710
273698645
611156730
475656492
193093814
961874689
778281128
372475588
125977449
606814330
730000230
188109882
563637453
926669526
155774070
260585396
272906929
311889650
492926743
370822625
41917575
853160076
774717459
772925208
827414178
259314585
967486784
407055265
194555521
756018777
204247140
986496268
863699119
604660452
839795005
416019378
111589502
558674793
259633046
520501896
292475270
828530589
694441675
266405414
281319274
412852840
539124558
399136082
827372288
44511983
577937771
888121073
522060241
699816103
634474449
931760168
572901490
867653366
93817282
980103981
919392058
827359193
177644553
715587676
344392765
2794689
830066463
974785418
197567608
272213529
967531968
539363433
158210172
332933135
731834053
178735689
351065934
104784160
456582264
730633052
990932231
368464399
881397322
228889568
696876162
927201640
71649485
211746500
286235778
526298140
361065090
440286157
893631688
218933236
666350607
880336905
263177995
861253206
447515072
888491678
8104757
179088188
917498435
425175242
886477818
942940858
268902342
542855359
685049442
811566733
67485212
757610470
9096383
825448964
113189263
121547943
174005448
587401989
795863005
9416785
268170380
546416610
24041078
282647758
124907969
453065367
631628130
633179345
554212634
889377883
291484047
563051488
421575177
758836972
733966160
963316252
964103378
394144958
152929256
52199404
520387040
947911443
956816690
601231012
223318725
482260351
709364730
487581006
990096462
103900631
807146396
511578632
582548513
348066772
94727344
665747904
462769022
456139908
314649996
49848363
473642194
742335937
346963094
880309875
453031640
988654798
718071842
543222434
982259051
648314596
449516279
930170727
40683431
226300383
480395489
660238223
580427063
234149976
939541402
532882751
282471517
821299157
716415534
835685088
21679669
143201763
411000604
435741710
45328907
754697289
288842794
921720090
783136350
810255192
967069645
625832531
671006112
238966654
914624994
342978677
254200585
963717774
559862179
137298041
622719613
888205207
87228407
173511891
733418801
396910123
674761870
564509568
207957812
849478771
2060684
118422319
180992339
560381749
509455578
434518397
888864667
193120700
927967336
987473666
537583266
778406708
365154742
620815012
819232339
619909496
901006925
814517998
370264390
915082366
455542429
965787826
814537226
621333605
330580077
729499993
950304981
263175355
434070831
155231847
799437086
363076620
968526413
975095993
325755233
117108722
725193391
742203667
87016587
55459879
823002678
401751973
204269398
515477073
620523724
14644823
646177994
820313696
871450154
920607512
529128720
447869710
736808615
395579073
461327199
856986025
837631127
710783964
990607397
790169399
9282640
555398295
975757054
552020101
95913285
784590488
24061087
810507449
930893990
972716238
155717159
871470015
940677344
407185851
709201581
451610236
222355194
531965416
266642205
941680940
535157597
175673610
180343855
987064747
446119768
16638997
251785182
392463214
409260687
617318867
302564248
173032954
184378682
592206876
325749120
149863857
719335816
872377780
302865739
146248552
116950400
963220734
756049674
79743724
945571323
823851473
924860268
556618179
696283653
714273004
646061150
936752348
869667364
333011315
968272723
181826623
989766136
972562104
910037403
597749418
647866841
449785711
241938744
25037716
751841855
274770875
597402422
207386788
469681631
720086939
590663676
151440961
363996591
412749743
910198023
209753494
644914717
569408980
914251434
29751765
488310378
488310378
556760279
44355350
128863255
151878502
329622227
70239941
440322280
806950305
65531187
143104972
544283565
898408007
933136172
264947924
617333275
870231115
362461165
98902158
475046055
100169448
531778803
127590462
857171733
48086210
989078155
718240024
812239772
539054385
281180850
18995849
691221224
274166048
505643442
955766571
165708920
307986569
159793650
140678043
69378194
794922324
427992746
930160634
975907045
559926869
28090829
441369557
560989495
881668025
285687196
686638375
256294076
921701613
923220637
453865900
237818979
384639065
740368316
337592156
599585551
101380772
614250852
185541407
162446159
818791088
399351376
289010211
291380459
240273040
198157372
728888961
5107013
368343464
909267525
658677521
589844455
683862831
75212756
38463927
107854058
142905679
914892667
43020742
961987808
514945105
723196364
656498448
117671200
95752302
382504163
556463753
394546711
167147688
148662318
873880110
13335692
760603318
222357487
752637482
256736639
14540974
674004548
610938766
856647734
79168307
195258334
806343311
247681078
518597307
713509048
177897712
288667118
117090881
706221417
397666115
415144560
280811484
392357245
20174971
910461426
905273094
913886186
756429099
610235703
424723100
498356404
167834758
496303653
958708212
422119583
387910646
11598744
835363816
596302323
174978776
87438038
950082220
927853030
674269208
469900455
166307583
518170534
204000312
312990815
347210303
148176336
361499131
850422385
863886167
581548372
201242338
465007473
141018561
620102826
872098724
857549488
737715000
909958895
173276437
187086099
989706462
712545084
552402320
436545894
47480626
220354288
217352164
139297078
318857810
918118633
523686416
663970295
836092890
534271671
158704462
129775077
123370484
713029213
678924677
266719393
680937622
805386325
917961101
702231013
616812864
850200533
295553403
598175514
978466124
594723918
990208556
280842261
707334791
947151670
424427974
754373899
605720394
854373471
626308829
589124857
80856703
881311380
913520220
733342355
551009694
863926686
565624879
288163451
16326996
677513885
451856445
468696143
619490315
653095318
674561315
846822210
515173016
466535864
171194047
485291164
567541541
855394011
545164452
478570988
771330294
348347792
630302173
235379046
348490536
526140722
310235615
487176413
853242358
549563490
515195746
294874602
325633500
243649083
787275834
109429344
31527113
121469633
306690987
580817444
447914501
183593649
597579668
384349210
488405462
213702238
487351781
397872123
286107320
974237832
955737611
106097256
743773691
852809854
955978713
109146028
559824423
240868190
623909696
450164907
544646755
115371853
15379234
971516020
125239
761405385
876707505
522328916
665106553
134050701
465474397
449001559
722157983
319812063
446182622
614032752
60170436
508930970
359090763
172585807
565400305
202259657
188841881
431482916
815789335
175127821
802878799
800140965
223492498
191595508
911129874
988319430
628228837
173345658
138838215
334563385
765439962
280708306
914219637
764270780
63250180
158027631
618581292
102347394
776511483
268160766
791841442
184944221
347045175
406868767
883623353
739860135
149797756
188570713
290525302
181016868
152357460
64259066
612991697
141571846
719438128
984650156
546114961
400982138
134256896
879523075
815111874
107215304
932793423
887502466
872116665
797382920
906158170
672472178
21579634
695342459
296165180
263787684
624032080
214629833
384488916
176799221
643966246
27882219
439332661
37937
277841561
572108530
336304567
602862793
750538613
683658795
811272351
811272351
202774771
734173671
295592251
758776171
541654716
301207672
424055929
885834635
286436335
949070634
156735555
182407167
577122016
817165376
141902952
262201649
188285473
212865475
653025154
111136600
959758398
685507739
473979430
425509794
257369097
549624054
480661134
590767246
95518692
969485549
545544197
46685007
551737786
484924984
54076586
848038481
894878597
908247685
938372804
497769122
940137446
430259567
613888641
281989933
376666252
269020227
851029520
303027022
779382075
772950747
34853740
936563111
4621020
499700724
694195508
478371306
400807420
882797377
479300640
48001735
542466236
620454364
140014239
662551349
893051307
368699612
721681912
795329372
614968605
987316773
502209779
680755848
994656099
58460382
437906112
713581879
502331679
650543707
233512323
886821930
939828683
423853520
241406220
894227641
221178874
322216816
145790758
140446424
583811105
318124275
554144543
825811054
85567928
503113484
454474055
733045683
795630560
15126568
981740872
888113948
388759042
135123326
480882759
827288524
949405539
762467714
73839917
857556967
581761559
246152145
956185753
855675034
76885216
251890067
307927359
827848395
869298933
807701688
278111296
398107703
620545012
449587023
317133283
55689011
876711994
367807752
222586338
891140418
467828520
503818429
992300609
103413745
618702154
29570028
841985073
789678156
498606261
291259683
855122740
307640340
385754513
913872076
74923068
209502169
615934629
701217091
557562915
561792224
683554234
339473715
827369551
768427153
620242677
118623996
908536277
575688690
289417471
2055944
32355208
826124661
826124661
549031951
781113308
920785881
730699521
43873840
401204712
652018146
633116412
253653417
317369404
911336394
208140008
136612909
421734389
589932632
597045119
787520206
673134944
363048155
496991861
150947595
262352604
962011781
84292976
246150603
662409988
721276804
376802591
412065632
247412379
990164225
641564150
249424600
249424600
36046390
735162783
942822996
990671746
643353287
327558816
117118660
523174666
869424722
753523694
733932124
768287558
541922309
871415742
599674987
457771868
698249823
396467606
289076938
317023079
679775836
571816998
454941053
261969809
255546815
279493716
322228432
163454565
384442838
361648577
79565529
87860195
447834930
664163459
515060209
945309839
321108230
385635211
442941546
248993891
245598488
651548689
632216147
176872918
334950183
112913623
440018776
176023692
433745865
560725709
343162385
260250958
152806947
592136114
537356530
451665828
151723054
944833695
670323088
661717806
713224020
639913737
818858002
796269683
903164860
506800573
677373862
98919157
208180531
242163991
670721305
619724805
705255911
297848733
409166549
995085717
246309325
344816708
476980066
880697758
946883196
298736162
297348236
527266268
688380022
729233766
616118733
579642608
57823604
997547058
912449051
119656772
925013904
779196124
942482429
68042509
197770252
677777985
668906486
254937388
554793375
836576621
376267949
254343773
399708550
125335731
655668301
868758137
989822
63687064
560419677
568342513
334264222
596354169
765459828
490727727
72202476
466408413
797380427
852601284
877527049
224706045
913506477
806957472
647659476
127597104
460197776
48750006
757984893
216781332
60691290
920818562
234120380
838873847
84142542
293778286
497427409
176974392
232018016
945396549
165005861
248198189
835141222
908119625
229340412
441332898
633690826
954793568
364601841
786169995
248250778
857277363
654832510
467361147
43004728
629659014
193818939
197278143
397769573
725830916
313983646
51472821
813373192
78373752
323426575
143365443
810911773
162121263
492665164
396900863
132592277
61928352
538042364
54780253
38836472
939800338
888148911
633804710
48718357
137637979
139650892
90644030
490080006
557107235
494081107
494768016
793554892
971311906
220428655
315125195
282912376
824338375
226423235
349309336
765474776
966270321
463373531
38871312
559086652
324873851
443237431
466945610
705585844
320671220
599888182
882718848
62919009
137962132
433262050
76910371
431044443
250571143
219915287
710261376
87494815
571173226
223009109
444821412
887164893
360592690
998546497
335597572
580229149
99160555
246847691
455803637
514477756
934981244
450487246
279867763
909604367
802211349
922675818
277813628
722387949
669632424
988355919
916247754
306944203
868717402
157536380
953695169
243672142
750985465
260292646
186909724
186909724
39064113
229810689
269808736
699567654
340206282
307249063
859817705
938251408
552863483
771921530
968460322
91515004
160046323
611492934
838911884
995838175
135068745
395031571
738346512
926684815
245483916
875704026
562259584
299861733
257784918
965378120
572104818
29754650
230765112
921777623
899257906
263668992
104328110
398963098
840805917
730663424
558867502
188842114
544445440
385876791
520977315
682391950
889191444
867796809
244220194
39996423
998023092
890589634
253779304
637121334
639968042
114546401
400259529
599829136
196406050
179140744
510208460
606467434
254599645
575828109
465993079
689887027
100585015
189702045
901419195
285846896
355748654
917533188
218094038
232405738
245439542
572967683
249035731
542311224
710403643
401781066
160454352
389499711
400571096
419575454
520199891
942314665
595896598
287554790
591859809
991134939
361689154
163756545
163756545
384839931
84412881
251361790
356978705
199329754
766343759
355254430
319268666
444172159
10832721
301838068
572941481
129702330
325540289
291568340
553384572
659050811
691343686
151204686
582636424
453243622
715088066
922920525
530622329
138846715
367858080
940548410
565069196
745474981
60391364
661375456
127137760
95068597
742343163
509563897
96639501
905561544
704150098
502519589
893772256
515079819
52576681
439117983
54823269
264211656
570740866
357296697
871600896
814354899
96901256
458649201
195939717
448637982
349077354
736882456
919520637
765702728
139659351
644624364
853320770
734128372
171032090
444375800
7096376
53881155
892029150
64980710
711682683
513393127
619938913
67325984
31399684
927620583
53162103
366356290
166516595
615465778
503432081
744173456
739626585
136671111
952274802
755978628
711835981
801076095
883561077
618360115
875224308
735314289
723683985
46172729
698797492
72571755
596648198
799054331
34350662
188738499
440007448
643835631
330137264
331066420
94591709
291606650
35688469
955193351
681763587
101986425
185321383
188152961
191488552
293898943
765677559
595141641
758603570
721535066
90251777
703887393
995022291
225737739
663036511
486553015
894147871
843074806
285286349
291129751
448268569
608020579
114462391
475610512
524532715
128330379
334678581
999487228
307991564
592029791
589460135
586947371
278442272
97000517
423827451
778878884
709800951
832634707
955828475
338161974
99393154
211447099
765297114
274795290
467714018
592777944
562315141
85771240
849861976
618647937
828823575
692390893
999388480
272665752
422507692
457393567
870501907
888691573
465638023
764335902
6577511
115420108
697198644
58471691
573974944
113741052
447614156
217819312
506196041
101367782
822575622
252964733
531896252
406686453
721562593
716269380
553097376
817955839
962054641
623897314
103021444
699797668
109681450
375818391
604757538
301287858
929830865
603814904
676002197
39465967
296182186
246844927
763540907
926143912
495652100
515492881
916188592
543027849
537316679
232137318
862591985
253637912
348263228
770560784
697194703
357974117
207727064
980828065
650125444
126751154
367125794
266487609
447968730
331963709
3775519
326741393
766935212
518452252
527343441
915603522
212722951
902834269
627809657
39215997
118213414
733414343
798107479
742763930
995626313
130003475
975031857
325458609
299683726
570902652
476281095
483657897
300076787
853711731
366303855
478498256
248809557
854856388
795529492
617350531
401811256
196648634
694122768
970520488
609635195
642508995
522189895
242784869
530892566
365476172
25145771
636542373
327988295
964362574
212256727
712609875
527047947
995298364
822671947
429562466
552678332
61541811
995043761
456295063
339520202
97683278
666224543
172888464
975960003
996807846
456829093
777888794
887264904
178762609
877286240
303351073
659470873
667437022
199712278
809683969
438571023
585887133
613818731
890835217
216312072
631830367
883514022
964373583
927669628
135007419
679745053
633572856
990891459
458569085
346801699
105630904
851048067
210749822
596855460
644725800
590897591
90386997
58918771
5866337
878178372
126686440
617507395
699010781
600946463
743371646
136098887
629654041
419094218
344027621
943430901
864185290
283250417
957683885
894112176
597566645
715887845
287113136
468124725
235212802
163788818
393640898
444623165
505987753
397443962
916110751
86375907
60168224
172605191
644333160
130550240
593288444
166736885
38112615
196034338
930240169
362777511
599253332
605934883
831502364
840059899
99053159
935062922
762816395
825681376
369270621
149456877
866604577
503361720
282484228
366690191
254722690
389462499
310061055
735239503
318534878
449630844
496222354
886441392
473046364
843447538
880541940
727834103
867914783
149313482
300521896
449769843
457162270
13865735
674235384
818074282
61755232
409743533
420233436
237102488
601573315
610607668
185889060
517172503
583226937
942617444
222089435
276603943
33215874
629682199
167884423
377882757
349559299
371237647
940902708
495886895
620080474
162075207
962815804
790054487
388047109
895446129
231667120
949387321
218886237
827096790
991531858
212276544
238214696
376218488
697778506
551746965
77639249
548732459
327049393
243225968
796372386
917330008
323648051
435771566
656085504
702321973
784355148
305843752
515311114
356284403
702297930
420803384
170325950
341281
742415614
856985418
14023037
416144589
722157115
652570787
88366519
168635678
893331042
546144919
660674574
857961654
372325461
987748004
965419280
250645736
143751990
52484191
896504656
41879474
453269469
417135615
351357523
488394683
347288120
752690552
921763895
15586643
857935822
166458366
881052428
408492357
614097662
5680565
298041175
184437703
564977942
94623372
102820914
986636446
543427968
327892994
136653573
582417448
966792305
386868881
71831372
627796723
628171383
308164079
746071071
327912828
668241961
83975094
237464717
659343592
17911040
593970343
699295265
10370367
13902577
677697890
235462004
742519218
29181760
786732628
247924594
118716082
402797003
600425167
869058342
683194158
361776709
366747889
35999690
521556502
480741061
664012054
380287503
187113795
362559978
292733903
745688516
183617988
643441571
760370022
137193507
891064452
472801792
817010039
371224623
48192957
48427857
562497971
514977433
275191445
530065756
230764930
121708887
87488979
556017489
51181341
999563742
444215882
629110517
474438980
10074022
253524742
160972645
916182383
353054247
15655126
259869972
188299574
788001105
712701852
111797717
98701678
179665881
564050965
128506822
729082964
660007514
852985721
315873704
653911671
871017581
641508570
422961853
586198276
285175429
521559810
356504865
44313718
294595571
117408408
532563481
867653225
449260089
542211527
929201136
232218993
185344894
685388149
549025212
832547118
909945141
15075864
732057086
537588562
954684671
927368239
751355634
280921888
504280281
190605112
735413175
411517162
864356670
774472089
640739967
486359350
269875282
338397564
704594094
25538874
348572550
6993333
505175402
628623330
534486951
789263489
498233576
675593004
981961629
459670806
332056485
722105372
582709818
856187472
607748054
957266812
400643653
917921767
387290192
292697534
167880322
895444626
625945808
313355626
181180176
655387256
723652023
716414814
126422717
784252887
914586713
914586713
29910040
7332685
45396641
198336183
351668286
329460993
337878467
767056594
249763759
430154739
416296257
57579872
609681410
414119804
345731637
434722234
369101926
600190271
275430460
625547953
382189950
456088447
362505085
470817363
536710236
128623512
979209187
287937857
180234778
498785162
233109905
368967411
710620544
741056941
452085131
517432613
342483216
593185736
535011899
449601544
638261993
168996975
102806162
335801737
247713063
299910988
622582310
926570407
268349142
218918928
97545543
989525502
411170371
161693236
714345049
472597377
282460896
93997384
936449850
584939399
120696320
510024182
267708846
267708846
400645198
255727046
341526922
391013211
772079893
696182786
140725810
61404380
796032478
355983827
153112332
305573275
616603787
172822040
183162219
533509549
591096360
624734741
579946566
450441474
776477275
333191961
970267340
374017648
454143192
386183010
975330865
505327344
683770827
212590849
489729750
528419088
911857964
799109590
156035004
632551031
463179864
898952812
701078412
396394445
100833167
514987592
685841600
249125402
179124343
289207395
636848979
405676030
37883434
569329465
479861714
554540017
394763768
400058781
91992811
800319852
176832469
835748509
950821771
313261342
180378141
934165617
690838402
896873153
396064049
274646854
821845359
864359411
67950065
67950065
942632151
611927463
803559031
983352161
17416560
780782259
594110740
367360681
858308014
406213850
931020998
7702222
503548886
252755650
457136858
419989576
407305401
3013614
222212966
48256087
802860093
507277816
679360469
562637343
953124862
946616519
605794956
477547608
644068572
600587268
512525000
484083292
126712587
88601033
703170222
563349044
635801230
717523100
719723975
445418045
415241499
565298064
158291911
780861004
82378672
638344687
544397334
619184721
261725622
434563430
604917565
140727628
25796853
987223596
808964
811698630
347748075
678648906
574639878
233494901
468822503
727418672
972973519
405419645
679298552
261048437
296125090
73230179
623232047
122185397
293295000
192388518
320911480
174471933
400829185
804755590
802972499
379736286
420593208
164858833
746935083
960952419
379161531
103556226
407114134
379788744
750679442
344061994
228542673
374946942
742158500
636255560
380186898
47838983
275007603
271380214
502268363
731261833
70636355
754691808
462473603
932351731
331494380
958994462
781812020
6632091
326138742
69274063
723488099
473640453
809096884
905496347
234816599
393119800
563901723
223177406
58323550
150484748
748123896
392275171
26386628
987359417
534407822
589512323
872839491
6500660
580284978
940927495
523893300
609997621
983578621
980247269
597755247
591472472
919010405
434958684
383467267
630954199
36727357
829568334
620186439
839356397
217052035
130672305
850045866
309677752
14357290
845287932
404779851
424380940
443181188
439861294
377741777
267331473
981963291
147188521
130046503
915245048
929395145
435612649
26741420
729375606
314410375
630262467
838344922
429311148
272654984
49192048
505934260
174510299
920205036
910812064
662040005
942353624
66027431
997997247
850345871
485020943
323032890
396016
589718394
483528991
944817461
12808270
8674731
760974151
464985117
304544814
32701591
344749208
862030601
170751500
438411624
106211251
632567780
999858764
202763993
280178725
368261135
188018539
172006326
987100368
115302698
752653103
88348096
352625537
909936125
625573433
145496343
215532315
267389862
750682859
535459547
206872518
387533808
256110877
384357887
761667771
582364605
851589520
818576469
165847740
70087045
528749306
56268835
924553498
617007557
282627244
804554307
989513025
122035453
501672577
30969523
124708182
325869566
279090882
50789043
562575265
383713936
300960685
171548613
579597769
302974160
145157805
175842133
806744423
145133876
775882281
48859311
899755824
51237393
937158915
939095945
562346504
691334684
487159977
67658008
155500806
410726578
644781210
656531801
827892518
916431743
489491080
704004051
758628171
488509895
804612834
119446999
183416317
388185609
812407149
937991531
747935300
845414927
337009627
832006783
788860395
521034713
604814424
675590890
6739735
884966026
79874820
398128505
50517269
776523515
161188395
705573662
696729148
751319937
139808678
682999675
438688147
194462298
594142726
586244389
247290734
391104568
75588683
767322544
720062297
623499624
521553184
17238372
549551081
862062427
968426122
685190686
496592659
119284064
252589782
200483191
516055496
56833535
367732780
18070570
509357960
521370745
924767156
563432426
14795537
774767491
135300691
136083029
558659417
100657485
325397096
840254022
431914141
79185293
511961205
545392059
411522987
746762914
84879009
69616281
153058846
670470036
782818016
204353171
419813872
90843996
474199968
189526521
664418601
879627369
978456518
962718867
184662160
630707345
191120624
643409101
629418146
649949311
21173788
357580562
906309609
666315504
666995787
343462852
254213097
794728544
951953790
651052693
652203573
221262368
916778200
243984129
934811704
987959892
271461746
624174779
193432529
602598233
998010890
954115367
283706401
821868590
431040405
590986553
357448139
938218008
170508128
446763378
145979749
519609973
69575707
170493443
957379209
598425807
542289107
702072447
708055058
492942877
404737998
729034275
431130729
14435939
552864399
797884096
412510813
879062271
908977610
546681407
22256448
924504526
777533684
358031897
399486080
121877745
377312565
39257876
674359094
855779918
967910593
232785249
796238514
479646684
789013505
52416206
718329883
295427214
905736863
205444373
638491805
578159940
171884755
162013629
818916337
85258640
989399868
419068199
503923562
77605715
813658391
693076410
183030356
999634433
119593015
248092811
244417000
717624831
739769590
739769590
376349639
454387946
790687581
297757567
341711851
130026057
583717143
639900523
336208411
597575932
984954878
15021822
726714487
367988411
179374592
115829410
591865589
16571016
448677275
481855950
747449593
204780232
610765728
936592133
466637377
40507650
830779673
727974777
238015164
160689663
188791100
913389619
774546301
762981937
936112360
198985313
623548490
223487132
524769779
253191478
728690860
558673618
950668248
29789623
636901052
437480131
754321221
865873696
258960418
296542422
559949026
209664030
593181273
741004305
845337454
22934109
713635433
641917027
223113808
727970282
762180687
363669530
12194596
631175179
295714513
331445405
380875326
596034582
393633526
183707512
460057284
774423790
91633583
573083457
928992315
663854040
236633842
502727489
1928294
206615044
698220984
751688024
336150443
195219291
481218051
419540127
294562830
349444846
352264174
465557382
896066543
341774855
918752977
25892238
710445816
208955433
568233992
624416696
539703134
564820137
150925476
906007555
645515202
358844523
226686322
237904832
302029171
147518568
708987670
520094481
798207696
703899574
196109883
606896269
586648252
434709610
547229405
290691190
898145331
695048853
708862247
297578327
487714253
574400359
682169938
216841582
742668996
941709891
966259270
380713167
685082139
401100980
487531075
461966638
399002467
251298987
393849284
887889600
63232560
975324240
714299725
413262729
983766064
961436910
697808015
181407284
407690752
463273069
725141394
996459194
327512112
449939465
547311762
549737189
535607487
766147648
336821609
210731592
912671969
345472037
163394791
837988908
826502658
243917636
234261783
870275752
852438629
605832
17478155
165608554
271195033
975503278
299334745
915384495
762578234
589091587
347113960
671885885
939200436
996345012
955981072
459271620
335075383
613565058
134062269
855648798
718665101
170022537
270699447
554997730
759081648
644036328
773752051
165031246
93914560
860253148
988269025
379953135
700659494
241708427
254442277
748637149
387318608
746014386
746014386
118208417
619725571
504427503
513321730
804603110
499570692
768976191
755758746
960674943
263936032
346549701
473523193
507089021
283867011
638849529
426669382
890546939
138984735
599242834
911663681
520520988
398702498
751118509
345267840
8458772
36355676
627757886
138903002
450486625
629599875
255081679
804127308
298298030
296488117
564833971
105713417
258273365
853822723
447421991
858885989
226361969
867618239
400419796
215250388
700614582
784824897
644861218
728530994
460580162
191008792
268340472
633524496
923978979
839176364
658297316
870698344
961062826
210687197
858474608
746908258
711925194
769600624
700111571
942483773
286757190
313214539
330107572
272120933
875312040
720277529
891320179
278094156
98201561
369012653
831016241
26521636
846168817
263919686
409548345
564251887
207351176
870498873
361052440
727769299
915791632
406682442
744210546
651541298
443352912
309815790
101077176
896929510
931620515
629954454
906500543
981394833
836886171
588923227
442390985
142713018
101673930
976280325
956198010
975956601
856605274
335768487
281488663
660098782
171548094
806873689
980446246
14009259
498931834
822545514
906303115
875086780
235080051
978186800
217525490
160217715
658087620
336786201
700460274
118883729
68394077
594975893
350171160
995957127
784132517
600306390
690752663
362750519
803529399
976830040
720668507
932285952
675543113
677933337
389767641
255177660
166956450
199625256
425784919
902913382
699542450
21362818
867417673
798546246
936388577
158130883
71443961
469381071
384282618
135414813
196995779
977783916
8621543
65242919
616992394
28052657
27198074
692280931
196806648
513887494
683423669
947287638
661346975
831934929
57430831
77037991
145430032
867783487
661237366
132471283
141711916
700074740
950878037
920726834
421446233
628212456
213956760
738363571
436456651
453738788
15672238
705477060
215107841
901567492
63547115
473073151
525726134
236495098
706303380
158408887
757975823
748558629
889497644
566660320
632098022
556531609
549212206
20387392
830491702
910644169
766537553
418306827
752368209
505520324
775698841
397725888
323256893
336446662
791341323
231240048
977760816
447757330
919375633
698805288
698805288
367720302
748112996
882985840
549452417
507959225
784411746
4155546
376653507
151734766
887941324
421407593
264833989
42028406
648472954
853849249
948054128
870171417
234248480
844102708
814649503
342219041
840474287
400307216
481985649
878731462
700534933
313154791
288114567
908880777
793435535
105212193
878277594
714548666
77336700
989900920
503048182
515472707
783381162
980023074
48534769
217367620
301650885
380892300
462893435
315026108
582871572
865810172
65781170
450184408
355000344
92006985
959972311
614451479
717246726
584217833
849154867
194184000
154812568
781292764
256811753
141405606
76770268
941209287
728510090
427190360
762602138
698490488
621152602
167251886
356297317
857918072
835234672
699674143
633382525
59581713
564922673
692030109
163192264
619879037
60414007
509645809
717511394
70420580
405931069
94011794
310863945
437121609
103732240
570493435
348868045
38870721
906566837
866791343
807877767
491127618
997248475
730623427
317617712
5565734
520477899
873689702
174808110
734616667
575242857
393531462
881316566
746531324
614181517
537659722
295624036
99897263
5218824
560394412
371958193
468636793
92832532
367974790
573016727
804956010
639129491
419034461
81488240
423434533
991891657
369357366
643374565
502823482
28982113
369506945
738675363
640396644
116228895
799401446
202970283
40045668
554009177
320584074
139326186
902399811
443640867
342754100
578185374
834204491
120743026
815287236
545961820
994954084
642525419
293776649
93572129
992516600
612880852
466213696
90624417
679878046
398123979
305193176
325271372
115299043
245725146
632999454
808813120
349086273
675790464
318851915
117941081
839347820
937831492
300310781
993603011
689990156
979336146
972929331
676783053
535874199
167754065
229393441
953862540
505809703
692994135
666071517
816792588
442870595
442870595
684529109
704748691
382091287
938555496
301278424
925235093
89345450
831136329
232740287
978597401
59506474
10722327
818167427
555192166
321373391
204200199
573283154
573283154
696088695
22089892
562921545
184190924
601359101
516941739
721602622
900169939
563301136
222701241
494571172
432300602
68490348
957670699
11365830
547350986
543439777
543439777
253743760
940766639
920620187
746627219
665983848
833653475
918883154
410000304
577828839
963718830
206073975
457264586
752964260
343278328
715803843
855615507
319105854
379622352
748865658
914366456
871833118
241305954
758563058
642615948
291069421
31054449
677129607
135814672
672651994
740772900
303244040
783817852
174148944
596514810
673919721
417676166
231252052
113157463
74903647
478860981
201284520
296048420
243104049
556806906
583637197
101677466
596530231
472355762
148163998
319993869
235614251
854439427
524432022
588751814
508010273
3086599
160448704
869636013
257486916
154789934
395832407
918052474
93359331
618656424
708377189
820819086
979711549
84772455
673058159
202028364
582395893
133290487
555357138
598288798
410278985
698752502
398353634
441339238
703000161
38212505
732835032
956353180
705550355
947514082
505304769
600597967
131715927
87545660
681331131
42165322
559935889
537529187
838446879
723296599
133935690
170098139
188828510
946748112
639523056
617907010
144056097
177018564
559399318
617867739
922725732
55840916
759316572
588935217
826204130
472842409
514888081
78064235
795602280
162642124
16824733
915710382
761394790
288058087
785615848
299840472
760566122
351357975
143807385
284607930
20333160
797514020
372559542
711873050
756529842
968066527
617069287
966185503
283370568
20999887
215928128
261016328
371172948
912142002
552735936
605308895
330581711
701466752
367887134
629385450
149209953
634740132
382577937
659654317
219213729
303062395
158941441
907604517
253923600
220903433
638578608
572245985
355061898
686841488
529889741
421191676
301606378
120974128
606880230
300203797
181755475
645200823
730633071
650677586
590920591
750193316
6788262
736533614
174905425
824660874
543175577
798968905
208235707
684138645
855413735
27675225
796164466
138730463
888059614
298743685
856794336
603906762
945782966
737459718
940970656
557919284
825122935
43107640
19178122
258017181
828673860
489479111
456506454
694631303
396769511
213163641
141466825
338395821
742185940
993215927
255991666
600368951
608159479
653140892
96443496
208398448
769378761
75201607
905861959
315167921
488126255
117342690
839844624
168435013
356053308
732653864
663933343
359472323
71032167
207162715
585227605
396292768
723033197
748968740
685767514
257046242
665226659
241528973
378888811
566265806
834867480
763806655
446429711
450982885
325787988
30011180
646742268
97894815
669708607
210152561
562906177
715715135
693216829
342574090
46306588
440013705
691819388
432284542
225748423
159045181
146625116
758161206
226363503
928964056
928964056
838536803
160938803
473608770
238509346
816265609
714302050
330695413
349182694
17640603
284003943
47854362
448268395
566472146
730289455
267049841
551514071
308175730
354069114
778037100
586070461
618601209
692253704
338970567
6993741
191914706
73602603
812685566
484236908
860373704
123712551
843835576
356975481
931254555
299250573
219161634
428041699
442604475
697751840
478083136
49751582
111111042
851043481
274144105
81140681
34170695
864767548
74098677
602657854
287156406
247063161
134015506
132315060
450923094
528938983
810273446
610879985
205719692
364200193
888672847
741105299
600012429
435602569
118503657
366758306
292705519
412127490
281899047
239710619
656118582
9078427
629977466
345677446
290122582
898314254
83698112
854641208
894784843
327479572
738623953
134637190
728971624
25430541
74142759
332567608
436806483
143204417
485684922
948019765
168878219
231523111
51709091
216442762
472250017
506529420
646136113
344720252
750237114
280211009
733480472
76571675
385739528
34525069
893321876
871932
850725351
609721677
147860835
638900090
721458712
986170248
519921113
591177745
277274432
681055193
